# https://github.com/mikedh/trimesh
v 0.00091070 0.02725512 -0.01218549
v 0.00914649 0.00022979 -0.02984517
v 0.03420333 0.02955468 -0.00506502
v 0.04596431 0.02674343 -0.01099878
v 0.00063640 0.02718841 -0.01176094
v 0.04648154 0.02756086 -0.00816427
v 0.01267659 0.02333466 -0.01885428
v 0.03999624 0.02908917 -0.00685189
v 0.00014569 0.00502159 -0.02870376
v 0.04845866 0.02521127 -0.01234432
v 0.00086500 0.01090211 -0.02776286
v 0.04430272 0.02747428 -0.01015035
v 0.00154737 0.02973760 -0.00394810
v 0.04177792 0.02503588 -0.01604396
v 0.04538736 0.02571419 -0.01354307
v 0.00093959 0.01925769 -0.02284010
v 0.00132798 0.00761841 -0.02900613
v 0.04118969 0.02832003 -0.00921215
v 0.00149512 0.01870394 -0.02344793
v 0.00003247 0.01328622 -0.02581416
v 0.03935331 0.02860469 -0.00876225
v 0.00004426 0.02377102 -0.01665222
v 0.04611180 0.02848236 -0.00460364
v 0.01013667 0.02079194 -0.02162618
v 0.02098769 0.02516085 -0.01633808
v 0.01146770 0.02283804 -0.01945135
v 0.04098878 0.02401592 -0.01772452
v 0.03805839 0.02815073 -0.01027729
v 0.00000000 0.02279314 -0.01784250
v 0.00966714 0.02330783 -0.01888713
v 0.00011293 0.01701323 -0.02362401
v 0.04022080 0.02861195 -0.00862229
v 0.00751116 0.02980970 -0.00336600
v 0.00364368 0.00424162 -0.02969547
v 0.04850318 0.02389173 -0.01456880
v 0.04025125 0.02695856 -0.01288039
v 0.00099291 0.02211315 -0.02012620
v 0.00100507 0.02773622 -0.01119312
v 0.04014882 0.02977862 -0.00238655
v 0.03784619 0.02478058 -0.01689597
v 0.00133358 0.02690448 -0.01324690
v 0.03896698 0.02979267 -0.00285874
v 0.03829720 0.02870234 -0.00860807
v 0.03268009 0.02402146 -0.01797087
v 0.00402336 0.00910548 -0.02858427
v 0.03426052 0.02962138 -0.00471720
v 0.00656074 0.02075236 -0.02166419
v 0.00867578 0.01246777 -0.02728214
v 0.00255521 0.02577325 -0.01535116
v 0.00932159 0.02092149 -0.02150053
v 0.00425366 0.02772722 -0.01144476
v 0.04976219 0.02391845 -0.01357273
v 0.00834438 0.01722063 -0.02456346
v 0.00073505 0.00825026 -0.02856108
v 0.00894776 0.00922992 -0.02854398
v 0.04390841 0.02104345 -0.01695763
v 0.02999206 0.02821292 -0.01019730
v 0.00350951 0.02065110 -0.02175916
v 0.01689211 0.02934476 -0.00620421
v 0.00394342 0.00912688 -0.02857702
v 0.00044329 0.02137307 -0.02023051
v 0.03812239 0.02635687 -0.01429113
v 0.00257625 0.02307019 -0.01917529
v 0.04215374 0.02943921 -0.00382927
v 0.00085352 0.02662113 -0.01343672
v 0.04627660 0.02388956 -0.01595851
v 0.00093885 0.02987452 -0.00012076
v 0.02439300 0.02999252 -0.00035204
v 0.00000000 0.02443238 -0.01549486
v 0.04217329 0.02874393 -0.00737256
v 0.00775982 0.02920983 -0.00683955
v 0.04079961 0.02633859 -0.01402839
v 0.00115436 0.02905600 -0.00730126
v 0.03726015 0.02464668 -0.01709617
v 0.04058253 0.02651490 -0.01372199
v 0.00111097 0.00237587 -0.02984916
v 0.04504448 0.02895181 -0.00310205
v 0.00663523 0.00272334 -0.02987515
v 0.04162930 0.02963381 -0.00254176
v 0.00668210 0.00416767 -0.02970808
v 0.04019535 0.02525793 -0.01600613
v 0.04635893 0.02865575 -0.00271842
v 0.04592478 0.02405810 -0.01606118
v 0.00068384 0.01514636 -0.02551404
v 0.04040026 0.02746259 -0.01174200
v 0.01032590 0.02135629 -0.02106182
v 0.00007637 0.02484786 -0.01509383
v 0.00878414 0.01609425 -0.02531593
v 0.00086704 0.02029689 -0.02186318
v 0.04499405 0.02459321 -0.01567177
v 0.04964107 0.02598279 -0.00016408
v 0.00208926 0.02910401 -0.00725867
v 0.03335701 0.02998306 -0.00037446
v 0.00131703 0.00736084 -0.02907714
v 0.04191516 0.02936782 -0.00453522
v 0.00635377 0.01701516 -0.02470665
v 0.00070993 0.02781599 -0.01040494
v 0.00081958 0.01734434 -0.02422469
v 0.00137757 0.02472365 -0.01697382
v 0.02314905 0.02551634 -0.01577199
v 0.03969180 0.02950097 -0.00485825
v 0.00062589 0.02874025 -0.00714787
v 0.00109128 0.02057657 -0.02174518
v 0.00098513 0.02887898 -0.00771870
v 0.00034719 0.02596967 -0.01364783
v 0.04569594 0.02812158 -0.00691570
v 0.00711834 0.01807308 -0.02394497
v 0.04451166 0.02919439 -0.00182272
v 0.00341541 0.02580857 -0.01529281
v 0.03213317 0.02714670 -0.01276093
v 0.03273802 0.02875262 -0.00854859
v 0.04767682 0.02580492 -0.01178621
v 0.03834723 0.02994210 -0.00088136
v 0.00087809 0.02916406 -0.00628805
v 0.04126725 0.02907067 -0.00646645
v 0.04240688 0.02921692 -0.00506805
v 0.04733819 0.02749591 -0.00734451
v 0.04859521 0.02799078 -0.00178137
v 0.04864102 0.02756001 -0.00502059
v 0.04200119 0.02844924 -0.00854367
v 0.04942657 0.02455227 -0.01286222
v 0.00060342 0.02059591 -0.02125660
v 0.00125674 0.00023629 -0.02998053
v 0.00024423 0.02271498 -0.01841786
v 0.04220370 0.02850705 -0.00827226
v 0.04870981 0.02777467 -0.00362760
v 0.00035284 0.02435582 -0.01637786
v 0.04042744 0.02834021 -0.00940115
v 0.00326359 0.00464522 -0.02963478
v 0.00007214 0.02161351 -0.01941767
v 0.04214603 0.02836248 -0.00875679
v 0.03911563 0.02727636 -0.01233468
v 0.00176357 0.01300955 -0.02702729
v 0.00141333 0.02677973 -0.01351910
v 0.00106818 0.02970682 -0.00363913
v 0.04380869 0.02811690 -0.00869286
v 0.04562530 0.02750299 -0.00914979
v 0.00000000 0.00004934 -0.01841648
v 0.00312204 0.02997879 -0.00104944
v 0.04942185 0.02526210 -0.01139100
v 0.00092869 0.02976767 -0.00245574
v 0.00718541 0.00200394 -0.02993081
v 0.03502293 0.02998099 -0.00033762
v 0.00127850 0.02433508 -0.01751683
v 0.00220167 0.01440431 -0.02631166
v 0.00325338 0.02831956 -0.00989722
v 0.00537436 0.00903522 -0.02860681
v 0.00012556 0.02799520 -0.00801261
v 0.04628511 0.02214803 -0.01595632
v 0.03846959 0.02959990 -0.00458443
v 0.00889716 0.01484182 -0.02606487
v 0.04314804 0.02490409 -0.01588882
v 0.00006429 0.01086261 -0.02695197
v 0.03797249 0.02567586 -0.01546554
v 0.04254305 0.02598219 -0.01426135
v 0.04013185 0.02592692 -0.01486720
v 0.02997069 0.02988733 -0.00255437
v 0.02578037 0.02532139 -0.01608718
v 0.00184606 0.02992285 -0.00201597
v 0.04996298 0.02116740 -0.01341446
v 0.04445643 0.02645111 -0.01249404
v 0.04314746 0.02832858 -0.00838770
v 0.00155704 0.00880157 -0.02868002
v 0.00890701 0.02940876 -0.00590378
v 0.00160904 0.01768374 -0.02422634
v 0.04891491 0.02789760 -0.00131670
v 0.04194846 0.02875219 -0.00743590
v 0.04596859 0.02762045 -0.00856142
v 0.00060658 0.02639637 -0.01338110
v 0.00074488 0.01586540 -0.02515042
v 0.04417749 0.02914600 -0.00334851
v 0.04492949 0.02459530 -0.01569345
v 0.04579862 0.02569009 -0.01335840
v 0.00054461 0.02609504 -0.01384648
v 0.04389900 0.02938337 -0.00069316
v 0.00103049 0.02699974 -0.01288704
v 0.00066813 0.02943935 -0.00363189
v 0.04641476 0.02401965 -0.01586286
v 0.04332550 0.02145618 -0.01718366
v 0.04312705 0.02623268 -0.01360324
v 0.04331063 0.02328415 -0.01718472
v 0.04816045 0.02633291 -0.01007242
v 0.00841296 0.01175851 -0.02759357
v 0.00614009 0.00888594 -0.02865354
v 0.00000000 0.02465339 -0.01494943
v 0.04150129 0.02694524 -0.01261864
v 0.00837047 0.00658145 -0.02926625
v 0.00151559 0.00902802 -0.02860824
v 0.00749772 0.01514063 -0.02589844
v 0.00121281 0.02059577 -0.02177374
v 0.00152881 0.02364811 -0.01844478
v 0.00547294 0.02519538 -0.01628377
v 0.04692733 0.02729845 -0.00858622
v 0.00081017 0.02893030 -0.00711768
v 0.00096585 0.01158245 -0.02755581
v 0.00145349 0.01090482 -0.02793855
v 0.04235248 0.02728760 -0.01164015
v 0.00071610 0.00292670 -0.02956219
v 0.00000000 0.00110047 -0.00032016
v 0.04569404 0.02226616 -0.01626185
v 0.03779083 0.02994522 -0.00097247
v 0.00134363 0.01789215 -0.02407409
v 0.00405742 0.01565681 -0.02558726
v 0.04797601 0.02678808 -0.00903952
v 0.00363423 0.01222338 -0.02739650
v 0.04361178 0.02924414 -0.00355833
v 0.01551210 0.02385728 -0.01818654
v 0.00714668 0.02722231 -0.01260728
v 0.01352914 0.02993673 -0.00179719
v 0.00136339 0.00369005 -0.02976034
v 0.00074780 0.00963862 -0.02813247
v 0.04628272 0.02822126 -0.00582707
v 0.00567305 0.00698821 -0.02917287
v 0.00900294 0.01971403 -0.02260685
v 0.00154409 0.00261365 -0.02987955
v 0.02874183 0.02920577 -0.00685733
v 0.04858844 0.02131218 -0.01450660
v 0.03788817 0.02496800 -0.01660963
v 0.00173102 0.01188896 -0.02754158
v 0.04043041 0.02956870 -0.00414569
v 0.03253984 0.02514367 -0.01636333
v 0.04760042 0.02382309 -0.01520679
v 0.00109684 0.00123566 -0.02991680
v 0.03336471 0.02964770 -0.00456435
v 0.04224262 0.02755452 -0.01103252
v 0.00333998 0.01802889 -0.02397837
v 0.02611421 0.02964344 -0.00460477
v 0.00071556 0.01035018 -0.02784519
v 0.03024024 0.02979511 -0.00349583
v 0.00335747 0.02684765 -0.01338622
v 0.04227927 0.02483548 -0.01625226
v 0.04858571 0.02735524 -0.00625021
v 0.04547173 0.02434662 -0.01584391
v 0.00969527 0.02008510 -0.02228233
v 0.00446572 0.00562799 -0.02946712
v 0.03796302 0.02398240 -0.01799266
v 0.00082734 0.00506988 -0.02936439
v 0.04380688 0.02927525 -0.00277594
v 0.04615939 0.02445927 -0.01528192
v 0.04376349 0.02732794 -0.01093531
v 0.00139438 0.02929165 -0.00644501
v 0.00000000 0.02407652 -0.01493896
v 0.04496062 0.02117098 -0.01654763
v 0.00003031 0.02692727 -0.01081892
v 0.04205859 0.02719978 -0.01192835
v 0.04992835 0.02579621 -0.00178482
v 0.04031704 0.02639622 -0.01401983
v 0.02815467 0.02978800 -0.00355177
v 0.00087462 0.02251534 -0.01957146
v 0.00135701 0.00586427 -0.02941798
v 0.03383340 0.02987638 -0.00266495
v 0.00044285 0.02935220 -0.00221425
v 0.03236577 0.02982859 -0.00318278
v 0.04287967 0.02938226 -0.00351209
v 0.03356099 0.02907210 -0.00735219
v 0.04036366 0.02774575 -0.01105891
v 0.02760986 0.02999945 -0.00002693
v 0.02009194 0.02984443 -0.00302956
v 0.00800927 0.00544528 -0.02950128
v 0.03872256 0.02933755 -0.00592561
v 0.04804882 0.02364159 -0.01492412
v 0.00030970 0.02367622 -0.01725490
v 0.04653534 0.02870986 -0.00143642
v 0.00098526 0.02284815 -0.01927541
v 0.00129364 0.02962280 -0.00463993
v 0.00524697 0.02970203 -0.00421539
v 0.04567297 0.02891772 -0.00168483
v 0.01413530 0.02516995 -0.01632389
v 0.00709043 0.00224720 -0.02991343
v 0.03679434 0.02983281 -0.00293032
v 0.00005603 0.02902332 -0.00089293
v 0.00173433 0.01216911 -0.02742072
v 0.04552768 0.02127068 -0.01632667
v 0.04860529 0.02796982 -0.00196528
v 0.00000000 0.00468997 -0.02783276
v 0.00018944 0.02269325 -0.01835748
v 0.00161827 0.00099656 -0.02997553
v 0.01173089 0.02901823 -0.00757234
v 0.04972793 0.02755769 -0.00126892
v 0.02521811 0.02824885 -0.01009858
v 0.00340323 0.00882162 -0.02867373
v 0.03269228 0.02989839 -0.00225455
v 0.00121072 0.02846257 -0.00938458
v 0.04817586 0.02662489 -0.00927932
v 0.04019906 0.02986958 -0.00046110
v 0.02837455 0.02816550 -0.01032115
v 0.04632172 0.02853137 -0.00400656
v 0.00000000 0.02855066 -0.00472838
v 0.04413177 0.02836761 -0.00745729
v 0.04027428 0.02958432 -0.00407827
v 0.04389998 0.02501323 -0.01544265
v 0.04268886 0.02952354 -0.00244933
v 0.00038441 0.02807586 -0.00863451
v 0.04395708 0.02935712 -0.00146486
v 0.04602985 0.02103855 -0.01608343
v 0.04819267 0.02200297 -0.01481889
v 0.04832150 0.02518201 -0.01252586
v 0.00276134 0.01160612 -0.02766338
v 0.04300740 0.02770280 -0.01033334
v 0.03499531 0.02531675 -0.01608880
v 0.03791807 0.02904609 -0.00733990
v 0.00173165 0.02571832 -0.01543945
v 0.03501501 0.02502209 -0.01654169
v 0.00088484 0.02256791 -0.01951933
v 0.00102339 0.01216418 -0.02732581
v 0.02143026 0.02725937 -0.01252674
v 0.04367774 0.02377521 -0.01704158
v 0.04018900 0.02801776 -0.01040130
v 0.00069838 0.00586039 -0.02910197
v 0.00117122 0.02578002 -0.01528037
v 0.00483645 0.02878355 -0.00844998
v 0.01378053 0.02344201 -0.01871945
v 0.03247494 0.02525771 -0.01618672
v 0.03979874 0.02531408 -0.01594944
v 0.00894715 0.01391435 -0.02655938
v 0.04755364 0.02627076 -0.01084112
v 0.03858762 0.02736197 -0.01218246
v 0.00804051 0.00678223 -0.02922222
v 0.00041773 0.02874541 -0.00623815
v 0.03951636 0.02801199 -0.01050599
v 0.00094200 0.01539979 -0.02560539
v 0.03359909 0.02511051 -0.01641220
v 0.00182328 0.02005965 -0.02229982
v 0.00731400 0.00278955 -0.02986963
v 0.00024811 0.02822863 -0.00764817
v 0.04808923 0.02320360 -0.01489785
v 0.04827260 0.02100000 -0.01472092
v 0.04998298 0.02189265 -0.01131494
v 0.00846983 0.01944753 -0.02283878
v 0.04203816 0.02969017 -0.00016161
v 0.00000000 0.01005312 -0.02696363
v 0.03882355 0.02407000 -0.01787498
v 0.00604096 0.02829976 -0.00995426
v 0.03346697 0.02703335 -0.01299737
v 0.00396974 0.02820545 -0.01021580
v 0.03457528 0.02869986 -0.00870891
v 0.00035527 0.01658962 -0.02420847
v 0.04924083 0.02114134 -0.01398825
v 0.03968070 0.02718050 -0.01248365
v 0.04725114 0.02522294 -0.01332815
v 0.04586918 0.02356548 -0.01617447
v 0.02533990 0.02531011 -0.01610489
v 0.03001025 0.02824473 -0.01010865
v 0.01417669 0.02953543 -0.00524107
v 0.03335093 0.02985133 -0.00296264
v 0.00007962 0.00649587 -0.02833369
v 0.00120143 0.01767836 -0.02420082
v 0.00133194 0.01687912 -0.02479188
v 0.04989452 0.02686801 -0.00590249
v 0.00121606 0.02659754 -0.01382742
v 0.00104254 0.02603830 -0.01473756
v 0.03373859 0.02967355 -0.00436131
v 0.01274013 0.02309565 -0.01914589
v 0.03120046 0.02988172 -0.00264055
v 0.00065838 0.02950445 -0.00298940
v 0.04036124 0.02969258 -0.00317129
v 0.04017861 0.02635086 -0.01412465
v 0.00510549 0.02917603 -0.00698247
v 0.03341145 0.02816931 -0.01030226
v 0.04957725 0.02631149 -0.00849826
v 0.03338866 0.02849681 -0.00934441
v 0.00064472 0.02631365 -0.01363247
v 0.01000009 0.00024221 -0.02787295
v 0.00054296 0.02924046 -0.00418786
v 0.00525872 0.00894567 -0.02863530
v 0.03882127 0.02552628 -0.01566500
v 0.00000000 0.02886700 -0.00023039
v 0.03810617 0.02951459 -0.00514556
v 0.00186190 0.00281671 -0.02986483
v 0.00068722 0.01232634 -0.02699353
v 0.00219328 0.00555283 -0.02948028
v 0.04032112 0.02972090 -0.00295607
v 0.00116308 0.01510511 -0.02587171
v 0.00124677 0.02312621 -0.01907738
v 0.04773473 0.02609882 -0.01111557
v 0.00543739 0.00067100 -0.02998352
v 0.04998532 0.02397306 -0.00959924
v 0.04912099 0.02621808 -0.00003267
v 0.04589038 0.02109292 -0.01616454
v 0.03489696 0.02515493 -0.01633949
v 0.00238615 0.02986345 -0.00283970
v 0.01026435 0.02093256 -0.02148836
v 0.00007379 0.02760817 -0.00909350
v 0.04853518 0.02805892 -0.00075999
v 0.02780340 0.02726458 -0.01251430
v 0.00776750 0.00027986 -0.02999265
v 0.00101832 0.00351426 -0.02970161
v 0.00175034 0.01456137 -0.02622262
v 0.00127866 0.02773093 -0.01140920
v 0.00065485 0.02221653 -0.01963676
v 0.00138784 0.00217420 -0.02991079
v 0.00026439 0.02783621 -0.00900346
v 0.00609011 0.00702294 -0.02916382
v 0.00724963 0.00016962 -0.02999583
v 0.04520286 0.02366920 -0.01645244
v 0.00305445 0.02833316 -0.00985620
v 0.04550055 0.02410519 -0.01619056
v 0.00055427 0.02935913 -0.00333165
v 0.00114241 0.00347409 -0.02975093
v 0.00018064 0.02580181 -0.01358838
v 0.04916073 0.02779944 -0.00061688
v 0.03300551 0.02444496 -0.01738974
v 0.04230327 0.02908821 -0.00580519
v 0.03301918 0.02699349 -0.01308260
v 0.00100759 0.01481441 -0.02597519
v 0.04333814 0.02947131 -0.00137791
v 0.03183814 0.02918394 -0.00693913
v 0.04816227 0.02608729 -0.01072297
v 0.04856091 0.02671221 -0.00860496
v 0.03437044 0.02980021 -0.00338084
v 0.00416962 0.02987901 -0.00268797
v 0.03448313 0.02919187 -0.00688019
v 0.04811225 0.02710795 -0.00782587
v 0.03844014 0.02919060 -0.00673496
v 0.00015684 0.02473511 -0.01543584
v 0.00060258 0.00574472 -0.02902924
v 0.00851842 0.00513777 -0.02955159
v 0.04581589 0.02666466 -0.01127482
v 0.02448137 0.02822158 -0.01017445
v 0.00127118 0.00288476 -0.02984769
v 0.04237482 0.02507027 -0.01586286
v 0.01000009 0.00013090 -0.02882565
v 0.00101324 0.01830224 -0.02365344
v 0.04838648 0.02730121 -0.00674880
v 0.04584548 0.02891218 -0.00020134
v 0.00045497 0.01718946 -0.02391864
v 0.00397155 0.02915903 -0.00705237
v 0.00069879 0.00960926 -0.02809342
v 0.00551738 0.01589824 -0.02543731
v 0.02415561 0.02977573 -0.00364825
v 0.04642626 0.02430788 -0.01538930
v 0.04028756 0.02574727 -0.01516582
v 0.04269105 0.02928846 -0.00447323
v 0.00395976 0.02783630 -0.01118051
v 0.00201504 0.01416442 -0.02644025
v 0.03803253 0.02747750 -0.01195789
v 0.03855228 0.02486709 -0.01672547
v 0.00268099 0.01797154 -0.02402120
v 0.04575298 0.02589195 -0.01297420
v 0.00087756 0.00799055 -0.02874368
v 0.00898067 0.00602037 -0.02938440
v 0.00252543 0.02720779 -0.01263888
v 0.00579661 0.01639418 -0.02512147
v 0.00193036 0.02588358 -0.01516194
v 0.00049484 0.01151779 -0.02715211
v 0.04042265 0.02862349 -0.00855273
v 0.03818415 0.02681009 -0.01337582
v 0.04614668 0.02756053 -0.00858021
v 0.00048807 0.02325547 -0.01813023
v 0.04442506 0.02441173 -0.01615738
v 0.04383686 0.02883655 -0.00578249
v 0.00637612 0.02045638 -0.02194121
v 0.00150000 0.00094068 -0.00007171
v 0.03647182 0.02984000 -0.00288231
v 0.00010056 0.02467817 -0.01542061
v 0.00040014 0.02918859 -0.00345246
v 0.03309202 0.02434681 -0.01752584
v 0.00134507 0.01853184 -0.02357651
v 0.00481390 0.02515161 -0.01635179
v 0.00854334 0.00643002 -0.02929813
v 0.00000000 0.02782698 -0.00683111
v 0.00711493 0.02840795 -0.00962642
v 0.04413151 0.02872959 -0.00601475
v 0.02573262 0.02740633 -0.01219019
v 0.01437214 0.02758915 -0.01176579
v 0.00061749 0.01876599 -0.02291155
v 0.04060306 0.02727051 -0.01215567
v 0.00873485 0.00288342 -0.02985767
v 0.00049299 0.01416324 -0.02586501
v 0.03822266 0.02975580 -0.00341887
v 0.04389526 0.02726466 -0.01101738
v 0.00189438 0.01048951 -0.02809896
v 0.04006150 0.02454655 -0.01709857
v 0.04138002 0.02926917 -0.00537169
v 0.00141604 0.02082285 -0.02159573
v 0.04178349 0.02642481 -0.01361614
v 0.00081755 0.02632202 -0.01396919
v 0.00064023 0.01868480 -0.02300582
v 0.04244760 0.02430947 -0.01698555
v 0.00163958 0.00448837 -0.02966095
v 0.03873127 0.02422768 -0.01765285
v 0.00109454 0.00495191 -0.02952518
v 0.00056778 0.02275319 -0.01887676
v 0.04969221 0.02323327 -0.01362960
v 0.00000000 0.01174654 -0.00000062
v 0.04972090 0.02421181 -0.01327570
v 0.03841961 0.02947882 -0.00526609
v 0.03362746 0.02891261 -0.00794617
v 0.03790510 0.02638563 -0.01424305
v 0.00327978 0.02877022 -0.00850021
v 0.04233836 0.02520421 -0.01565937
v 0.03902550 0.02505827 -0.01640170
v 0.03999897 0.02461845 -0.01699889
v 0.03751631 0.02928813 -0.00633510
v 0.01035488 0.02197739 -0.02041356
v 0.02646683 0.02999600 -0.00019763
v 0.00871684 0.01811364 -0.02391388
v 0.00146355 0.00018350 -0.02999548
v 0.04014184 0.02987087 -0.00034564
v 0.00248032 0.02413515 -0.01781192
v 0.04983504 0.02747233 -0.00170968
v 0.02799713 0.02544814 -0.01588332
v 0.04413878 0.02911122 -0.00380458
v 0.00440582 0.02068605 -0.02172639
v 0.00155037 0.01360034 -0.02672873
v 0.00000000 0.02299083 -0.01764293
v 0.00074229 0.01974385 -0.02223140
v 0.00009702 0.02724778 -0.01019351
v 0.04367100 0.02915763 -0.00410560
v 0.00840803 0.01292965 -0.02706617
v 0.00007320 0.02905890 -0.00042932
v 0.04628468 0.02796323 -0.00691459
v 0.00925165 0.01795063 -0.02400453
v 0.00000000 0.01777282 -0.01918012
v 0.04535451 0.02840901 -0.00611104
v 0.00518620 0.02303952 -0.01921216
v 0.00318136 0.00117177 -0.02997079
v 0.02867220 0.02541447 -0.01593806
v 0.00099125 0.00543485 -0.02939864
v 0.04719427 0.02377908 -0.01546282
v 0.02818942 0.02866143 -0.00884893
v 0.01137540 0.02314276 -0.01908844
v 0.04933454 0.02438016 -0.01329952
v 0.00131942 0.02953046 -0.00522256
v 0.03228312 0.02514848 -0.01635626
v 0.00303045 0.01579623 -0.02549862
v 0.04288449 0.02507101 -0.01572663
v 0.04407942 0.02145095 -0.01689099
v 0.04007784 0.02986984 -0.00081839
v 0.00187255 0.02864798 -0.00887905
v 0.03252554 0.02532949 -0.01607459
v 0.00820519 0.01855220 -0.02357185
v 0.00096633 0.01654583 -0.02489125
v 0.04265522 0.02909472 -0.00555181
v 0.03651465 0.02921316 -0.00674303
v 0.00111441 0.02979376 -0.00302301
v 0.04329436 0.02636066 -0.01329054
v 0.01283822 0.02686783 -0.01334649
v 0.04158712 0.02713392 -0.01220712
v 0.04548509 0.02305085 -0.01634327
v 0.00000000 0.00737239 -0.02757743
v 0.03847074 0.02785171 -0.01101259
v 0.00002303 0.02288715 -0.01784639
v 0.03326590 0.02915429 -0.00704877
v 0.04771050 0.02564175 -0.01210801
v 0.00341877 0.02530165 -0.01611177
v 0.04460945 0.02900869 -0.00369667
v 0.00017948 0.02768781 -0.00919572
v 0.00051599 0.01393178 -0.02601204
v 0.00004899 0.01188177 -0.02649829
v 0.00436343 0.00284530 -0.02986422
v 0.04847111 0.02749070 -0.00579314
v 0.00409858 0.01450636 -0.02625556
v 0.00038800 0.02439500 -0.01638273
v 0.00870040 0.01219055 -0.02741135
v 0.02425499 0.02549723 -0.01580319
v 0.00186403 0.02637155 -0.01428789
v 0.03836167 0.02994553 -0.00006311
v 0.00416017 0.00170683 -0.02994886
v 0.04082733 0.02724392 -0.01215876
v 0.00000000 0.00009401 -0.02255716
v 0.00155523 0.00003000 -0.02999925
v 0.00114546 0.00867598 -0.02867718
v 0.00145305 0.02431932 -0.01755732
v 0.04759839 0.02837149 -0.00118496
v 0.03363849 0.02918578 -0.00692599
v 0.00241697 0.01439854 -0.02631509
v 0.01018275 0.02283677 -0.01945257
v 0.04982566 0.02100000 -0.01218844
v 0.03656648 0.02520511 -0.01625438
v 0.04251270 0.02798927 -0.00976134
v 0.03393583 0.02726021 -0.01251509
v 0.00003799 0.01823555 -0.02256770
v 0.03342924 0.02953711 -0.00517374
v 0.04183466 0.02965876 -0.00171851
v 0.04310198 0.02931313 -0.00377055
v 0.00226027 0.01428631 -0.02637718
v 0.01164494 0.02255967 -0.01977232
v 0.04872076 0.02739086 -0.00576105
v 0.03792949 0.02726267 -0.01247293
v 0.00832672 0.00380064 -0.02975227
v 0.00078904 0.00211253 -0.02969578
v 0.03629210 0.02729754 -0.01241100
v 0.00146216 0.00909431 -0.02858608
v 0.01204461 0.02920722 -0.00685162
v 0.00079146 0.00870095 -0.02848229
v 0.00171469 0.00349821 -0.02978639
v 0.00105816 0.02288251 -0.01928356
v 0.00175395 0.02988797 -0.00255510
v 0.00195587 0.01532993 -0.02578651
v 0.03421843 0.02923940 -0.00666727
v 0.00048801 0.02446762 -0.01645403
v 0.04735130 0.02525245 -0.01320164
v 0.00204816 0.01287602 -0.02709522
v 0.04265193 0.02922876 -0.00484812
v 0.04374463 0.02855197 -0.00708634
v 0.04331592 0.02524521 -0.01528853
v 0.00125070 0.00347580 -0.02977482
v 0.00236881 0.02725242 -0.01253641
v 0.03348476 0.02867692 -0.00879761
v 0.04987788 0.02403526 -0.01343347
v 0.04941172 0.02700853 -0.00623926
v 0.00037626 0.00222493 -0.02928308
v 0.04551261 0.02591540 -0.01309267
v 0.00080436 0.02422778 -0.01732377
v 0.00202259 0.02909718 -0.00728411
v 0.03859103 0.02516446 -0.01627029
v 0.04102438 0.02971100 -0.00227767
v 0.00194371 0.00856478 -0.02874672
v 0.04410356 0.02642664 -0.01273970
v 0.00000000 0.00961599 -0.02724154
v 0.00121713 0.00837414 -0.02877965
v 0.00904756 0.02320197 -0.01901625
v 0.00082616 0.00683607 -0.02900462
v 0.04768531 0.02535467 -0.01272687
v 0.04705621 0.02414678 -0.01530285
v 0.00105326 0.02762467 -0.01150829
v 0.00603597 0.02979776 -0.00347530
v 0.00065636 0.00684098 -0.02885289
v 0.00229126 0.02988415 -0.00261379
v 0.00005532 0.02543931 -0.01400322
v 0.00167406 0.02859413 -0.00904609
v 0.04348141 0.02359469 -0.01711792
v 0.04061847 0.02983573 -0.00080220
v 0.04040518 0.02684622 -0.01309072
v 0.00287678 0.01819635 -0.02384974
v 0.03345150 0.02544994 -0.01586870
v 0.04498411 0.02378695 -0.01653667
v 0.00070365 0.01347591 -0.02645937
v 0.00918266 0.01925047 -0.02300500
v 0.00079978 0.02790051 -0.01040782
v 0.00528152 0.00434865 -0.02968092
v 0.00175287 0.02693428 -0.01320876
v 0.04517491 0.02590392 -0.01330008
v 0.00132925 0.00105132 -0.02997007
v 0.00149245 0.01274741 -0.02715500
v 0.03698696 0.02962119 -0.00459596
v 0.00074761 0.02127059 -0.02078653
v 0.04927458 0.02405967 -0.01387176
v 0.00287532 0.01768288 -0.02422858
v 0.04802773 0.02795301 -0.00405818
v 0.04404959 0.02649433 -0.01262079
v 0.03635588 0.02545951 -0.01583998
v 0.00150000 0.00061710 -0.00026457
v 0.04434212 0.02928572 -0.00118937
v 0.03344400 0.02998882 -0.00024097
v 0.03559971 0.02983740 -0.00296148
v 0.04047490 0.02885018 -0.00766741
v 0.03742112 0.02423878 -0.01766570
v 0.02106532 0.02889408 -0.00802900
v 0.00000000 0.01986086 -0.00709432
v 0.00094938 0.02956328 -0.00434429
v 0.03697267 0.02996157 -0.00001632
v 0.01455252 0.02998592 -0.00069638
v 0.01485627 0.02687016 -0.01334187
v 0.04302054 0.02887174 -0.00638636
v 0.00005858 0.00445172 -0.02869729
v 0.00081640 0.01987458 -0.02219739
v 0.00000000 0.00000740 -0.00051254
v 0.04805234 0.02590225 -0.01126571
v 0.00043071 0.00837842 -0.02821129
v 0.00607280 0.02330793 -0.01888690
v 0.03587783 0.02454849 -0.01723746
v 0.04101746 0.02514630 -0.01603031
v 0.00077885 0.01037977 -0.02789818
v 0.04214674 0.02481959 -0.01630343
v 0.00000000 0.00528215 -0.02821956
v 0.00009634 0.02893117 -0.00300081
v 0.00028945 0.00914436 -0.02782099
v 0.00055513 0.02921170 -0.00447867
v 0.02997368 0.02981340 -0.00332990
v 0.00201813 0.01519783 -0.02586347
v 0.00356662 0.01577670 -0.02551188
v 0.00896373 0.00339861 -0.02979910
v 0.00137250 0.02021822 -0.02216059
v 0.04816251 0.02315440 -0.01484004
v 0.00154935 0.02998222 -0.00087949
v 0.00675715 0.02950023 -0.00544273
v 0.04127091 0.02795654 -0.01027070
v 0.00074683 0.02836168 -0.00894049
v 0.03996088 0.02713905 -0.01254018
v 0.03323244 0.02869043 -0.00875891
v 0.00563296 0.01466133 -0.02616929
v 0.04384274 0.02405072 -0.01691102
v 0.04866093 0.02177390 -0.01444898
v 0.04696158 0.02376131 -0.01559631
v 0.00130331 0.02437618 -0.01746415
v 0.04529128 0.02300330 -0.01641879
v 0.04758067 0.02166187 -0.01520367
v 0.00067517 0.02299195 -0.01875992
v 0.00071468 0.02537578 -0.01545850
v 0.00932638 0.02920800 -0.00684813
v 0.02849732 0.02428027 -0.01761684
v 0.03856465 0.02979413 -0.00298978
v 0.00220885 0.00737907 -0.02907556
v 0.04750102 0.02840396 -0.00005901
v 0.00131233 0.02809098 -0.01048857
v 0.00155114 0.02979610 -0.00348834
v 0.00048900 0.02750396 -0.01061983
v 0.02429446 0.02873913 -0.00860396
v 0.03825974 0.02993466 -0.00108053
v 0.03090266 0.02876664 -0.00849756
v 0.00570398 0.02995322 -0.00154535
v 0.00000000 0.01441806 -0.02512942
v 0.02686166 0.02825129 -0.01009056
v 0.00039056 0.02869435 -0.00634995
v 0.00210789 0.02644847 -0.01414967
v 0.00169847 0.00555314 -0.02948000
v 0.04512374 0.02668408 -0.01162051
v 0.00478560 0.00269016 -0.02987717
v 0.00419758 0.01570709 -0.02555625
v 0.00928898 0.02821029 -0.01020336
v 0.04903460 0.02457919 -0.01315124
v 0.00149356 0.02210358 -0.02027376
v 0.01638208 0.02847005 -0.00000744
v 0.00014221 0.00808073 -0.02799896
v 0.00097860 0.02612811 -0.01451718
v 0.00113340 0.01508617 -0.02587402
v 0.04821000 0.02782113 -0.00445858
v 0.00018562 0.00225668 -0.02908674
v 0.00027845 0.00092897 -0.02925507
v 0.00687570 0.00033729 -0.02999171
v 0.00017203 0.02756566 -0.00953441
v 0.00113790 0.02862970 -0.00880670
v 0.00839609 0.01616371 -0.02527236
v 0.03468942 0.02998522 -0.00026252
v 0.03797185 0.02941400 -0.00566976
v 0.00131919 0.00809004 -0.02887450
v 0.04495643 0.02478064 -0.01538959
v 0.00494402 0.02981978 -0.00326743
v 0.03982059 0.02954082 -0.00458942
v 0.03315581 0.02999637 -0.00008517
v 0.00907184 0.01831552 -0.02375710
v 0.00102681 0.02836075 -0.00951494
v 0.00273477 0.02997857 -0.00106012
v 0.00266610 0.00714440 -0.02913398
v 0.00355671 0.00453448 -0.02965236
v 0.04862211 0.02649616 -0.00911932
v 0.03934047 0.02800703 -0.01053935
v 0.04551227 0.02504881 -0.01463592
v 0.00136837 0.02771655 -0.01146279
v 0.00085981 0.02982693 -0.00014251
v 0.00006246 0.02646706 -0.01199971
v 0.03762097 0.02876021 -0.00843077
v 0.04040847 0.02761414 -0.01137125
v 0.03847768 0.02458519 -0.01715210
v 0.00171775 0.02731125 -0.01240084
v 0.01065357 0.02316315 -0.01906358
v 0.00060653 0.02010638 -0.02172635
v 0.04208497 0.02534580 -0.01548163
v 0.04598786 0.02887680 -0.00049832
v 0.00773557 0.02973027 -0.00400563
v 0.04625100 0.02875402 -0.00191794
v 0.00670077 0.00690750 -0.02919232
v 0.00846762 0.01634395 -0.02515373
v 0.04084603 0.02630463 -0.01408263
v 0.04903838 0.02729440 -0.00555309
v 0.00126078 0.00525266 -0.02951389
v 0.03825193 0.02770782 -0.01138455
v 0.00672183 0.02305948 -0.01918894
v 0.02191917 0.02404051 -0.01794479
v 0.03794824 0.02940002 -0.00574281
v 0.02651600 0.02980365 -0.00342426
v 0.00131665 0.00900222 -0.02860727
v 0.00008049 0.00787929 -0.02799083
v 0.00040920 0.00707848 -0.02853524
v 0.00887444 0.02087051 -0.02155047
v 0.00960213 0.02062563 -0.02178259
v 0.04274576 0.02896983 -0.00612576
v 0.04635340 0.02803602 -0.00655934
v 0.00000000 0.00322674 -0.02619898
v 0.04171022 0.02679274 -0.01288044
v 0.00396462 0.02782532 -0.01120834
v 0.00286032 0.02947400 -0.00559148
v 0.01339587 0.02829020 -0.00998039
v 0.03806669 0.02991006 -0.00159439
v 0.00437589 0.02521411 -0.01625322
v 0.04103185 0.02613454 -0.01433943
v 0.00989103 0.02998207 -0.00088358
v 0.00230594 0.00279855 -0.02986671
v 0.00015047 0.01461452 -0.02522027
v 0.04034314 0.02982554 -0.00140076
v 0.00068165 0.02842455 -0.00850514
v 0.01099105 0.02224721 -0.02012337
v 0.04274129 0.02562961 -0.01482037
v 0.00445257 0.00485568 -0.02959984
v 0.00702420 0.02917074 -0.00700461
v 0.00529419 0.01810341 -0.02392221
v 0.00036157 0.02613929 -0.01335482
v 0.00182744 0.01683840 -0.02482617
v 0.00560331 0.00923633 -0.02854122
v 0.00474460 0.01800419 -0.02399647
v 0.03118673 0.02988912 -0.00248996
v 0.00116766 0.02603328 -0.01482875
v 0.01197340 0.02987981 -0.00267724
v 0.04034670 0.02753177 -0.01158173
v 0.02900758 0.02878958 -0.00841331
v 0.04643073 0.02813041 -0.00606073
v 0.00129925 0.02755145 -0.01182966
v 0.01514007 0.02562847 -0.01558865
v 0.01308596 0.02515980 -0.01633972
v 0.04013108 0.02492819 -0.01651912
v 0.02508932 0.02990395 -0.00228971
v 0.04712435 0.02852963 -0.00006521
v 0.00000000 0.02853765 -0.00026182
v 0.04141823 0.02468641 -0.01665132
v 0.00000000 0.02203003 -0.01011684
v 0.00068220 0.02967487 -0.00036427
v 0.00156153 0.02781901 -0.01122561
v 0.00183094 0.00108825 -0.02997328
v 0.03378205 0.02447421 -0.01734707
v 0.00703749 0.00851189 -0.02875656
v 0.00217875 0.02824359 -0.01011244
v 0.04992778 0.02747465 -0.00002201
v 0.00068854 0.01451251 -0.02589871
v 0.00126095 0.01926558 -0.02297501
v 0.00140896 0.01431246 -0.02636260
v 0.00783281 0.00416878 -0.02970788
v 0.04193828 0.02550467 -0.01523800
v 0.00000000 0.02867810 -0.00286359
v 0.03594393 0.02491238 -0.01670445
v 0.04718426 0.02826632 -0.00387852
v 0.00149346 0.01834897 -0.02372916
v 0.00000000 0.00646363 -0.02801684
v 0.04123821 0.02886369 -0.00730551
v 0.04119557 0.02774279 -0.01085077
v 0.00209024 0.02999802 -0.00009775
v 0.02830726 0.02999823 -0.00008754
v 0.03488408 0.02729063 -0.01244315
v 0.04752659 0.02539418 -0.01277296
v 0.04289803 0.02551565 -0.01496721
v 0.04588050 0.02262655 -0.01616973
v 0.00052351 0.02365812 -0.01765737
v 0.00022745 0.00834919 -0.02800711
v 0.04995818 0.02432029 -0.01282330
v 0.00109849 0.02956161 -0.00474066
v 0.04068673 0.02948722 -0.00459835
v 0.00870438 0.00435637 -0.02967706
v 0.00165408 0.02985663 -0.00290632
v 0.04705372 0.02639245 -0.01096458
v 0.04142319 0.02944619 -0.00434454
v 0.01052129 0.02822911 -0.01015362
v 0.01033239 0.02981987 -0.00326748
v 0.00259158 0.02972072 -0.00408076
v 0.00129929 0.01735882 -0.02444748
v 0.00143248 0.01664331 -0.02495603
v 0.00229255 0.02329331 -0.01890466
v 0.04364489 0.02827393 -0.00822738
v 0.00106366 0.02803581 -0.01046718
v 0.00985470 0.02940401 -0.00592518
v 0.01014657 0.02149679 -0.02091670
v 0.04850418 0.02460194 -0.01351803
v 0.04927136 0.02551535 -0.01099485
v 0.04036175 0.02824560 -0.00969789
v 0.00108438 0.01824813 -0.02373101
v 0.00591490 0.01043928 -0.02812241
v 0.04045283 0.02922376 -0.00611396
v 0.00223360 0.00734341 -0.02908521
v 0.00032115 0.02880752 -0.00543526
v 0.02144574 0.02806487 -0.01058373
v 0.00131316 0.00403313 -0.02971478
v 0.04075727 0.02836175 -0.00922900
v 0.04333329 0.02930710 -0.00344416
v 0.00447032 0.02982310 -0.00323486
v 0.00867843 0.00562491 -0.02946793
v 0.04629041 0.02866780 -0.00280521
v 0.01540123 0.02757501 -0.01179865
v 0.00363312 0.00294358 -0.02985366
v 0.00383772 0.01543991 -0.02572083
v 0.03060722 0.02987777 -0.00270187
v 0.02350632 0.02687339 -0.01333504
v 0.00394485 0.02912940 -0.00716300
v 0.00940401 0.01897157 -0.02323530
v 0.00374694 0.01776552 -0.02417022
v 0.03619199 0.02959679 -0.00478293
v 0.03689138 0.02416837 -0.01776439
v 0.00066491 0.00329712 -0.02947864
v 0.03240701 0.02689795 -0.01328323
v 0.00176703 0.02624509 -0.01451460
v 0.00166053 0.01963780 -0.02266748
v 0.04056678 0.02983383 -0.00093142
v 0.03358866 0.02932542 -0.00624583
v 0.00869239 0.01688615 -0.02479159
v 0.04986065 0.02232060 -0.01349577
v 0.00754061 0.00001617 -0.02999959
v 0.04984463 0.02735872 -0.00291651
v 0.00113696 0.02393361 -0.01800979
v 0.00160375 0.02946893 -0.00562093
v 0.00219825 0.00577651 -0.02943799
v 0.00036814 0.02246668 -0.01890612
v 0.04322873 0.02938018 -0.00289816
v 0.03129554 0.02922233 -0.00678018
v 0.00088488 0.02975453 -0.00225094
v 0.00000000 0.02422736 -0.00025640
v 0.04023984 0.02973978 -0.00283179
v 0.00117086 0.02996791 -0.00004605
v 0.04941305 0.02616328 -0.00911395
v 0.04044273 0.02417870 -0.01758045
v 0.00733690 0.00518540 -0.02954484
v 0.01371092 0.02796687 -0.01083967
v 0.04081919 0.02698897 -0.01270065
v 0.03320600 0.02710140 -0.01285602
v 0.04426052 0.02908213 -0.00379794
v 0.00094536 0.02845186 -0.00910633
v 0.00150000 0.00002698 -0.00083543
v 0.03040489 0.02515282 -0.01634990
v 0.00715412 0.01715850 -0.02460602
v 0.04653899 0.02851598 -0.00362288
v 0.00891595 0.00126157 -0.02995394
v 0.04032040 0.02922651 -0.00614139
v 0.00177298 0.00822735 -0.02884074
v 0.00079220 0.00226077 -0.02968712
v 0.03673779 0.02881797 -0.00823417
v 0.03089585 0.02732125 -0.01238764
v 0.04182595 0.02395589 -0.01756760
v 0.00203208 0.02971211 -0.00414738
v 0.00140846 0.02825052 -0.01009206
v 0.00816596 0.00571571 -0.02944913
v 0.00093287 0.02836434 -0.00935501
v 0.00543355 0.02918796 -0.00693247
v 0.00078364 0.02826815 -0.00932677
v 0.04253780 0.02706233 -0.01211307
v 0.02870205 0.02964063 -0.00462346
v 0.00076569 0.02971990 -0.00144112
v 0.00985263 0.00015558 -0.02914176
v 0.03999452 0.02410212 -0.01774431
v 0.04032105 0.02867346 -0.00838313
v 0.04630674 0.02819883 -0.00590832
v 0.04996757 0.02126627 -0.01341081
v 0.04308769 0.02394984 -0.01725666
v 0.00889913 0.01658220 -0.02499435
v 0.00143755 0.02235156 -0.02000810
v 0.00239451 0.01589632 -0.02543383
v 0.00316755 0.02946161 -0.00565351
v 0.00000000 0.02344879 -0.01610167
v 0.03817302 0.02916842 -0.00686469
v 0.04270333 0.02765159 -0.01062971
v 0.04892893 0.02732796 -0.00562304
v 0.04063965 0.02405637 -0.01772433
v 0.00023727 0.02923269 -0.00022782
v 0.00068558 0.00769469 -0.02865924
v 0.03813831 0.02913906 -0.00698178
v 0.00115911 0.02800190 -0.01064313
v 0.03632189 0.02985325 -0.00276330
v 0.04430245 0.02923254 -0.00198337
v 0.00878932 0.00685811 -0.02920266
v 0.04617307 0.02757893 -0.00847923
v 0.00465998 0.00573216 -0.02944677
v 0.00073255 0.02105753 -0.02098683
v 0.00597527 0.02981354 -0.00332862
v 0.04125204 0.02977069 -0.00010017
v 0.00074296 0.02956717 -0.00313412
v 0.03830324 0.02504318 -0.01647482
v 0.00608869 0.01469237 -0.02615167
v 0.00884289 0.02769433 -0.01151965
v 0.00480508 0.01986214 -0.02247548
v 0.00059372 0.02956762 -0.00115108
v 0.00840037 0.00194565 -0.02993007
v 0.04120122 0.02924427 -0.00559978
v 0.04376602 0.02871829 -0.00643182
v 0.04809285 0.02747342 -0.00649342
v 0.00799003 0.02685957 -0.01336278
v 0.00125459 0.00089178 -0.02996414
v 0.04375903 0.02625224 -0.01330624
v 0.03743196 0.02920756 -0.00674136
v 0.04960934 0.02545447 -0.01077639
v 0.03287950 0.02872691 -0.00864445
v 0.04268253 0.02961760 -0.00032751
v 0.00096419 0.00069596 -0.02987476
v 0.03332166 0.02821864 -0.01018142
v 0.01131897 0.02875613 -0.00854751
v 0.04328734 0.02916450 -0.00450993
v 0.03898578 0.02643027 -0.01407001
v 0.04784522 0.02806050 -0.00379566
v 0.01238731 0.02286527 -0.01941941
v 0.04570274 0.02629250 -0.01215249
v 0.04059355 0.02419542 -0.01753351
v 0.03396192 0.02906276 -0.00737866
v 0.00000000 0.01117797 -0.02670607
v 0.04300978 0.02720573 -0.01158497
v 0.00000000 0.01291188 -0.02564976
v 0.03947216 0.02990118 -0.00044990
v 0.03539474 0.02998238 -0.00023145
v 0.04420381 0.02615172 -0.01328736
v 0.04563571 0.02896430 -0.00013817
v 0.02219394 0.02823095 -0.01014892
v 0.04259466 0.02446508 -0.01672971
v 0.04044141 0.02716269 -0.01243821
v 0.03984607 0.02564249 -0.01538505
v 0.04578822 0.02691213 -0.01069092
v 0.03776220 0.02867415 -0.00873023
v 0.00072051 0.01821396 -0.02347235
v 0.00343534 0.02997061 -0.00127024
v 0.00785612 0.02988075 -0.00266427
v 0.00068420 0.01993977 -0.02198952
v 0.03718582 0.02996367 -0.00031136
v 0.00161112 0.01131222 -0.02777996
v 0.04299699 0.02946310 -0.00246812
v 0.03574945 0.02985500 -0.00278185
v 0.04536908 0.02751035 -0.00930743
v 0.00039163 0.01318327 -0.02626666
v 0.04173275 0.02738375 -0.01158084
v 0.04282390 0.02803165 -0.00948263
v 0.00071613 0.00466653 -0.02933885
v 0.04331650 0.02896029 -0.00564311
v 0.04624052 0.02747743 -0.00873762
v 0.03274545 0.02924753 -0.00664844
v 0.03614272 0.02812897 -0.01038671
v 0.04820286 0.02523573 -0.01251861
v 0.01230987 0.02304914 -0.01920237
v 0.03887311 0.02804230 -0.01049907
v 0.00015631 0.02423799 -0.01619640
v 0.04985222 0.02740148 -0.00241012
v 0.00021888 0.02526808 -0.01465035
v 0.00108549 0.00125563 -0.02991226
v 0.03091847 0.02987523 -0.00273090
v 0.04351386 0.02498275 -0.01563978
v 0.00370177 0.02080122 -0.02161758
v 0.00574438 0.02077179 -0.02164588
v 0.03328515 0.02932622 -0.00624676
v 0.00884253 0.01499462 -0.02598368
v 0.04973891 0.02484557 -0.01197270
v 0.00740715 0.01062398 -0.02805394
v 0.03832921 0.02978280 -0.00316430
v 0.00155994 0.00150162 -0.02996226
v 0.00102682 0.01896513 -0.02314037
v 0.00827132 0.02077069 -0.02164679
v 0.00892007 0.00027635 -0.02999005
v 0.01916139 0.02966182 -0.00448211
v 0.00891920 0.00259033 -0.02988699
v 0.00085823 0.02156797 -0.02059624
v 0.00191841 0.02819129 -0.01025273
v 0.03192104 0.02686880 -0.01334410
v 0.00045976 0.00280918 -0.02931702
v 0.03825322 0.02666556 -0.01366078
v 0.04954875 0.02516328 -0.01148472
v 0.04869983 0.02799459 -0.00067681
v 0.04834593 0.02746712 -0.00619754
v 0.04372162 0.02710671 -0.01145787
v 0.00897889 0.01326495 -0.02690562
v 0.03731503 0.02929129 -0.00632529
v 0.00471826 0.00586277 -0.02941982
v 0.04663321 0.02869351 -0.00089283
v 0.00524679 0.01751525 -0.02435054
v 0.00099406 0.02367721 -0.01825343
v 0.00068065 0.00256132 -0.02955821
v 0.00124527 0.02198582 -0.02037671
v 0.03809436 0.02960745 -0.00464040
v 0.04569547 0.02617825 -0.01240230
v 0.00074396 0.01299855 -0.02674695
v 0.02980246 0.02978964 -0.00353797
v 0.00143878 0.00514946 -0.02954849
v 0.00144285 0.01008648 -0.02825236
v 0.00731298 0.00919473 -0.02855539
v 0.04275806 0.02743339 -0.01115691
v 0.02238533 0.02402284 -0.01796896
v 0.00319275 0.00285196 -0.02986321
v 0.00183366 0.01909416 -0.02313905
v 0.00613961 0.01972469 -0.02259667
v 0.01539239 0.02849679 -0.00935430
v 0.04605201 0.02732088 -0.00933825
v 0.00176067 0.02989644 -0.00242421
v 0.00139678 0.02336105 -0.01881527
v 0.00312800 0.02579489 -0.01531646
v 0.01658667 0.02687093 -0.01334033
v 0.04969473 0.02718334 -0.00464057
v 0.00254203 0.02690009 -0.01327979
v 0.04149813 0.02905756 -0.00640888
v 0.00297407 0.02656977 -0.01393010
v 0.04330899 0.02606614 -0.01383003
v 0.04990887 0.02363298 -0.01345736
v 0.00188876 0.00332243 -0.02980809
v 0.03334722 0.02978850 -0.00354045
v 0.00006847 0.02859623 -0.00519615
v 0.00026102 0.02255889 -0.01863128
v 0.04779060 0.02646689 -0.01008794
v 0.04026946 0.02940459 -0.00522600
v 0.03435037 0.02960004 -0.00482598
v 0.04776719 0.02746101 -0.00694275
v 0.04995515 0.02700689 -0.00500254
v 0.04282529 0.02596590 -0.01419658
v 0.00080296 0.01769276 -0.02396241
v 0.04115158 0.02978177 -0.00016768
v 0.00117713 0.01086840 -0.02792084
v 0.04810811 0.02408849 -0.01469845
v 0.00149796 0.02851516 -0.00929114
v 0.03817670 0.02594587 -0.01499343
v 0.00684882 0.00661456 -0.02925864
v 0.04237015 0.02786840 -0.01017438
v 0.00053951 0.02405163 -0.01713581
v 0.04340347 0.02948148 -0.00095123
v 0.04629723 0.02862229 -0.00331394
v 0.00681966 0.00238365 -0.02990296
v 0.04259442 0.02531170 -0.01542967
v 0.00143893 0.00715314 -0.02913054
v 0.04813059 0.02798957 -0.00357039
v 0.00053263 0.00168870 -0.02948229
v 0.00144800 0.02499679 -0.01658424
v 0.00534773 0.02972158 -0.00407305
v 0.00373531 0.02999975 -0.00001229
v 0.04166753 0.02499920 -0.01612466
v 0.00507032 0.01303658 -0.02701852
v 0.04002321 0.02491528 -0.01654713
v 0.00726840 0.02519606 -0.01628314
v 0.04257725 0.02471673 -0.01636855
v 0.00041012 0.02821766 -0.00825554
v 0.00099241 0.02918755 -0.00647398
v 0.00032045 0.02912957 -0.00326958
v 0.04761543 0.02769281 -0.00627034
v 0.00000000 0.00417775 -0.02534400
v 0.04046439 0.02504661 -0.01629507
v 0.03799435 0.02678257 -0.01344207
v 0.00098664 0.00404769 -0.02962021
v 0.00073316 0.02361440 -0.01805674
v 0.00116188 0.02349422 -0.01858921
v 0.04263315 0.02497466 -0.01595559
v 0.00000000 0.00018193 -0.02848367
v 0.04430308 0.02854469 -0.00662322
v 0.04445478 0.02220621 -0.01674473
v 0.00150637 0.02998591 -0.00069695
v 0.04916602 0.02779720 -0.00086708
v 0.02511989 0.02418631 -0.01774535
v 0.00000000 0.00797136 -0.02772674
v 0.00838273 0.01509221 -0.02592682
v 0.00065362 0.00365495 -0.02942016
v 0.04350806 0.02930410 -0.00313665
v 0.03591917 0.02997357 -0.00010446
v 0.03722330 0.02962295 -0.00457256
v 0.00004559 0.00609045 -0.02839840
v 0.00674273 0.02773485 -0.01142458
v 0.00000002 0.00004760 -0.02518570
v 0.04958968 0.02580753 -0.00986045
v 0.00039991 0.02934720 -0.00166499
v 0.00056409 0.00859360 -0.02828291
v 0.04898296 0.02653848 -0.00858704
v 0.03323729 0.02414252 -0.01780528
v 0.00888685 0.00015060 -0.02999474
v 0.00000000 0.02423664 -0.00008350
v 0.00515099 0.01219592 -0.02740909
v 0.04313292 0.02823609 -0.00869737
v 0.00045073 0.02652114 -0.01277984
v 0.00115179 0.01678577 -0.02481874
v 0.00023089 0.00899639 -0.02780837
v 0.04718753 0.02635273 -0.01095110
v 0.03994030 0.02607763 -0.01462185
v 0.04791679 0.02238985 -0.01500735
v 0.00059664 0.00633114 -0.02890467
v 0.01676537 0.02397082 -0.01803826
v 0.01177377 0.02917706 -0.00697802
v 0.00006956 0.02402047 -0.01634754
v 0.04040997 0.02981278 -0.00157632
v 0.00071349 0.02227877 -0.01965630
v 0.04323036 0.02909772 -0.00496464
v 0.00707085 0.00415437 -0.02971013
v 0.00155273 0.02225943 -0.02010815
v 0.04630441 0.02760672 -0.00821341
v 0.00230475 0.02307093 -0.01917397
v 0.00950914 0.02994721 -0.00163670
v 0.00168674 0.02969508 -0.00425215
v 0.00142240 0.02805982 -0.01059628
v 0.02036973 0.02931614 -0.00633872
v 0.00438582 0.02997768 -0.00109461
v 0.04342712 0.02428180 -0.01672552
v 0.03795783 0.02800362 -0.01068730
v 0.01064138 0.02687347 -0.01333524
v 0.00012360 0.00145264 -0.02908376
v 0.00172127 0.00780290 -0.02895886
v 0.00581863 0.02980143 -0.00344608
v 0.00050146 0.01548102 -0.02509863
v 0.00146365 0.02758847 -0.01176301
v 0.00096834 0.02032644 -0.02191455
v 0.00087728 0.00347999 -0.02963024
v 0.04052743 0.02822145 -0.00972299
v 0.00030814 0.02774420 -0.00944022
v 0.00048403 0.02936543 -0.00261692
v 0.00000000 0.00384090 -0.02344710
v 0.03918572 0.02719371 -0.01250487
v 0.00001314 0.01896216 -0.02195934
v 0.00259100 0.02995618 -0.00150078
v 0.02848259 0.02401569 -0.01797876
v 0.00019229 0.00945100 -0.02761121
v 0.00007091 0.00055811 -0.02906016
v 0.04505147 0.02910946 -0.00001681
v 0.03751339 0.02926237 -0.00646781
v 0.00874599 0.01322853 -0.02692455
v 0.00067842 0.02139127 -0.02056121
v 0.00114256 0.02966946 -0.00417135
v 0.00235155 0.02873052 -0.00862303
v 0.00302802 0.02912506 -0.00717973
v 0.00391349 0.00620604 -0.02934734
v 0.04115397 0.02838887 -0.00901665
v 0.02210257 0.02411347 -0.01784494
v 0.03822529 0.02984449 -0.00270006
v 0.03880206 0.02955282 -0.00479577
v 0.00482399 0.02312191 -0.01911383
v 0.04060211 0.02978177 -0.00179280
v 0.00878097 0.01015342 -0.02822097
v 0.04635380 0.02859083 -0.00347467
v 0.01431129 0.02759478 -0.01175256
v 0.04638857 0.02807077 -0.00638678
v 0.04703429 0.02380013 -0.01555611
v 0.03594170 0.02544237 -0.01587215
v 0.00888823 0.00786116 -0.02892951
v 0.00197762 0.02972254 -0.00406644
v 0.02002288 0.02966211 -0.00448149
v 0.03328289 0.02824834 -0.01009592
v 0.04387642 0.02623962 -0.01327299
v 0.04627680 0.02827754 -0.00552113
v 0.00227827 0.00426654 -0.02969075
v 0.03670398 0.02874325 -0.00851380
v 0.00990267 0.02033134 -0.02205799
v 0.00017824 0.02208208 -0.01904995
v 0.04224116 0.02960466 -0.00193366
v 0.04749458 0.02252339 -0.01526866
v 0.04308177 0.02953579 -0.00005075
v 0.04383511 0.02187989 -0.01698563
v 0.00000000 0.00000456 -0.00883103
v 0.00082215 0.00438947 -0.02947879
v 0.04608655 0.02833927 -0.00546460
v 0.00563241 0.01178079 -0.02758930
v 0.00082807 0.00261091 -0.02968786
v 0.00039023 0.02368466 -0.01738562
v 0.00847325 0.02073969 -0.02167592
v 0.00020986 0.02849220 -0.00642164
v 0.04539477 0.02759939 -0.00904025
v 0.02517409 0.02919230 -0.00691277
v 0.03592185 0.02519006 -0.01628063
v 0.03322460 0.02944966 -0.00561948
v 0.04764234 0.02100101 -0.01515633
v 0.00894009 0.01152810 -0.02768892
v 0.04230603 0.02956501 -0.00252508
v 0.04577548 0.02144622 -0.01622587
v 0.00087454 0.00828377 -0.02866023
v 0.04513698 0.02907933 -0.00135469
v 0.00012769 0.02726110 -0.01024545
v 0.04852026 0.02478063 -0.01318520
v 0.00121785 0.02688443 -0.01324858
v 0.00159534 0.01070676 -0.02801519
v 0.00010628 0.02792393 -0.00817840
v 0.04217113 0.02967025 -0.00088157
v 0.01107804 0.02307283 -0.01917370
v 0.04386992 0.02417917 -0.01671244
v 0.00122552 0.00275296 -0.02985079
v 0.04553135 0.02763511 -0.00884520
v 0.00000000 0.00020326 -0.02219190
v 0.00113206 0.01962692 -0.02262349
v 0.04373269 0.02742656 -0.01068058
v 0.04224111 0.02648067 -0.01338988
v 0.00348911 0.02922237 -0.00678069
v 0.04360742 0.02925363 -0.00347771
v 0.00001931 0.01892460 -0.02199796
v 0.02792183 0.02823863 -0.01012750
v 0.03894900 0.02992482 -0.00072087
v 0.03801316 0.02598981 -0.01492585
v 0.00143638 0.01616523 -0.02526091
v 0.00075008 0.01845600 -0.02332038
v 0.00190047 0.02711012 -0.01284247
v 0.04973713 0.02106548 -0.01157695
v 0.00576761 0.02721768 -0.01261747
v 0.00862172 0.00554146 -0.02948360
v 0.03720337 0.02875507 -0.00845919
v 0.00889072 0.00967035 -0.02839304
v 0.04037112 0.02547121 -0.01563529
v 0.00039960 0.00317569 -0.02922536
v 0.03275403 0.02990123 -0.00219048
v 0.00882255 0.00955503 -0.02843394
v 0.00090867 0.01574433 -0.02536496
v 0.03978499 0.02918709 -0.00646723
v 0.04200910 0.02958902 -0.00264000
v 0.04770548 0.02832822 -0.00133695
v 0.00327339 0.02125932 -0.02116389
v 0.03110916 0.02962893 -0.00470086
v 0.00871775 0.02662203 -0.01382755
v 0.04260211 0.02865354 -0.00753949
v 0.00882855 0.01000767 -0.02827292
v 0.00000000 0.00589939 -0.00011408
v 0.04855001 0.02805397 -0.00022877
v 0.04997004 0.02487497 -0.01168571
v 0.00096096 0.01018629 -0.02810021
v 0.04985559 0.02107007 -0.01349979
v 0.03934594 0.02953052 -0.00478543
v 0.03413481 0.02877233 -0.00845920
v 0.03612459 0.02811529 -0.01042280
v 0.04366743 0.02741484 -0.01075746
v 0.04198661 0.02912943 -0.00576639
v 0.04298120 0.02633787 -0.01344797
v 0.03336925 0.02767517 -0.01151530
v 0.04923139 0.02252265 -0.01399575
v 0.04853477 0.02803665 -0.00150581
v 0.04347662 0.02626706 -0.01340447
v 0.00328279 0.02829100 -0.00997884
v 0.01936512 0.02999973 -0.00001314
v 0.03315276 0.02895280 -0.00780102
v 0.00260621 0.00600265 -0.02939135
v 0.04634471 0.02757823 -0.00826926
v 0.03312280 0.02992453 -0.00166926
v 0.00000000 0.02206277 -0.00537373
v 0.02826199 0.02979836 -0.00347033
v 0.00167118 0.02103955 -0.02138242
v 0.00330185 0.02997647 -0.00114381
v 0.04603095 0.02829977 -0.00577194
v 0.03226973 0.02871396 -0.00868767
v 0.00088265 0.02804032 -0.01020165
v 0.00102690 0.00025453 -0.02991529
v 0.00027153 0.00583001 -0.02867985
v 0.03712089 0.02811807 -0.01039461
v 0.04933549 0.02746718 -0.00392009
v 0.00190052 0.00111268 -0.02997268
v 0.04107808 0.02477974 -0.01658056
v 0.04099304 0.02942499 -0.00476834
v 0.04096454 0.02515587 -0.01602632
v 0.04800541 0.02697790 -0.00844091
v 0.00134100 0.01984378 -0.02248441
v 0.00444745 0.01690716 -0.02478079
v 0.03798181 0.02973969 -0.00358637
v 0.00156650 0.01675819 -0.02488254
v 0.04263812 0.02413263 -0.01719512
v 0.00068913 0.01115145 -0.02750621
v 0.00108786 0.00587378 -0.02936179
v 0.00000000 0.01014022 -0.02707398
v 0.00287651 0.00724044 -0.02911179
v 0.04784776 0.02585841 -0.01153688
v 0.00076668 0.02164196 -0.02041649
v 0.03887324 0.02600020 -0.01484639
v 0.04986607 0.02629155 -0.00812949
v 0.03800342 0.02866851 -0.00874279
v 0.04170568 0.02853371 -0.00837317
v 0.00371534 0.00876545 -0.02868928
v 0.00515366 0.02110246 -0.02132132
v 0.00071925 0.02549558 -0.01525939
v 0.00068721 0.02616352 -0.01402843
v 0.03626430 0.02887125 -0.00804520
v 0.04060915 0.02983795 -0.00077967
v 0.04187553 0.02881733 -0.00721496
v 0.00918449 0.02841406 -0.00960813
v 0.00099914 0.02971132 -0.00334910
v 0.00013374 0.02181849 -0.01928047
v 0.00076522 0.02330131 -0.01850372
v 0.03959803 0.02474153 -0.01684393
v 0.00090375 0.02869605 -0.00823241
v 0.03472390 0.02952280 -0.00521302
v 0.00134564 0.02873869 -0.00858646
v 0.00446274 0.02112544 -0.02129852
v 0.03958119 0.02404844 -0.01785151
v 0.00453626 0.00081705 -0.02997994
v 0.04416676 0.02932929 -0.00050149
v 0.02409854 0.02990697 -0.00224374
v 0.00772942 0.01808878 -0.02393313
v 0.00458576 0.00261277 -0.02988325
v 0.03370400 0.02965250 -0.00451594
v 0.00036853 0.02296303 -0.01830605
v 0.00574588 0.01220547 -0.02740484
v 0.00839353 0.01754234 -0.02432991
v 0.03879770 0.02476291 -0.01686696
v 0.00057228 0.02255114 -0.01912246
v 0.03928306 0.02564480 -0.01542571
v 0.00147682 0.02889818 -0.00802521
v 0.00284472 0.00766846 -0.02899523
v 0.02584162 0.02812401 -0.01042936
v 0.04178837 0.02645190 -0.01355986
v 0.00060264 0.02744059 -0.01109027
v 0.01601833 0.02822926 -0.01015344
v 0.04424025 0.02931103 -0.00034517
v 0.04328357 0.02757853 -0.01052148
v 0.00136078 0.01816557 -0.02386735
v 0.03883876 0.02802795 -0.01054569
v 0.04075528 0.02775813 -0.01092959
v 0.00804225 0.01535156 -0.02577328
v 0.00064003 0.02492534 -0.01603340
v 0.00140766 0.02439952 -0.01744193
v 0.04284518 0.02751329 -0.01092117
v 0.03282434 0.02962259 -0.00474171
v 0.00092214 0.02985922 -0.00041517
v 0.00138390 0.02998278 -0.00077918
v 0.00141742 0.02929409 -0.00644335
v 0.00994572 0.02328747 -0.01891199
v 0.03978412 0.02509373 -0.01629012
v 0.04329159 0.02458215 -0.01632478
v 0.00135867 0.02335279 -0.01882297
v 0.02715698 0.02881363 -0.00832490
v 0.00168579 0.02284719 -0.01942791
v 0.03418672 0.02821586 -0.01017406
v 0.00158263 0.02666778 -0.01373831
v 0.04677084 0.02404365 -0.01563648
v 0.00141520 0.02985354 -0.00293646
v 0.04595264 0.02888556 -0.00122727
v 0.04791497 0.02757373 -0.00634137
v 0.03866230 0.02550691 -0.01571055
v 0.00895538 0.00228318 -0.02991233
v 0.00253221 0.02321206 -0.01900382
v 0.03102713 0.02867864 -0.00879579
v 0.03783857 0.02520067 -0.01625467
v 0.04542801 0.02443320 -0.01572991
v 0.00257382 0.02394397 -0.01806178
v 0.04435558 0.02802666 -0.00854082
v 0.04230460 0.02489639 -0.01615201
v 0.00231816 0.02995188 -0.00156723
v 0.00013400 0.00361486 -0.02889552
v 0.00847007 0.01557562 -0.02563521
v 0.00003987 0.01113093 -0.02681553
v 0.00236634 0.00619259 -0.02934852
v 0.04389161 0.02938074 -0.00129509
v 0.03676716 0.02651752 -0.01399809
v 0.00818386 0.00879953 -0.02867572
v 0.00149773 0.01722729 -0.02454993
v 0.04760959 0.02559663 -0.01228022
v 0.00258410 0.00307731 -0.02983795
v 0.04815027 0.02306779 -0.01484993
v 0.00891796 0.00888419 -0.02865107
v 0.03884310 0.02992647 -0.00024466
v 0.00014260 0.02792654 -0.00829396
v 0.00039922 0.02337239 -0.01782927
v 0.00278340 0.02876605 -0.00851294
v 0.03131187 0.02923103 -0.00673682
v 0.00000000 0.02221641 -0.01810826
v 0.03434523 0.02674582 -0.01356932
v 0.04595965 0.02151978 -0.01612933
v 0.00027133 0.02922259 -0.00148089
v 0.01179797 0.02917225 -0.00699733
v 0.00069464 0.02510243 -0.01585630
v 0.03198729 0.02730181 -0.01243273
v 0.04372503 0.02884816 -0.00584442
v 0.02278790 0.02980162 -0.00344404
v 0.00336519 0.02115031 -0.02127377
v 0.00799633 0.01529076 -0.02581051
v 0.04385600 0.02805209 -0.00884320
v 0.00000000 0.00709068 -0.02735132
v 0.00080733 0.02710497 -0.01235714
v 0.00050143 0.02848488 -0.00767037
v 0.03808508 0.02985767 -0.00252068
v 0.00000000 0.02494033 -0.00003347
v 0.00139983 0.02160101 -0.02080640
v 0.04007191 0.02416332 -0.01764850
v 0.00098105 0.01622011 -0.02510723
v 0.04537977 0.02838077 -0.00622978
v 0.04290230 0.02518516 -0.01554115
v 0.03182377 0.02999628 -0.00011475
v 0.03851215 0.02425665 -0.01762598
v 0.00009264 0.02356470 -0.01702689
v 0.04084669 0.02810124 -0.00997744
v 0.00228464 0.02950006 -0.00543659
v 0.00137887 0.02641111 -0.01421427
v 0.00536937 0.01891891 -0.02327999
v 0.00120737 0.01709898 -0.02461355
v 0.02356138 0.02977261 -0.00367208
v 0.04280916 0.02885512 -0.00660681
v 0.04991678 0.02655648 -0.00709754
v 0.04319113 0.02436061 -0.01669352
v 0.00048331 0.00983001 -0.02779173
v 0.04494041 0.02891153 -0.00380756
v 0.03762648 0.02451254 -0.01728199
v 0.03823973 0.02587945 -0.01510275
v 0.00076672 0.01444350 -0.02601422
v 0.04293804 0.02405426 -0.01722551
v 0.00467614 0.01651142 -0.02504486
v 0.00125931 0.02941417 -0.00581133
v 0.03485795 0.02974211 -0.00380987
v 0.00304521 0.01529592 -0.02580693
v 0.00265651 0.02827937 -0.01001160
v 0.01149586 0.02723373 -0.01258248
v 0.03971595 0.02729178 -0.01223321
v 0.00076685 0.02955749 -0.00340130
v 0.03988556 0.02914104 -0.00667457
v 0.00104866 0.00917570 -0.02848095
v 0.00144449 0.02773889 -0.01141697
v 0.00244748 0.02883171 -0.00827210
v 0.00020092 0.00517668 -0.02873790
v 0.01271142 0.02300021 -0.01926021
v 0.00746485 0.00000428 -0.02999989
v 0.04305325 0.02929000 -0.00399669
v 0.02151766 0.02406955 -0.01790506
v 0.00166691 0.02901721 -0.00758203
v 0.04580254 0.02725581 -0.00971860
v 0.04303353 0.02726505 -0.01143378
v 0.00183976 0.01670399 -0.02491795
v 0.00099177 0.02987305 -0.00131584
v 0.03332638 0.02730044 -0.01243520
v 0.00002917 0.01191383 -0.02646162
v 0.00091550 0.01940014 -0.02269693
v 0.00026724 0.01045692 -0.02732902
v 0.04235857 0.02650187 -0.01331621
v 0.04803786 0.02501949 -0.01311326
v 0.00792758 0.01786595 -0.02409524
v 0.03164025 0.02435934 -0.01750868
v 0.00155410 0.01279339 -0.02713375
v 0.00002673 0.01005821 -0.02721489
v 0.04220133 0.02751373 -0.01114262
v 0.00000000 0.02813457 -0.00012372
v 0.00158889 0.02053131 -0.02187056
v 0.03266369 0.02987296 -0.00275329
v 0.04734954 0.02481909 -0.01397015
v 0.04655827 0.02548752 -0.01326487
v 0.00000000 0.02476181 -0.00325695
v 0.03260550 0.02730459 -0.01242653
v 0.00073642 0.02934482 -0.00476701
v 0.00177850 0.00768017 -0.02899295
v 0.03457372 0.02502214 -0.01654279
v 0.04666204 0.02868389 -0.00099454
v 0.00163902 0.01831579 -0.02375541
v 0.00103960 0.02977103 -0.00298665
v 0.03233299 0.02688773 -0.01330469
v 0.00141533 0.01259042 -0.02722745
v 0.04361598 0.02685481 -0.01206716
v 0.04649575 0.02395272 -0.01584249
v 0.00160340 0.01545489 -0.02571181
v 0.04289484 0.02783047 -0.01003930
v 0.00079487 0.02967838 -0.00245188
v 0.04222199 0.02907817 -0.00590395
v 0.00096665 0.01789059 -0.02394838
v 0.04456402 0.02702310 -0.01118252
v 0.00142912 0.02836667 -0.00975204
v 0.00000000 0.02689797 -0.00157755
v 0.00042046 0.02359838 -0.01755995
v 0.00411464 0.02688959 -0.01330157
v 0.03223431 0.02871905 -0.00867188
v 0.03136342 0.02978953 -0.00353620
v 0.00111489 0.02975948 -0.00332479
v 0.00099631 0.00692438 -0.02908699
v 0.03420641 0.02974597 -0.00381360
v 0.04979864 0.02752934 -0.00105068
v 0.04313012 0.02905874 -0.00529804
v 0.00557016 0.02316117 -0.01906597
v 0.04599348 0.02882327 -0.00185681
v 0.00058438 0.02937339 -0.00347068
v 0.04962188 0.02464906 -0.01248666
v 0.00524170 0.02909572 -0.00728767
v 0.03960959 0.02718690 -0.01247762
v 0.00000000 0.02727305 -0.00000034
v 0.03820883 0.02817575 -0.01018927
v 0.03251486 0.02989670 -0.00229537
v 0.04810838 0.02515964 -0.01275991
v 0.04675695 0.02386527 -0.01570443
v 0.02609782 0.02927000 -0.00655519
v 0.04525625 0.02356711 -0.01643206
v 0.00559152 0.02319518 -0.01902450
v 0.00053801 0.00012378 -0.02953671
v 0.04735042 0.02518174 -0.01334213
v 0.04619231 0.02426621 -0.01559005
v 0.00009911 0.00949151 -0.02749565
v 0.00006918 0.02840897 -0.00611501
v 0.04136089 0.02781295 -0.01063137
v 0.00179310 0.00626085 -0.02933242
v 0.00039532 0.00362604 -0.02916062
v 0.00564316 0.01689372 -0.02478890
v 0.02765066 0.02517021 -0.01632342
v 0.03764053 0.02918141 -0.00683479
v 0.00018138 0.02037506 -0.02088295
v 0.04569894 0.02409466 -0.01612276
v 0.00075786 0.02451489 -0.01684944
v 0.04070257 0.02610741 -0.01446072
f 422 905 1469
f 1217 1469 659
f 1469 905 659
f 91 905 1258
f 1258 905 569
f 569 328 246
f 91 1258 246
f 246 1258 569
f 91 246 814
f 814 328 377
f 814 246 328
f 569 905 363
f 363 422 569
f 905 422 363
f 1137 422 1469
f 644 905 91
f 644 659 905
f 160 328 569
f 160 929 328
f 138 1131 1217
f 894 659 199
f 814 485 453
f 453 644 91
f 659 644 453
f 453 199 659
f 569 422 1280
f 1280 160 569
f 1117 1131 561
f 1131 138 561
f 561 771 1117
f 704 935 1415
f 562 1469 1217
f 1217 1131 562
f 1080 814 377
f 1183 485 814
f 485 1183 1528
f 91 814 378
f 378 453 91
f 814 453 378
f 422 1137 925
f 925 1280 422
f 929 884 1071
f 1071 835 929
f 1245 561 138
f 1176 138 1217
f 715 1528 653
f 653 1528 1183
f 1536 1131 1117
f 1536 562 1131
f 885 1137 1469
f 1278 1080 377
f 377 328 1278
f 1447 1080 1278
f 328 929 1278
f 929 835 1278
f 696 1183 814
f 1512 659 894
f 485 1528 1431
f 1528 1488 1431
f 1431 1488 367
f 1137 1280 2
f 2 925 1137
f 1280 925 2
f 1137 295 1229
f 244 185 461
f 69 185 244
f 675 1211 234
f 1110 1245 138
f 138 1176 1110
f 561 1245 1110
f 771 561 1110
f 506 185 69
f 506 1415 935
f 935 185 506
f 1178 506 130
f 130 506 543
f 555 1040 1230
f 1304 223 123
f 123 562 1304
f 562 1536 1304
f 349 1080 1447
f 1447 602 349
f 1277 696 814
f 1066 1307 1080
f 367 461 805
f 461 1512 805
f 894 367 805
f 805 1512 894
f 242 185 935
f 461 185 242
f 485 1431 1276
f 1276 1431 199
f 1276 453 485
f 199 453 1276
f 894 199 1138
f 199 1431 1138
f 1138 367 894
f 1138 1431 367
f 55 1262 27
f 27 1409 55
f 27 1262 1230
f 1230 1040 27
f 350 794 351
f 1366 1164 28
f 1069 1403 489
f 1501 442 878
f 717 350 351
f 691 717 351
f 1 1428 38
f 514 1110 1176
f 461 242 514
f 514 242 935
f 29 1178 704
f 29 506 1178
f 704 1415 29
f 1415 506 29
f 1178 130 1547
f 1547 995 1178
f 69 244 621
f 183 555 1230
f 289 136 596
f 162 125 1274
f 64 837 220
f 838 865 441
f 441 946 1203
f 981 935 704
f 981 514 935
f 969 1304 1536
f 448 193 1006
f 1006 193 204
f 1183 696 804
f 696 1277 804
f 1080 1307 886
f 886 166 279
f 126 886 1307
f 1096 274 126
f 126 1307 119
f 1059 234 214
f 1486 1129 1123
f 704 31 781
f 781 20 704
f 337 781 31
f 16 1171 1246
f 573 478 31
f 704 1178 573
f 573 31 704
f 1178 995 466
f 466 995 507
f 507 478 466
f 1031 249 37
f 142 1025 1389
f 1203 1409 915
f 1409 27 915
f 915 441 1203
f 930 441 915
f 315 27 1040
f 236 234 1211
f 444 489 109
f 109 1064 444
f 1063 564 191
f 564 500 191
f 588 1047 37
f 1370 1098 564
f 887 605 144
f 1063 191 847
f 37 1047 103
f 103 1031 37
f 1171 1031 103
f 1246 1171 103
f 50 382 24
f 24 236 1211
f 382 236 24
f 675 475 1489
f 1489 475 58
f 58 452 1489
f 1489 1211 675
f 1489 452 1211
f 542 1164 1366
f 542 759 1164
f 1366 28 1529
f 1442 350 134
f 444 302 1442
f 794 350 1442
f 1501 878 1416
f 65 1428 1
f 65 717 477
f 743 621 244
f 415 691 1420
f 1021 315 1040
f 1040 954 1021
f 564 1098 402
f 651 1176 1217
f 651 514 1176
f 1217 659 651
f 807 1512 461
f 461 514 807
f 514 651 807
f 61 1547 130
f 949 995 122
f 122 1547 949
f 276 130 543
f 477 717 1330
f 717 691 1330
f 1513 833 543
f 1090 833 1513
f 1369 415 1420
f 455 415 1369
f 1090 592 1549
f 1549 833 1090
f 605 833 1549
f 592 1369 1549
f 1549 1369 1420
f 1420 691 1549
f 854 308 21
f 21 1529 43
f 308 1529 21
f 289 596 960
f 960 596 162
f 162 1274 960
f 1446 656 960
f 960 1274 1446
f 848 136 162
f 162 596 848
f 848 596 136
f 136 1244 1426
f 980 537 922
f 1395 136 289
f 427 1249 920
f 43 1529 1326
f 1326 1529 28
f 28 1008 1326
f 490 1413 1357
f 463 960 1422
f 1422 960 656
f 125 825 167
f 167 1274 125
f 825 1334 167
f 1541 308 679
f 162 136 1140
f 1140 125 162
f 1003 1140 136
f 571 1140 1003
f 1077 837 857
f 841 837 64
f 64 95 841
f 841 95 837
f 727 414 762
f 727 368 414
f 414 368 487
f 983 113 201
f 983 1127 653
f 499 558 951
f 1083 499 951
f 285 499 1083
f 201 113 701
f 701 39 1193
f 113 39 701
f 1253 113 558
f 1253 39 113
f 731 220 837
f 837 1077 731
f 731 1077 101
f 1048 150 731
f 55 1409 184
f 184 365 55
f 1220 183 1230
f 555 183 1220
f 1230 1262 1275
f 1275 1197 1230
f 674 581 838
f 838 441 674
f 674 1389 1030
f 674 930 1389
f 674 441 930
f 918 441 865
f 1117 771 275
f 275 667 1117
f 223 1304 1015
f 1304 969 1015
f 824 667 1123
f 1123 1129 824
f 824 1129 667
f 375 4 840
f 1076 1006 204
f 1076 316 1006
f 757 1066 1080
f 757 938 1066
f 1325 602 1447
f 1447 1278 1325
f 1132 360 1325
f 1278 966 1325
f 1325 966 1132
f 1183 804 985
f 985 804 425
f 804 565 1043
f 279 166 1037
f 1037 1277 814
f 1183 1363 1215
f 1215 653 1183
f 951 558 1215
f 1215 558 653
f 1215 1363 1346
f 287 23 1450
f 279 1520 501
f 501 886 279
f 501 1520 814
f 118 1096 1289
f 118 274 1096
f 1289 166 118
f 166 886 118
f 886 126 118
f 118 126 274
f 1208 212 1301
f 798 1200 928
f 928 212 798
f 1301 212 928
f 1079 961 413
f 424 409 413
f 798 212 1038
f 212 1208 1038
f 1038 1208 287
f 413 961 1038
f 1038 424 413
f 1435 928 1200
f 1301 928 1435
f 1435 960 463
f 287 908 822
f 822 1038 287
f 974 908 1096
f 1096 126 974
f 974 822 908
f 1038 822 974
f 719 126 119
f 1038 974 719
f 880 1059 1058
f 675 234 956
f 234 1059 956
f 1059 880 956
f 816 458 855
f 202 165 1405
f 1129 1486 765
f 1320 981 704
f 1320 331 981
f 20 781 469
f 781 815 469
f 84 815 781
f 202 1405 348
f 348 1316 846
f 348 1405 1316
f 347 855 202
f 1026 16 1246
f 1246 816 1026
f 1026 816 855
f 507 995 658
f 478 573 1251
f 1251 466 478
f 1251 573 1178
f 1178 466 1251
f 31 478 992
f 390 61 130
f 288 244 461
f 1028 909 1389
f 1389 930 1028
f 1028 179 56
f 1389 909 958
f 958 142 1389
f 517 1308 1025
f 123 223 963
f 963 635 123
f 223 635 963
f 223 1015 76
f 387 399 76
f 722 376 386
f 386 394 722
f 376 517 386
f 885 394 386
f 1137 885 386
f 484 1071 884
f 327 1280 1137
f 1137 1229 327
f 181 1028 930
f 179 1028 181
f 56 179 1216
f 531 518 502
f 777 1098 546
f 1098 302 546
f 444 1064 49
f 49 302 444
f 310 302 1098
f 794 1442 310
f 310 1442 302
f 351 794 310
f 310 144 605
f 605 1549 310
f 310 691 351
f 310 1549 691
f 1047 588 374
f 588 1115 374
f 37 249 304
f 304 249 1338
f 1045 605 887
f 887 1115 1045
f 1045 1115 588
f 687 1370 564
f 564 144 687
f 190 475 675
f 675 1246 190
f 1246 103 190
f 190 103 1047
f 158 518 531
f 459 1098 777
f 1098 906 525
f 303 322 380
f 380 322 300
f 1098 525 1497
f 1497 525 322
f 1497 322 303
f 58 475 1018
f 580 1177 447
f 1403 1416 580
f 970 1008 1283
f 1283 1008 1164
f 1283 359 970
f 1164 1477 1283
f 1306 28 1164
f 1164 1008 1306
f 1306 1008 28
f 1366 1529 1011
f 633 1067 134
f 1383 1442 134
f 1069 1442 1383
f 707 1069 489
f 489 557 707
f 707 1442 1069
f 707 557 1442
f 444 1442 879
f 1442 557 879
f 879 489 444
f 879 557 489
f 1501 1416 1033
f 1033 1416 1403
f 681 988 36
f 350 717 176
f 717 65 176
f 176 1237 350
f 176 65 1
f 176 799 1237
f 1141 743 1428
f 1428 743 5
f 743 1141 789
f 244 288 383
f 631 38 1428
f 146 280 333
f 813 842 335
f 1032 813 335
f 1425 1021 1124
f 1425 1505 869
f 846 1316 1475
f 1040 577 553
f 553 954 1040
f 27 315 151
f 315 1021 151
f 931 733 513
f 329 1059 214
f 1058 1059 329
f 234 236 873
f 236 733 873
f 564 402 1484
f 1484 402 457
f 1484 500 564
f 1484 693 500
f 1297 807 651
f 1297 651 659
f 995 1547 749
f 749 122 995
f 1547 122 749
f 1014 1330 691
f 127 592 1090
f 1439 1513 543
f 1185 510 1102
f 1102 505 1185
f 1185 577 1040
f 1102 510 48
f 510 1185 48
f 1040 555 48
f 48 1185 1040
f 555 1352 636
f 817 505 636
f 1366 1011 320
f 320 1529 308
f 320 1011 1529
f 1461 542 1366
f 759 542 1461
f 4 990 1061
f 1061 840 4
f 990 1473 1061
f 1367 308 1541
f 1089 225 1541
f 1541 679 1089
f 1089 1191 571
f 980 922 1055
f 43 1326 744
f 1382 1008 970
f 1382 1326 1008
f 361 600 336
f 1466 490 1357
f 1005 1422 656
f 463 1422 451
f 70 1334 1274
f 1274 167 70
f 70 167 1334
f 1191 446 120
f 769 656 1446
f 837 95 1310
f 857 837 1310
f 414 1268 1463
f 260 1268 414
f 414 487 260
f 260 487 1268
f 1194 487 368
f 1194 368 1048
f 1048 731 1194
f 762 414 1184
f 1187 265 524
f 13 265 1187
f 558 113 996
f 113 983 996
f 653 558 996
f 996 983 653
f 64 220 356
f 64 356 1269
f 285 1253 982
f 470 731 150
f 1048 1193 470
f 470 150 1048
f 1404 184 1409
f 1266 1262 55
f 1266 1053 1262
f 1197 1275 856
f 1262 1053 856
f 856 1275 1262
f 838 581 818
f 581 1154 818
f 399 482 861
f 1030 324 468
f 468 674 1030
f 324 674 468
f 210 369 420
f 420 861 210
f 1389 1025 269
f 981 331 541
f 541 1320 1123
f 331 1320 541
f 1123 667 541
f 667 275 541
f 1113 399 387
f 1113 482 399
f 1503 537 980
f 1144 316 375
f 375 840 1144
f 840 1061 1144
f 1006 316 1144
f 1144 1061 1006
f 413 409 1312
f 1312 409 204
f 204 193 1312
f 897 360 1132
f 1132 966 897
f 375 316 408
f 316 1076 408
f 384 804 1277
f 384 565 804
f 1277 1037 384
f 1289 565 384
f 384 166 1289
f 384 1037 166
f 263 565 1270
f 1270 565 1289
f 1289 1096 1270
f 1270 1096 263
f 751 1043 1386
f 425 804 751
f 804 1043 751
f 1498 263 1386
f 1386 1043 1498
f 1498 565 263
f 1498 1043 565
f 401 1037 814
f 1346 645 1402
f 1402 406 1091
f 968 1215 1346
f 503 451 509
f 463 451 503
f 1250 171 503
f 1013 501 814
f 886 501 1013
f 814 1080 1013
f 1080 886 1013
f 287 1208 1219
f 1219 1208 1301
f 1219 23 287
f 1219 1450 23
f 1301 503 1219
f 961 947 1295
f 6 947 961
f 1135 424 360
f 409 424 1135
f 360 897 1135
f 1135 897 409
f 1109 1200 798
f 798 1038 1109
f 232 1038 602
f 424 1038 232
f 602 1325 232
f 232 1325 360
f 360 424 232
f 1301 1435 515
f 515 503 1301
f 515 1435 463
f 463 503 515
f 289 960 1118
f 960 1435 1118
f 126 719 641
f 641 974 126
f 641 719 974
f 552 719 119
f 1038 719 552
f 552 349 602
f 602 1038 552
f 323 880 675
f 675 956 323
f 323 956 880
f 1313 1246 675
f 1313 816 1246
f 675 880 1313
f 1313 880 1058
f 1058 816 1313
f 1316 1405 790
f 526 1505 933
f 1255 348 846
f 1255 933 1505
f 1142 348 1255
f 1478 20 1001
f 1539 765 1486
f 619 1129 766
f 766 765 619
f 1480 1449 1486
f 611 1486 1123
f 1123 1320 611
f 611 1320 1486
f 1486 1320 979
f 1478 1400 979
f 979 1400 1486
f 979 1320 704
f 704 20 979
f 979 20 1478
f 781 337 1169
f 1444 348 1142
f 1142 347 1444
f 321 1142 718
f 321 1267 533
f 16 1026 1509
f 98 1082 1509
f 1509 533 98
f 1142 533 1509
f 855 347 1509
f 1509 347 1142
f 1171 16 1479
f 507 658 1479
f 31 992 426
f 426 992 1082
f 426 337 31
f 426 1082 98
f 1256 992 478
f 1256 1479 16
f 1082 992 1256
f 1256 478 507
f 507 1479 1256
f 16 1509 1256
f 1256 1509 1082
f 249 1031 1323
f 1355 690 1152
f 1152 890 1355
f 390 890 1152
f 1338 249 1152
f 1152 690 1338
f 249 1323 1152
f 367 288 820
f 820 461 367
f 820 288 461
f 1100 827 896
f 896 1528 1100
f 896 1488 1528
f 367 1488 896
f 243 1028 56
f 273 1028 243
f 1025 277 498
f 498 635 1025
f 498 562 123
f 123 635 498
f 1025 1308 810
f 810 277 1025
f 1025 142 559
f 559 517 1025
f 1308 517 1345
f 1345 517 376
f 1071 484 685
f 1280 327 338
f 338 327 217
f 1214 520 1146
f 1201 520 1214
f 1071 52 601
f 835 1071 601
f 52 35 601
f 601 35 639
f 379 295 1137
f 1137 1028 379
f 379 1028 273
f 27 151 1344
f 1344 151 1021
f 236 332 1344
f 931 513 1344
f 1344 733 236
f 1344 513 733
f 1098 1497 74
f 74 402 1098
f 74 811 402
f 876 236 44
f 876 332 236
f 86 236 382
f 86 382 50
f 50 1329 86
f 86 1329 1343
f 1343 1271 86
f 1047 374 932
f 930 915 1454
f 1454 915 27
f 447 1177 247
f 1177 1527 247
f 247 1527 36
f 849 943 38
f 283 849 734
f 943 849 283
f 917 813 1032
f 556 502 518
f 531 502 627
f 627 300 531
f 627 502 489
f 500 693 1192
f 207 847 191
f 207 1180 44
f 99 310 1098
f 144 310 99
f 99 687 144
f 1098 1370 99
f 1370 687 99
f 1379 374 1115
f 1379 1115 887
f 1063 932 1379
f 1379 932 374
f 887 144 1379
f 1379 564 1063
f 1379 144 564
f 264 304 1338
f 1338 1045 264
f 264 1045 588
f 264 588 37
f 37 304 264
f 1299 1271 1424
f 1424 1271 1343
f 192 158 1104
f 192 459 777
f 1104 459 192
f 342 158 531
f 1104 158 342
f 801 459 1104
f 1098 459 801
f 906 1545 313
f 313 525 906
f 531 300 313
f 300 322 313
f 768 24 1211
f 768 1223 24
f 767 1018 50
f 50 24 767
f 1018 767 1019
f 58 1018 1019
f 436 759 317
f 317 580 436
f 1164 759 436
f 489 1403 1112
f 1112 580 447
f 1403 580 1112
f 404 878 442
f 572 902 1477
f 970 359 1287
f 1287 1283 1477
f 359 1283 1287
f 41 747 134
f 41 799 747
f 1237 799 41
f 134 350 41
f 350 1237 41
f 741 799 389
f 1259 404 442
f 902 404 1259
f 385 1421 1477
f 134 747 1257
f 1257 633 134
f 1257 747 442
f 134 1067 230
f 230 1383 134
f 1069 1033 1273
f 1403 1069 1273
f 1273 1033 1403
f 1501 1033 871
f 871 442 1501
f 871 1257 442
f 1 38 617
f 617 176 1
f 38 943 617
f 617 943 389
f 389 799 617
f 799 176 617
f 169 1428 362
f 169 1141 1428
f 362 789 169
f 169 789 1141
f 621 743 400
f 400 789 621
f 743 789 400
f 244 383 508
f 97 508 1174
f 1429 148 325
f 97 631 1361
f 1428 5 1361
f 1361 631 1428
f 1361 5 743
f 1361 743 244
f 194 1340 680
f 146 333 1291
f 705 343 280
f 1252 343 970
f 280 343 1252
f 419 1252 970
f 1458 1425 189
f 189 1425 1124
f 1124 1021 189
f 1021 1458 189
f 1021 1425 1399
f 1455 755 725
f 1455 1475 1316
f 567 577 817
f 567 553 577
f 683 1021 954
f 954 553 683
f 883 733 931
f 907 53 96
f 53 883 96
f 96 883 1544
f 214 234 630
f 234 873 630
f 630 329 214
f 1058 329 630
f 630 873 1058
f 1058 873 1443
f 1365 1499 202
f 202 855 1365
f 855 458 1365
f 19 816 1058
f 458 816 19
f 659 1512 1493
f 1493 1297 659
f 1512 807 1493
f 807 1297 1493
f 543 833 1412
f 1412 449 543
f 833 449 1412
f 1351 276 543
f 543 449 1351
f 1351 449 690
f 1114 449 833
f 1114 833 605
f 1338 690 1114
f 690 449 1114
f 1114 1045 1338
f 605 1045 1114
f 130 276 1212
f 1212 890 390
f 1075 1212 276
f 890 1212 1075
f 1330 1014 1331
f 477 1330 1331
f 1331 1014 621
f 621 174 1331
f 1331 65 477
f 362 1428 1331
f 1428 65 1331
f 1331 789 362
f 1331 174 789
f 621 1014 87
f 69 621 87
f 87 1014 691
f 87 1150 69
f 455 1150 87
f 87 415 455
f 691 415 87
f 1012 127 1090
f 1012 1150 455
f 455 1369 554
f 554 1012 455
f 127 1012 554
f 554 1369 592
f 592 127 554
f 1090 1513 1222
f 22 1439 543
f 543 506 22
f 22 506 69
f 69 1150 22
f 577 1185 435
f 435 1185 505
f 817 577 435
f 435 505 817
f 133 505 594
f 594 505 1102
f 1102 48 594
f 594 48 555
f 1366 320 739
f 32 446 854
f 854 21 32
f 32 21 43
f 43 446 32
f 927 446 43
f 927 936 414
f 414 1463 927
f 648 446 927
f 854 446 128
f 1177 580 132
f 132 1527 1177
f 132 580 317
f 132 1461 988
f 988 1527 132
f 317 759 132
f 759 1461 132
f 339 988 681
f 339 1527 988
f 681 36 339
f 36 1527 339
f 539 186 988
f 245 922 539
f 1506 1003 136
f 571 1003 1506
f 1506 1089 571
f 1225 1000 12
f 1244 1000 1225
f 137 1000 1244
f 1244 1473 137
f 980 1055 1474
f 1541 225 826
f 826 1367 1541
f 988 1461 85
f 85 467 988
f 225 1055 197
f 197 1055 922
f 197 1487 225
f 197 922 245
f 888 1372 774
f 1249 427 92
f 427 1189 92
f 407 216 566
f 1515 967 682
f 600 361 682
f 336 600 682
f 682 967 336
f 970 343 1206
f 1206 1382 970
f 1326 1382 1206
f 700 967 1515
f 1391 1335 1060
f 1422 1005 1521
f 131 120 125
f 125 1140 131
f 131 1140 571
f 125 120 1327
f 1327 120 446
f 648 927 8
f 8 927 1463
f 101 1077 1281
f 1281 731 101
f 1281 1194 731
f 1268 487 910
f 487 1194 910
f 857 1463 910
f 910 1463 1268
f 910 1077 857
f 910 1281 1077
f 1194 1281 910
f 1372 224 46
f 678 1372 888
f 888 1441 678
f 1272 1205 923
f 923 224 1272
f 1272 224 1372
f 1159 13 916
f 888 524 1159
f 1159 524 265
f 265 13 1159
f 1159 1441 888
f 1430 701 1193
f 944 1430 1193
f 1430 944 251
f 143 983 201
f 285 1083 1333
f 529 1333 881
f 529 1253 285
f 285 1333 529
f 64 1269 1231
f 1231 254 64
f 39 1196 895
f 1193 39 895
f 558 499 1410
f 1410 1253 558
f 1410 982 1253
f 1073 410 1457
f 1457 1519 1073
f 1315 1193 1048
f 1128 1519 1457
f 1128 1457 1048
f 812 1404 1409
f 1358 1404 812
f 695 1358 812
f 1496 1358 695
f 281 184 1328
f 365 184 281
f 281 163 365
f 365 163 188
f 728 163 17
f 298 219 1220
f 997 219 298
f 298 1220 1230
f 1220 219 272
f 758 861 482
f 482 1319 758
f 758 1319 250
f 838 417 1260
f 1260 865 838
f 889 708 250
f 250 1294 889
f 215 420 369
f 1243 76 399
f 399 420 1243
f 223 76 1243
f 1243 635 223
f 399 861 598
f 598 420 399
f 861 420 598
f 587 369 210
f 587 1072 369
f 587 1209 34
f 1154 1072 587
f 1407 1154 581
f 1407 1072 1154
f 369 1072 1407
f 1389 269 1093
f 1427 275 771
f 1427 541 275
f 771 1110 1427
f 1110 514 1427
f 514 981 1427
f 981 541 1427
f 1166 721 1182
f 1117 667 1182
f 1182 1536 1117
f 1182 721 1536
f 1147 1129 619
f 1467 416 1004
f 1172 1113 387
f 582 969 1536
f 582 1015 969
f 375 660 1322
f 204 409 284
f 284 1076 204
f 1037 401 1121
f 1121 1520 279
f 279 1037 1121
f 175 1402 1091
f 1346 1402 175
f 1091 968 175
f 175 968 1346
f 294 1402 645
f 1234 645 1386
f 1234 108 645
f 951 1215 330
f 1215 968 330
f 330 1083 951
f 330 1333 1083
f 330 968 1240
f 1240 1333 330
f 1096 908 1198
f 1198 908 287
f 287 1450 1198
f 547 503 171
f 547 1198 1450
f 1092 1198 547
f 1250 503 206
f 1450 1219 903
f 903 1219 503
f 903 547 1450
f 503 547 903
f 1156 1295 947
f 961 1079 117
f 117 6 961
f 1387 1038 961
f 1387 1109 1038
f 106 1435 1200
f 168 1118 1435
f 289 1118 168
f 168 1395 289
f 168 1473 1244
f 168 1244 136
f 1435 106 168
f 136 1395 168
f 168 1061 1473
f 448 1006 168
f 1006 1061 168
f 579 938 349
f 349 552 579
f 1066 938 579
f 1316 790 1314
f 1314 1544 1316
f 1314 96 1544
f 673 1505 526
f 869 1505 203
f 373 1255 1505
f 817 718 373
f 373 1505 817
f 718 1142 373
f 1142 1255 373
f 20 469 549
f 549 469 815
f 1478 1001 1050
f 1143 661 834
f 1134 661 1143
f 1129 765 346
f 346 766 1129
f 765 766 346
f 1181 1449 669
f 669 1143 1181
f 1181 1143 1539
f 1486 1400 153
f 153 1480 1486
f 1318 1480 153
f 348 1444 845
f 845 1444 347
f 202 348 845
f 845 347 202
f 1434 533 1142
f 1142 321 1434
f 1434 321 533
f 1453 321 405
f 405 321 718
f 405 1050 1453
f 305 1050 405
f 405 718 817
f 817 305 405
f 1267 321 170
f 170 321 1453
f 98 533 170
f 533 1267 170
f 1453 815 170
f 815 84 170
f 170 1169 337
f 170 84 781
f 781 1169 170
f 170 426 98
f 337 426 170
f 423 1026 855
f 855 1509 423
f 423 1509 1026
f 1171 1479 89
f 89 1479 658
f 949 1031 89
f 89 1031 1171
f 89 995 949
f 89 658 995
f 638 1031 949
f 638 1323 1031
f 1495 194 319
f 217 685 1288
f 1288 685 484
f 689 1146 1229
f 1214 1146 689
f 261 35 326
f 326 1146 261
f 296 685 217
f 296 1146 326
f 217 327 296
f 296 327 1229
f 1229 1146 296
f 639 35 1085
f 1085 523 639
f 1085 616 1491
f 1537 1085 1491
f 486 601 639
f 639 523 486
f 835 601 486
f 486 1525 835
f 486 523 1525
f 623 181 930
f 930 307 623
f 628 307 930
f 628 341 395
f 56 1216 528
f 1216 1119 528
f 1201 379 149
f 149 379 1417
f 1417 379 1232
f 1232 379 273
f 931 1344 88
f 88 1344 1021
f 88 755 931
f 725 755 88
f 1021 1399 88
f 88 429 725
f 1136 876 44
f 457 876 1136
f 332 876 649
f 402 811 649
f 457 402 649
f 649 876 457
f 495 784 236
f 236 86 495
f 1063 847 1157
f 44 236 1468
f 1317 1454 27
f 987 1454 1317
f 1035 447 973
f 38 631 1303
f 1303 849 38
f 734 849 1303
f 1342 73 1357
f 1357 1413 1342
f 389 943 697
f 943 283 697
f 283 917 697
f 1160 917 1032
f 1160 809 1465
f 1465 741 1160
f 1160 697 917
f 1160 741 389
f 389 697 1160
f 502 556 100
f 100 109 489
f 489 502 100
f 500 1192 1471
f 1394 191 500
f 500 207 1394
f 1394 207 191
f 500 1056 1148
f 1148 207 500
f 1056 1180 1148
f 1180 207 1148
f 44 7 312
f 312 207 44
f 312 7 662
f 662 847 312
f 847 207 312
f 25 1545 906
f 25 906 1098
f 1098 801 25
f 322 525 221
f 221 313 322
f 525 313 221
f 24 1223 1027
f 583 436 580
f 334 404 902
f 334 580 1416
f 334 1416 878
f 878 404 334
f 1170 741 1465
f 747 799 1170
f 799 741 1170
f 1477 902 110
f 110 385 1477
f 902 385 110
f 902 1259 306
f 306 385 902
f 1421 385 306
f 1514 230 1067
f 633 1257 1165
f 1257 871 1165
f 1067 633 1165
f 1165 1514 1067
f 962 230 1165
f 230 1514 1165
f 621 789 105
f 105 174 621
f 789 174 105
f 148 1239 1540
f 325 148 1540
f 1540 383 288
f 1540 1239 383
f 723 508 383
f 723 1174 508
f 114 194 1495
f 114 1107 194
f 1495 652 114
f 114 652 1107
f 1187 524 836
f 836 652 1187
f 1107 652 836
f 104 1107 73
f 194 1107 104
f 104 1340 194
f 97 1361 699
f 921 631 97
f 97 1174 921
f 1174 680 921
f 921 1303 631
f 921 680 1340
f 548 680 1174
f 548 723 383
f 1174 723 548
f 783 1429 194
f 194 680 783
f 900 286 1359
f 1359 286 970
f 1459 917 146
f 146 1291 1459
f 813 917 1459
f 775 280 146
f 775 705 280
f 57 419 970
f 970 286 57
f 1362 419 842
f 712 335 842
f 842 419 712
f 1368 1425 869
f 1368 1399 1425
f 443 1455 725
f 1475 1455 443
f 590 1458 672
f 672 1458 1021
f 672 1505 590
f 817 1505 672
f 438 165 202
f 202 1499 438
f 438 640 165
f 874 640 438
f 1058 1443 823
f 823 19 1058
f 1499 1365 823
f 823 1365 458
f 458 19 823
f 1337 390 130
f 130 1212 1337
f 1337 1212 390
f 690 1075 124
f 124 1075 276
f 483 690 1355
f 483 1075 690
f 262 1012 1090
f 1090 1222 262
f 1513 1439 262
f 262 1222 1513
f 133 594 1485
f 1485 505 133
f 1485 636 505
f 555 636 1485
f 1485 594 555
f 1502 219 997
f 817 636 1502
f 1502 305 817
f 1502 272 219
f 1502 636 1352
f 854 128 1173
f 1173 308 854
f 862 128 446
f 1286 155 1481
f 1286 1481 922
f 1286 922 537
f 785 155 1081
f 756 476 155
f 988 186 772
f 136 1426 1284
f 1089 1506 937
f 225 1089 937
f 937 1284 1371
f 1371 1055 937
f 937 1055 225
f 471 990 4
f 709 1510 418
f 1510 471 418
f 418 471 4
f 418 4 375
f 375 112 418
f 256 739 320
f 1366 739 256
f 256 320 308
f 308 1367 256
f 796 1461 1366
f 796 85 1461
f 1366 256 796
f 796 256 85
f 467 1487 1002
f 1487 197 1002
f 888 774 934
f 1226 216 407
f 407 566 544
f 43 744 942
f 942 927 43
f 936 927 942
f 1302 682 1391
f 1515 682 1302
f 991 744 1326
f 991 1210 744
f 336 1210 991
f 991 361 336
f 991 1206 361
f 1326 1206 991
f 913 566 744
f 336 967 1282
f 1282 1210 336
f 971 700 1515
f 490 700 971
f 311 700 490
f 490 1466 311
f 1189 278 1526
f 1526 278 967
f 872 1189 427
f 872 278 1189
f 462 1060 1335
f 1335 396 462
f 1511 462 396
f 1511 396 146
f 146 917 1511
f 1511 917 283
f 283 1342 1511
f 433 1153 1422
f 1422 1521 433
f 433 1521 595
f 972 1153 433
f 433 509 972
f 433 1470 509
f 64 254 433
f 433 95 64
f 433 595 95
f 1068 769 1446
f 1068 1508 769
f 1446 1274 1068
f 591 1020 882
f 1048 368 875
f 875 46 1048
f 1350 46 224
f 224 1073 1350
f 1372 678 344
f 344 1272 1372
f 1456 241 73
f 73 1107 1456
f 1456 524 888
f 1456 836 524
f 1107 836 1456
f 1375 1456 888
f 241 1456 1375
f 1249 92 1375
f 1357 73 1375
f 73 241 1375
f 266 1159 916
f 1016 870 1490
f 1016 411 870
f 201 701 776
f 701 1430 776
f 776 251 201
f 1430 251 776
f 270 944 1193
f 1193 1315 270
f 1162 1300 735
f 1179 1397 735
f 735 1300 1179
f 1179 1300 993
f 647 270 410
f 1127 983 732
f 653 1127 732
f 1240 1231 1213
f 292 1231 1240
f 1091 406 292
f 292 968 1091
f 1240 968 292
f 254 1231 292
f 998 891 292
f 292 294 998
f 1402 294 292
f 292 891 1250
f 1151 1196 39
f 881 1196 1151
f 39 1253 1151
f 1253 529 1151
f 372 1269 356
f 372 895 1269
f 608 895 1196
f 1024 470 1193
f 1193 694 1024
f 731 470 1024
f 1024 694 731
f 1193 895 42
f 42 694 1193
f 895 372 42
f 42 372 356
f 253 1073 229
f 916 13 1204
f 1204 844 916
f 1048 46 637
f 637 1128 1048
f 94 1496 695
f 94 1095 250
f 250 1319 94
f 1319 1518 94
f 94 1518 612
f 94 728 17
f 612 728 94
f 17 163 1167
f 1167 94 17
f 1496 94 1167
f 1167 163 911
f 609 281 1328
f 911 163 609
f 163 281 609
f 55 365 147
f 791 1266 55
f 1053 1266 791
f 163 728 764
f 764 728 612
f 1139 1352 555
f 555 1220 1139
f 1220 272 1139
f 1053 1238 472
f 1023 472 1238
f 997 298 1023
f 1197 856 1023
f 1023 856 1053
f 1053 472 1023
f 1023 298 1230
f 1230 1197 1023
f 34 1209 480
f 210 861 480
f 480 587 210
f 1209 587 480
f 480 632 818
f 480 818 1154
f 858 1321 1095
f 858 94 695
f 1095 94 858
f 708 889 235
f 865 1260 235
f 948 889 1294
f 946 441 460
f 460 187 946
f 391 215 1025
f 420 215 391
f 1025 635 391
f 635 1243 391
f 391 1243 420
f 1154 587 80
f 80 587 34
f 80 480 1154
f 34 480 80
f 581 674 868
f 868 1407 581
f 868 674 324
f 1349 710 1389
f 1389 1093 1349
f 78 324 1030
f 1305 1467 1129
f 416 1467 1305
f 1129 1147 1305
f 1129 1467 9
f 1004 1398 657
f 657 1467 1004
f 657 9 1467
f 1129 9 657
f 667 1129 657
f 657 1182 667
f 657 1398 1166
f 1166 1182 657
f 1113 1172 1218
f 1004 237 1218
f 1166 1398 720
f 1398 1264 720
f 1125 1398 1004
f 1004 1218 1125
f 545 112 375
f 375 1322 545
f 964 1290 537
f 537 1503 964
f 1503 1207 964
f 604 976 1049
f 709 418 604
f 604 418 976
f 182 408 1076
f 1076 284 182
f 409 897 738
f 738 284 409
f 738 897 966
f 966 284 738
f 853 284 966
f 408 182 853
f 853 182 284
f 853 140 660
f 853 660 375
f 375 408 853
f 853 966 1278
f 238 171 1250
f 238 294 171
f 645 108 945
f 945 294 645
f 171 294 945
f 753 1234 1386
f 1386 263 753
f 82 1198 1092
f 82 753 263
f 263 1096 82
f 1096 1198 82
f 254 206 576
f 1470 433 576
f 576 433 254
f 576 206 503
f 509 1470 576
f 576 503 509
f 512 168 106
f 448 168 512
f 512 947 448
f 512 1156 947
f 711 673 429
f 1505 673 711
f 711 203 1505
f 429 88 711
f 629 1050 1001
f 629 549 815
f 629 815 1453
f 1453 1050 629
f 834 661 716
f 716 1143 834
f 765 1539 716
f 1539 1143 716
f 54 716 661
f 1134 586 54
f 54 661 1134
f 54 614 619
f 765 716 54
f 1186 638 949
f 949 1547 1186
f 1547 61 1186
f 61 390 1186
f 390 1152 1186
f 1186 1152 1323
f 1323 638 1186
f 1495 319 859
f 194 1429 102
f 67 896 1476
f 271 1418 668
f 668 288 271
f 271 288 367
f 367 511 271
f 1133 252 668
f 668 1418 1133
f 1462 652 1495
f 1517 536 1187
f 141 1462 1507
f 1384 1504 178
f 1384 1085 35
f 616 1085 1384
f 35 261 222
f 222 1384 35
f 1504 1384 222
f 520 1201 222
f 1201 1504 222
f 326 35 676
f 593 418 830
f 523 1085 852
f 852 1537 523
f 1085 1537 852
f 178 1504 66
f 341 628 66
f 1201 149 686
f 1417 1232 832
f 832 1232 341
f 200 1232 273
f 341 1232 200
f 300 1392 570
f 821 1497 303
f 821 74 1497
f 332 649 1438
f 811 74 663
f 663 649 811
f 74 649 663
f 1155 932 784
f 784 495 1155
f 1155 714 932
f 495 714 1155
f 1432 1271 1299
f 1432 714 495
f 1299 475 1432
f 1432 190 1047
f 475 190 1432
f 1047 932 1432
f 932 714 1432
f 851 86 1271
f 851 495 86
f 1271 1432 851
f 851 1432 495
f 1381 932 1063
f 1063 1157 1381
f 1381 1157 932
f 353 7 44
f 44 1468 353
f 975 1468 236
f 27 987 479
f 479 1317 27
f 987 1317 479
f 625 75 247
f 625 36 988
f 625 247 36
f 73 1342 724
f 724 1342 283
f 724 104 73
f 724 283 734
f 1340 104 724
f 1188 1342 1413
f 530 1342 1188
f 800 100 556
f 1064 109 800
f 109 100 800
f 1122 1192 693
f 1122 1471 1192
f 761 1056 500
f 500 1471 761
f 268 801 1104
f 268 25 801
f 1019 1027 47
f 47 1027 1223
f 829 583 580
f 829 572 1477
f 436 583 829
f 580 334 829
f 829 1477 1164
f 1164 436 829
f 902 572 829
f 829 334 902
f 599 208 1259
f 442 747 599
f 599 1259 442
f 1421 306 1460
f 1259 208 1460
f 1460 306 1259
f 867 1199 1494
f 1494 464 867
f 1477 1421 1494
f 955 1199 51
f 1465 809 51
f 1065 871 1033
f 1065 1165 871
f 1235 1361 244
f 1235 699 1361
f 244 508 1235
f 1235 508 97
f 97 699 1235
f 734 1303 919
f 1303 921 919
f 148 680 293
f 1106 680 148
f 1106 783 680
f 148 1429 1106
f 1429 783 1106
f 860 773 434
f 434 1359 860
f 900 1359 434
f 434 773 809
f 1252 419 986
f 419 1362 986
f 817 672 388
f 1044 874 53
f 1044 640 874
f 1044 53 907
f 532 823 1443
f 532 1443 873
f 1499 823 532
f 532 873 733
f 305 1502 1084
f 1053 764 1084
f 612 1518 563
f 563 764 612
f 205 1502 1352
f 272 1502 205
f 1352 1139 205
f 205 1139 272
f 1440 679 308
f 308 1173 1440
f 18 446 1191
f 18 862 446
f 1191 1089 18
f 537 1290 180
f 180 1286 537
f 1290 1070 180
f 1070 1081 180
f 155 1286 180
f 180 1081 155
f 1481 155 1248
f 155 476 1248
f 901 988 1248
f 988 772 1248
f 476 756 72
f 247 75 72
f 72 756 247
f 1247 1284 1426
f 299 937 1506
f 990 471 240
f 1284 1247 240
f 1371 1284 240
f 240 1247 12
f 12 1000 240
f 240 1055 1371
f 240 1474 1055
f 980 1474 240
f 240 471 980
f 1039 1503 980
f 980 471 1039
f 745 256 1367
f 85 256 745
f 467 1002 560
f 245 539 560
f 988 467 560
f 560 539 988
f 888 934 850
f 358 427 920
f 358 787 427
f 427 787 1419
f 59 164 888
f 59 1161 164
f 888 850 59
f 1293 967 111
f 566 591 535
f 936 942 965
f 965 535 1184
f 414 936 965
f 965 1184 414
f 1391 1060 521
f 521 1302 1391
f 744 1210 1261
f 1261 913 744
f 488 1293 544
f 488 1282 967
f 967 1293 488
f 111 967 702
f 967 797 702
f 967 278 650
f 1086 1511 1342
f 595 534 116
f 95 595 116
f 116 1310 95
f 959 1310 474
f 857 1310 959
f 1274 1334 115
f 115 1068 1274
f 115 1334 825
f 115 825 648
f 648 8 115
f 115 1463 857
f 115 8 1463
f 882 1020 574
f 1372 46 574
f 46 3 574
f 46 875 1078
f 1078 3 46
f 352 1073 1519
f 352 1350 1073
f 1357 1375 1472
f 1159 266 1029
f 1029 266 1205
f 870 411 795
f 1187 536 1385
f 698 13 1385
f 1385 13 1187
f 677 735 1397
f 677 1397 159
f 1179 993 703
f 999 251 944
f 944 270 454
f 270 647 454
f 983 143 726
f 726 732 983
f 575 1213 1231
f 863 292 1250
f 254 292 863
f 782 529 881
f 881 1151 782
f 782 1151 529
f 79 1231 1269
f 1269 895 79
f 895 608 79
f 694 42 290
f 731 694 290
f 220 731 290
f 290 42 356
f 290 356 220
f 1073 253 345
f 410 1073 345
f 345 647 410
f 1490 251 345
f 345 999 647
f 251 999 345
f 916 844 752
f 228 1480 1318
f 1318 665 228
f 1449 1480 228
f 11 665 1318
f 1279 665 11
f 211 1279 586
f 211 665 1279
f 211 228 665
f 1053 791 60
f 997 1023 196
f 196 1023 1238
f 196 1238 1053
f 1053 1084 196
f 196 1502 997
f 196 1084 1502
f 417 899 259
f 259 1260 417
f 259 235 1260
f 259 899 786
f 129 480 786
f 786 899 129
f 250 708 1052
f 1052 758 250
f 861 758 1052
f 1052 480 861
f 865 948 1042
f 1042 948 1294
f 1042 918 865
f 1190 187 1294
f 1190 1088 187
f 1518 614 440
f 440 563 1518
f 440 54 586
f 614 54 440
f 309 1147 619
f 619 614 309
f 309 614 237
f 1004 416 309
f 309 237 1004
f 237 614 519
f 519 1319 482
f 519 1518 1319
f 519 614 1518
f 519 1218 237
f 482 1113 519
f 1113 1218 519
f 551 868 324
f 324 78 551
f 369 1407 1057
f 1407 868 1057
f 868 551 1057
f 1057 780 369
f 1057 1349 780
f 710 1349 1057
f 1097 721 1166
f 1536 721 1097
f 1097 582 1536
f 1543 1264 1398
f 1398 1125 1543
f 1543 1125 1264
f 1406 545 830
f 112 545 1406
f 830 418 1406
f 1406 418 112
f 1537 593 1482
f 1036 1022 1525
f 1278 1022 1036
f 1036 853 1278
f 140 853 1036
f 161 610 709
f 709 604 161
f 709 610 642
f 642 610 1207
f 642 1207 1503
f 439 604 1049
f 15 604 173
f 1250 891 1126
f 1126 238 1250
f 1234 753 267
f 77 547 171
f 866 82 1092
f 753 82 866
f 770 106 1200
f 770 512 106
f 550 1400 1478
f 1478 1050 550
f 550 1050 370
f 1318 153 445
f 445 370 1318
f 445 153 1400
f 445 550 370
f 1400 550 445
f 941 54 619
f 765 54 941
f 1074 1540 288
f 1074 859 319
f 1074 288 668
f 1074 670 1495
f 1495 859 1074
f 706 319 194
f 194 102 706
f 67 1476 1373
f 252 1133 1175
f 668 252 1175
f 652 1462 1336
f 1462 141 1336
f 893 141 1507
f 1476 141 893
f 364 1074 668
f 670 1074 364
f 1408 296 326
f 326 676 1408
f 173 604 1492
f 604 439 1492
f 1492 439 1049
f 1049 976 1492
f 976 418 1492
f 418 593 1492
f 1491 616 431
f 616 1384 431
f 1532 1504 1201
f 1201 686 1532
f 341 200 540
f 643 1392 300
f 643 154 1392
f 1254 627 489
f 1254 154 627
f 1227 380 300
f 300 570 1227
f 1451 649 74
f 1451 1438 649
f 932 1157 63
f 63 568 932
f 7 353 1376
f 236 784 578
f 578 975 236
f 26 975 578
f 784 932 578
f 578 568 26
f 932 568 578
f 1454 1163 684
f 930 1454 684
f 1448 1163 1454
f 597 1081 1070
f 597 1070 1290
f 1548 684 397
f 1094 155 785
f 27 1344 939
f 1111 1309 977
f 977 1309 27
f 27 939 977
f 977 939 898
f 27 1309 806
f 806 1309 666
f 247 756 1550
f 1550 1094 819
f 447 247 357
f 247 1550 357
f 357 973 447
f 58 1019 504
f 1019 47 504
f 914 1494 1421
f 464 1494 914
f 465 1199 867
f 465 51 1199
f 955 51 1130
f 809 773 1130
f 1130 51 809
f 962 1165 538
f 734 919 904
f 904 724 734
f 1340 724 904
f 904 921 1340
f 904 919 921
f 680 548 392
f 392 293 680
f 1411 1239 148
f 148 293 1411
f 293 392 1411
f 145 567 817
f 817 388 145
f 626 438 1499
f 1499 532 626
f 733 788 626
f 626 532 733
f 497 788 733
f 733 883 497
f 497 883 53
f 305 1084 195
f 195 1084 1279
f 1279 11 195
f 195 1050 305
f 370 1050 195
f 1318 370 195
f 195 11 1318
f 1279 1084 1464
f 586 1279 1464
f 1464 1084 764
f 764 563 1464
f 901 1248 1360
f 1360 1248 476
f 1284 937 1364
f 937 299 1364
f 1149 1419 787
f 1226 1419 1149
f 216 1226 1149
f 692 585 920
f 301 942 744
f 566 535 412
f 535 965 412
f 255 544 566
f 255 488 544
f 1380 797 967
f 967 650 1380
f 622 1342 530
f 622 1086 1342
f 403 116 534
f 403 534 769
f 769 1508 403
f 1285 959 474
f 1068 959 1285
f 1508 1068 1285
f 1372 574 1228
f 1228 574 1020
f 1184 3 1041
f 606 1375 92
f 606 1472 1375
f 1205 1272 227
f 227 1029 1205
f 411 620 994
f 994 795 411
f 620 1385 589
f 381 620 411
f 654 779 139
f 139 779 1162
f 1162 735 139
f 1374 1476 896
f 536 1476 1374
f 1374 1385 536
f 993 157 209
f 1490 870 354
f 354 251 1490
f 157 793 354
f 68 779 654
f 732 828 257
f 653 732 257
f 624 575 1231
f 624 1231 881
f 881 1333 624
f 1423 763 1298
f 430 1445 1099
f 1099 752 430
f 916 752 1099
f 1051 1445 430
f 430 248 1051
f 1051 248 229
f 428 211 586
f 428 586 1134
f 669 1449 428
f 1449 228 428
f 228 211 428
f 1053 60 584
f 584 764 1053
f 584 188 163
f 163 764 584
f 365 188 45
f 45 147 365
f 188 584 45
f 45 584 60
f 45 60 791
f 708 235 371
f 235 259 371
f 632 480 737
f 480 129 737
f 250 1095 1542
f 1542 1294 250
f 1095 1321 736
f 946 187 318
f 187 1088 318
f 603 720 1264
f 877 1218 1172
f 1172 198 877
f 877 1125 1218
f 1264 1125 877
f 877 198 1264
f 912 198 1221
f 1221 198 1172
f 1221 582 912
f 387 76 1221
f 1221 1172 387
f 1221 76 1015
f 1015 582 1221
f 830 545 615
f 615 593 830
f 615 1482 593
f 1525 523 121
f 121 1036 1525
f 523 713 121
f 604 15 634
f 171 267 1523
f 1523 77 171
f 1523 267 753
f 325 1540 1224
f 1224 1429 325
f 1224 102 1429
f 1224 706 102
f 1507 1175 924
f 924 1175 1133
f 924 893 1507
f 924 1373 1476
f 1476 893 924
f 1507 1462 952
f 1500 1336 141
f 1500 1476 536
f 1500 141 1476
f 536 1517 1500
f 340 593 1537
f 340 1492 593
f 173 1492 340
f 239 1537 1491
f 1491 431 239
f 1538 431 1384
f 1538 239 431
f 740 15 173
f 173 340 740
f 740 340 1537
f 1537 239 740
f 395 341 1534
f 341 540 1534
f 1534 1119 1216
f 1202 643 300
f 154 643 1202
f 300 627 1202
f 627 154 1202
f 1392 953 218
f 332 1438 481
f 746 1438 40
f 1438 1451 40
f 40 218 953
f 40 1451 74
f 40 437 746
f 953 437 40
f 74 821 40
f 568 63 516
f 30 847 662
f 662 7 30
f 7 1376 30
f 1242 684 1163
f 83 684 1548
f 178 66 83
f 83 66 628
f 83 628 930
f 930 684 83
f 450 1242 1163
f 1105 1454 987
f 1105 1448 1454
f 1105 231 1396
f 1105 987 27
f 666 231 1105
f 27 806 1105
f 1105 806 666
f 1436 597 1017
f 1111 1263 1311
f 819 1094 750
f 750 1311 1263
f 831 597 1436
f 1436 1094 831
f 831 1094 785
f 785 1081 831
f 1081 597 831
f 926 939 1344
f 898 939 926
f 926 1433 898
f 332 481 493
f 778 1550 756
f 1094 1550 778
f 432 1550 1263
f 432 357 1550
f 973 357 62
f 1035 973 62
f 62 1254 489
f 62 447 1035
f 489 1112 62
f 62 1112 447
f 1392 154 1388
f 81 1263 1111
f 81 314 1263
f 1165 1065 655
f 655 538 1165
f 438 626 226
f 226 626 788
f 563 440 1233
f 1233 1464 563
f 1233 440 586
f 586 1464 1233
f 920 1249 71
f 71 692 920
f 1546 965 942
f 942 301 1546
f 978 255 566
f 3 1078 1341
f 1341 1041 3
f 762 1184 494
f 1184 1041 494
f 1062 677 159
f 1062 1374 677
f 1062 589 1385
f 1385 1374 1062
f 839 1385 620
f 620 381 839
f 677 1374 1120
f 1120 896 827
f 1120 1374 896
f 1158 703 993
f 993 209 1158
f 803 793 157
f 496 68 654
f 653 257 1292
f 715 653 1292
f 1100 1528 1292
f 1292 1528 715
f 646 93 732
f 732 726 646
f 726 93 646
f 671 1298 763
f 229 1298 671
f 671 253 229
f 229 1073 1516
f 1516 1051 229
f 1054 791 55
f 1054 45 791
f 1401 1190 1294
f 1294 1542 1401
f 946 318 754
f 1264 198 1034
f 1034 603 1264
f 1097 603 1046
f 582 1097 1046
f 1046 1034 198
f 603 1034 1046
f 912 582 1046
f 1046 198 912
f 1482 615 1531
f 1236 713 523
f 523 1537 1236
f 1537 1482 1236
f 604 634 984
f 984 964 1207
f 984 634 964
f 957 924 1133
f 957 1133 1418
f 355 1175 1507
f 1507 952 355
f 355 1108 668
f 668 1175 355
f 135 1517 1187
f 135 1500 1517
f 1336 1500 135
f 1187 652 135
f 652 1336 135
f 239 1538 1393
f 1393 740 239
f 1119 1534 688
f 688 1534 540
f 1010 353 1468
f 1390 1195 63
f 1390 1157 847
f 1390 63 1157
f 90 450 172
f 172 1017 90
f 172 450 1163
f 1116 1094 1436
f 1116 1105 1396
f 1163 1448 1378
f 1448 1105 1378
f 90 1017 291
f 291 1017 597
f 291 597 1290
f 1396 231 1101
f 1094 1116 491
f 491 750 1094
f 1311 750 491
f 898 1433 473
f 473 977 898
f 1433 926 473
f 1111 977 473
f 332 493 473
f 1354 493 746
f 746 437 1354
f 1145 62 357
f 989 432 1263
f 1263 314 989
f 1392 1388 607
f 607 1388 314
f 607 953 1392
f 154 1254 1087
f 1254 62 1087
f 802 81 1111
f 1111 473 802
f 802 473 493
f 1353 497 53
f 1353 1483 497
f 438 226 107
f 1020 591 1007
f 1007 591 566
f 566 913 1332
f 1332 978 566
f 258 843 950
f 258 950 1016
f 258 1016 1490
f 1168 618 698
f 1385 864 1168
f 698 1385 1168
f 1168 1298 618
f 1423 1298 1168
f 1347 157 993
f 1347 803 157
f 201 251 1265
f 251 282 1265
f 251 354 1530
f 1530 282 251
f 1530 354 793
f 68 496 1437
f 1437 496 828
f 1437 828 732
f 946 754 393
f 393 754 1321
f 213 736 1321
f 1321 754 213
f 924 957 808
f 177 364 456
f 177 456 1108
f 177 1462 1495
f 177 952 1462
f 177 355 952
f 1495 670 177
f 670 364 177
f 233 397 90
f 90 1393 233
f 1548 397 233
f 760 516 63
f 63 1195 760
f 1195 1010 760
f 353 1010 1241
f 1241 1010 1195
f 522 1376 353
f 1376 613 1535
f 1195 1390 1535
f 1017 1378 152
f 152 1378 1105
f 15 740 729
f 729 634 15
f 964 634 729
f 729 1393 90
f 740 1393 729
f 1290 964 729
f 90 291 729
f 729 291 1290
f 1311 491 664
f 421 1116 1396
f 421 491 1116
f 357 432 156
f 156 1145 357
f 314 1388 366
f 366 989 314
f 366 1356 989
f 1452 1388 154
f 154 1087 1452
f 493 1354 1339
f 1339 802 493
f 438 107 792
f 792 107 1483
f 497 1483 1348
f 1483 107 1348
f 788 497 1348
f 1161 1533 892
f 164 1161 892
f 892 1533 1414
f 892 566 216
f 216 585 892
f 1414 1007 892
f 892 1007 566
f 585 692 892
f 950 843 33
f 33 1168 950
f 950 1168 730
f 730 1168 864
f 1296 143 201
f 201 1265 1296
f 1296 726 143
f 1296 93 726
f 297 10 140
f 140 1036 297
f 940 957 511
f 940 808 957
f 940 511 367
f 367 896 940
f 940 896 67
f 1108 355 398
f 748 613 1376
f 1376 522 748
f 1195 1535 1522
f 1522 1535 613
f 527 152 1105
f 1105 1116 527
f 1436 1017 527
f 1017 152 527
f 1101 664 14
f 1396 1101 14
f 14 664 491
f 62 989 1324
f 989 1356 1324
f 1324 1087 62
f 314 1377 492
f 492 607 314
f 10 297 1009
f 1009 297 1531
f 1009 1531 615
f 742 940 67
f 808 940 742
f 67 1373 742
f 1373 924 742
f 924 808 742
f 1524 177 1108
f 1108 398 1524
f 1339 492 1103
f 802 1339 1103
f 1103 492 1377
f 349 938 757
f 1080 349 757
f 590 1505 1425
f 1425 1458 590
f 451 1153 972
f 972 509 451
f 1422 1153 451
f 751 1363 1183
f 1386 645 751
f 751 645 1346
f 1183 985 751
f 1346 1363 751
f 751 985 425
f 559 1028 1137
f 559 958 909
f 909 1028 559
f 142 958 559
f 1137 386 559
f 559 386 517
f 1345 885 1469
f 1469 562 1345
f 1345 394 885
f 1345 376 722
f 722 394 1345
f 1345 810 1308
f 562 498 1345
f 1345 498 277
f 277 810 1345
f 1424 475 1299
f 1424 1329 50
f 50 1018 1424
f 1343 1329 1424
f 1424 1018 475
f 883 1455 1316
f 931 755 883
f 1316 1544 883
f 755 1455 883
f 1191 120 131
f 571 1191 131
f 1327 825 125
f 648 825 1327
f 1327 446 648
f 1410 499 285
f 285 982 1410
f 1121 401 814
f 814 1520 1121
f 117 193 448
f 448 947 117
f 413 1312 117
f 117 1079 413
f 117 1312 193
f 947 6 117
f 1307 1066 579
f 119 1307 579
f 579 552 119
f 1486 1449 1181
f 1181 1539 1486
f 1288 484 884
f 160 1280 1288
f 1288 884 929
f 929 160 1288
f 1280 338 1288
f 1288 338 217
f 689 1201 1214
f 689 1229 295
f 295 379 689
f 689 379 1201
f 1027 1019 767
f 1027 767 24
f 361 1206 775
f 775 682 361
f 775 1206 343
f 146 396 775
f 1391 682 775
f 775 1335 1391
f 343 705 775
f 775 396 1335
f 846 1475 443
f 443 1255 846
f 443 673 526
f 725 429 443
f 526 933 443
f 933 1255 443
f 429 673 443
f 276 1351 124
f 124 1351 690
f 890 1075 483
f 1355 890 483
f 262 22 1150
f 1150 1012 262
f 1439 22 262
f 656 769 534
f 595 1521 534
f 534 1005 656
f 534 1521 1005
f 1457 410 270
f 1048 1457 270
f 270 1315 1048
f 406 1402 292
f 1328 184 609
f 609 1404 1358
f 184 1404 609
f 609 1167 911
f 1358 1496 609
f 1496 1167 609
f 948 235 889
f 865 235 948
f 1025 215 1349
f 1349 269 1025
f 1349 215 369
f 1349 1093 269
f 369 780 1349
f 835 1525 1022
f 1022 1278 835
f 869 203 711
f 711 88 1399
f 711 1368 869
f 1399 1368 711
f 20 549 629
f 629 1001 20
f 222 261 1146
f 222 1146 520
f 800 192 777
f 800 49 1064
f 777 546 800
f 800 546 302
f 302 49 800
f 518 158 800
f 800 556 518
f 158 192 800
f 761 1484 457
f 761 1136 44
f 44 1180 761
f 761 1180 1056
f 693 1484 761
f 457 1136 761
f 761 1122 693
f 1471 1122 761
f 531 313 268
f 268 342 531
f 1104 342 268
f 268 313 1545
f 1545 25 268
f 335 712 434
f 434 1160 1032
f 1032 335 434
f 434 57 286
f 434 286 900
f 419 57 434
f 809 1160 434
f 434 712 419
f 280 1252 986
f 986 842 813
f 986 333 280
f 813 1459 986
f 986 1291 333
f 986 1362 842
f 986 1459 1291
f 907 96 1044
f 1044 790 1405
f 1044 1405 165
f 1044 1314 790
f 96 1314 1044
f 165 640 1044
f 679 1440 18
f 18 1089 679
f 18 1173 128
f 128 862 18
f 18 1440 1173
f 922 1481 1248
f 1248 539 922
f 186 539 1248
f 1248 772 186
f 1247 1426 1244
f 1247 1225 12
f 1244 1225 1247
f 1000 137 240
f 240 1473 990
f 240 137 1473
f 745 826 225
f 225 1487 745
f 745 1487 467
f 1367 826 745
f 467 85 745
f 560 1002 197
f 560 197 245
f 115 959 1068
f 857 959 115
f 574 591 882
f 574 3 1184
f 1184 535 574
f 574 535 591
f 1519 1128 352
f 352 637 46
f 46 1350 352
f 1128 637 352
f 647 999 454
f 454 999 944
f 863 206 254
f 1250 206 863
f 79 1196 881
f 881 1231 79
f 79 608 1196
f 1042 460 441
f 441 918 1042
f 1294 187 1042
f 187 460 1042
f 309 1305 1147
f 416 1305 309
f 1389 710 1057
f 1030 1389 1057
f 1057 78 1030
f 1057 551 78
f 642 1510 709
f 1503 1039 642
f 642 471 1510
f 642 1039 471
f 1126 891 998
f 998 294 1126
f 294 238 1126
f 267 945 108
f 108 1234 267
f 171 945 267
f 961 1295 770
f 1200 1109 770
f 770 1387 961
f 1295 1156 770
f 1109 1387 770
f 1156 512 770
f 619 765 941
f 1108 456 364
f 668 1108 364
f 1071 685 1408
f 1408 52 1071
f 1408 35 52
f 685 296 1408
f 1408 676 35
f 1532 149 1417
f 1417 832 1532
f 341 66 1532
f 1532 66 1504
f 1532 686 149
f 1532 832 341
f 504 452 58
f 1211 452 504
f 504 768 1211
f 1223 768 504
f 504 47 1223
f 465 1170 1465
f 1421 1460 465
f 1465 51 465
f 747 1170 465
f 465 599 747
f 867 464 465
f 208 599 465
f 465 1460 208
f 465 914 1421
f 464 914 465
f 970 1287 1130
f 1130 1359 970
f 1477 1494 1130
f 1130 1287 1477
f 1130 1199 955
f 860 1359 1130
f 1130 773 860
f 1130 1494 1199
f 1411 548 383
f 383 1239 1411
f 1411 392 548
f 553 567 145
f 1021 683 145
f 145 683 553
f 145 672 1021
f 145 388 672
f 1360 72 75
f 1360 988 901
f 1360 625 988
f 75 625 1360
f 476 72 1360
f 136 1284 1364
f 1364 1506 136
f 1364 299 1506
f 1149 358 920
f 920 585 1149
f 1149 585 216
f 787 358 1149
f 1380 1293 111
f 1380 872 427
f 544 1293 1380
f 427 1419 1380
f 1380 1226 407
f 407 544 1380
f 111 702 1380
f 278 872 1380
f 1380 1419 1226
f 1380 702 797
f 1380 650 278
f 1515 1302 622
f 1060 462 622
f 1413 490 622
f 462 1511 622
f 622 521 1060
f 622 971 1515
f 622 1188 1413
f 490 971 622
f 530 1188 622
f 1302 521 622
f 1511 1086 622
f 1285 403 1508
f 474 1310 1285
f 1310 116 1285
f 116 403 1285
f 1189 1526 606
f 700 311 606
f 606 1466 1357
f 606 311 1466
f 606 92 1189
f 967 700 606
f 606 1526 967
f 1357 1472 606
f 227 344 678
f 227 678 1441
f 1441 1159 227
f 1272 344 227
f 1159 1029 227
f 624 1333 1240
f 1240 1213 624
f 1213 575 624
f 1298 1204 13
f 1298 13 698
f 1298 752 844
f 698 618 1298
f 844 1204 1298
f 229 248 1298
f 430 752 1298
f 1298 248 430
f 1134 1143 428
f 428 1143 669
f 786 480 371
f 371 1052 708
f 371 259 786
f 480 1052 371
f 737 129 899
f 737 417 838
f 838 818 737
f 818 632 737
f 737 899 417
f 603 1097 1166
f 1166 720 603
f 1092 547 1523
f 547 77 1523
f 1523 866 1092
f 753 866 1523
f 1540 1074 1224
f 1224 1074 319
f 319 706 1224
f 1534 1216 179
f 179 181 1534
f 1534 628 395
f 181 623 1534
f 1534 623 307
f 307 628 1534
f 40 821 303
f 303 380 40
f 40 570 1392
f 380 1227 40
f 40 1227 570
f 1392 218 40
f 90 397 450
f 450 397 684
f 684 1242 450
f 750 1550 819
f 1263 1550 750
f 493 481 1438
f 493 1438 746
f 155 1094 778
f 778 756 155
f 1069 1383 655
f 655 1033 1069
f 1383 230 655
f 655 230 962
f 655 1065 1033
f 962 538 655
f 1546 301 744
f 744 566 1546
f 566 412 1546
f 1546 412 965
f 494 727 762
f 368 727 494
f 494 875 368
f 494 1078 875
f 494 1341 1078
f 1041 1341 494
f 870 795 1158
f 159 1397 1158
f 589 1062 1158
f 1158 1062 159
f 1158 1397 1179
f 1158 994 620
f 1158 354 870
f 1179 703 1158
f 1158 209 157
f 795 994 1158
f 620 589 1158
f 157 354 1158
f 1292 496 654
f 1292 827 1100
f 654 139 1292
f 735 677 1292
f 1292 1120 827
f 1292 139 735
f 1292 257 828
f 677 1120 1292
f 828 496 1292
f 923 1205 1516
f 1516 266 916
f 1516 224 923
f 916 1099 1516
f 1516 1073 224
f 1205 266 1516
f 1516 1099 1445
f 1445 1051 1516
f 147 45 1054
f 55 147 1054
f 1207 610 984
f 984 161 604
f 610 161 984
f 1418 271 957
f 957 271 511
f 56 528 688
f 688 243 56
f 273 243 688
f 688 528 1119
f 688 200 273
f 688 540 200
f 1378 172 1163
f 1017 172 1378
f 473 926 1344
f 473 1344 332
f 1161 59 1007
f 1372 1228 1007
f 1007 774 1372
f 1007 934 774
f 1007 59 850
f 1007 850 934
f 1007 1228 1020
f 1007 1533 1161
f 1414 1533 1007
f 1332 1261 1210
f 1210 1282 1332
f 913 1261 1332
f 1282 488 1332
f 488 255 1332
f 255 978 1332
f 393 1409 1203
f 1203 946 393
f 393 812 1409
f 695 812 393
f 393 858 695
f 1321 858 393
f 1088 1190 213
f 213 1542 1095
f 213 318 1088
f 1190 1401 213
f 1095 736 213
f 213 1401 1542
f 213 754 318
f 233 1538 1384
f 233 1384 178
f 178 83 233
f 233 83 1548
f 233 1393 1538
f 760 975 26
f 26 568 760
f 1468 975 760
f 568 516 760
f 760 1010 1468
f 1535 30 1376
f 847 30 1535
f 1535 1390 847
f 664 1309 1111
f 666 1309 664
f 664 231 666
f 1111 1311 664
f 664 1101 231
f 62 1145 156
f 432 989 156
f 156 989 62
f 874 438 792
f 53 874 792
f 792 1353 53
f 1483 1353 792
f 1348 107 226
f 1348 226 788
f 892 1375 888
f 888 164 892
f 1249 1375 892
f 892 71 1249
f 692 71 892
f 1490 345 33
f 843 258 33
f 33 763 1423
f 33 345 253
f 253 671 33
f 1423 1168 33
f 33 258 1490
f 33 671 763
f 730 381 411
f 411 1016 730
f 1016 950 730
f 1385 839 730
f 730 839 381
f 730 864 1385
f 1296 1300 1162
f 1296 1530 793
f 1296 993 1300
f 1162 779 1296
f 1296 1347 993
f 779 68 1296
f 732 93 1296
f 793 803 1296
f 1296 1437 732
f 803 1347 1296
f 1296 1265 282
f 282 1530 1296
f 68 1437 1296
f 297 1236 1482
f 1036 121 297
f 297 121 713
f 1482 1531 297
f 713 1236 297
f 613 748 1522
f 353 1241 1522
f 1522 1241 1195
f 1522 522 353
f 1522 748 522
f 527 1116 1436
f 491 421 14
f 14 421 1396
f 1388 1452 1324
f 1324 366 1388
f 1356 366 1324
f 1324 1452 1087
f 492 1354 437
f 492 437 953
f 953 607 492
f 492 1339 1354
f 660 140 1009
f 1009 1322 660
f 1009 545 1322
f 1009 615 545
f 140 10 1009
f 1524 398 355
f 355 177 1524
f 81 802 1103
f 314 81 1103
f 1103 1377 314

