# https://github.com/mikedh/trimesh
v 0.00103011 0.00919472 0.02846717
v 0.04416290 0.02792178 0.00899461
v 0.00018847 0.00893732 0.02778501
v 0.00731822 0.01223850 0.02738967
v 0.00120642 0.02876409 0.00842152
v 0.04040673 0.02868996 0.00827437
v 0.04809060 0.02743900 0.00662399
v 0.03598842 0.02979535 0.00333921
v 0.04982261 0.02423417 0.01312210
v 0.00654461 0.02097178 0.02144968
v 0.00902385 0.02580753 0.01529419
v 0.04336545 0.02209457 0.01716658
v 0.04585730 0.02692073 0.01061119
v 0.00498938 0.01671842 0.02490928
v 0.00268724 0.02966813 0.00444727
v 0.03691271 0.02439799 0.01743371
v 0.04577813 0.02402599 0.01618963
v 0.00143373 0.00026538 0.02999352
v 0.00140383 0.02991862 0.00207496
v 0.00107036 0.01905568 0.02308838
v 0.04853292 0.02789786 0.00308768
v 0.04369145 0.02922967 0.00355633
v 0.03076622 0.02828783 0.00997115
v 0.03921631 0.02978105 0.00277733
v 0.00149262 0.02998330 0.00067434
v 0.00730078 0.01744086 0.02440702
v 0.04410704 0.02933296 0.00138136
v 0.00201797 0.02932362 0.00631532
v 0.03825042 0.02816970 0.01018358
v 0.00008828 0.02757076 0.00926442
v 0.04320607 0.02158522 0.01722304
v 0.04983636 0.02123400 0.01146646
v 0.04344308 0.02340823 0.01713321
v 0.04328522 0.02821029 0.00870160
v 0.00378980 0.02986057 0.00286294
v 0.03840471 0.02441403 0.01739022
v 0.00076088 0.01637588 0.02484001
v 0.00054454 0.02857860 0.00745411
v 0.00131549 0.02505969 0.01647527
v 0.00107966 0.01347196 0.02672847
v 0.04995844 0.02541170 0.01049686
v 0.01729789 0.02991460 0.00211317
v 0.03753465 0.02947766 0.00542558
v 0.00133999 0.00163333 0.02994853
v 0.03936661 0.02954157 0.00463641
v 0.00849590 0.01174425 0.02760142
v 0.00011114 0.02669905 0.01158508
v 0.00005987 0.00252853 0.02893812
v 0.00171078 0.02971435 0.00410814
v 0.00819330 0.00511293 0.02955466
v 0.00000000 0.02886668 0.00247351
v 0.00829005 0.01528604 0.02581337
v 0.00185882 0.00893127 0.02863989
v 0.04545254 0.02469463 0.01528463
v 0.03901828 0.02400268 0.01795288
v 0.03220120 0.02611666 0.01475907
v 0.04879941 0.02220456 0.01433842
v 0.00298540 0.00740822 0.02906883
v 0.04042955 0.02978297 0.00206372
v 0.03081687 0.02515525 0.01634616
v 0.01925424 0.02751659 0.01191800
v 0.00185315 0.02319767 0.01902123
v 0.04554028 0.02384948 0.01632157
v 0.04513862 0.02899914 0.00228102
v 0.00000000 0.00116675 0.02846699
v 0.00054458 0.00288171 0.02940216
v 0.00572638 0.00563056 0.02946668
v 0.00000598 0.02676156 0.01116654
v 0.00902943 0.00200770 0.02989753
v 0.00867057 0.01485833 0.02606018
v 0.00164350 0.01538560 0.02575346
v 0.04246191 0.02554436 0.01506078
v 0.00898831 0.00375128 0.02975882
v 0.04403491 0.02878397 0.00583956
v 0.01511003 0.02516146 0.01633708
v 0.03969676 0.02938529 0.00551222
v 0.04824622 0.02683317 0.00864683
v 0.03934664 0.02607514 0.01469814
v 0.00000000 0.02782798 0.00690198
v 0.04991802 0.02454948 0.01237667
v 0.00562925 0.00919981 0.02855383
v 0.03283177 0.02683583 0.01340632
v 0.03859426 0.02475584 0.01688609
v 0.00001966 0.02365821 0.01678669
v 0.00358749 0.00906967 0.02859581
v 0.04609289 0.02822785 0.00609766
v 0.00321271 0.01519385 0.02586664
v 0.01245847 0.02319384 0.01902418
v 0.04358396 0.02737305 0.01092134
v 0.03432948 0.02996502 0.00127895
v 0.00860540 0.00704240 0.02915682
v 0.04592874 0.02680235 0.01086994
v 0.00375734 0.02820979 0.01020152
v 0.00136642 0.02121677 0.02120633
v 0.00908230 0.01694887 0.02475127
v 0.00000000 0.02036567 0.02057739
v 0.02480124 0.02976713 0.00370668
v 0.04437324 0.02678968 0.01179770
v 0.00861453 0.00267406 0.02987999
v 0.00088404 0.02309249 0.01890677
v 0.04122731 0.02478559 0.01653448
v 0.00036931 0.01902989 0.02236407
v 0.00045546 0.01148149 0.02711882
v 0.00399838 0.02073441 0.02168173
v 0.03768327 0.02775783 0.01131225
v 0.04211623 0.02408372 0.01739880
v 0.04240757 0.02707322 0.01209602
v 0.03851335 0.02988383 0.00184873
v 0.00026819 0.02886233 0.00482914
v 0.00013445 0.01571582 0.02452805
v 0.00000000 0.02706469 0.01026109
v 0.04105046 0.02928713 0.00552435
v 0.00000000 0.01091635 0.02667572
v 0.03692519 0.02699899 0.01304129
v 0.00854855 0.02726649 0.01249017
v 0.00456397 0.02863688 0.00892299
v 0.00234369 0.02203422 0.02035088
v 0.00408852 0.02873374 0.00861335
v 0.00066684 0.00887227 0.02829836
v 0.03974895 0.02958590 0.00421579
v 0.00472291 0.02824574 0.01010669
v 0.00000000 0.02854869 0.00496545
v 0.02522639 0.02999979 0.00000917
v 0.00059886 0.02531594 0.01531593
v 0.00284782 0.02912985 0.00717037
v 0.04357916 0.02936352 0.00224101
v 0.00248682 0.00436053 0.02968084
v 0.00661275 0.00205816 0.02992689
v 0.03794199 0.02634922 0.01428299
v 0.00010206 0.01633819 0.02407879
v 0.00875096 0.00829624 0.02882772
v 0.00471827 0.00883027 0.02867085
v 0.04015401 0.02652078 0.01376744
v 0.04802201 0.02193764 0.01494102
v 0.00391620 0.00265396 0.02987966
v 0.04250391 0.02582843 0.01456327
v 0.00096554 0.02499000 0.01639380
v 0.00117287 0.01879659 0.02333553
v 0.00135640 0.01455363 0.02622051
v 0.00012402 0.02905114 0.00190707
v 0.03215746 0.02996026 0.00146537
v 0.00229573 0.01430980 0.02636330
v 0.03340761 0.02720831 0.01258717
v 0.00690211 0.01627885 0.02519696
v 0.04827775 0.02786629 0.00407687
v 0.00070786 0.02802355 0.00985536
v 0.00235493 0.02870486 0.00871472
v 0.04865623 0.02764970 0.00449487
v 0.04506387 0.02559794 0.01389199
v 0.00082002 0.02405676 0.01758392
v 0.00453800 0.02967299 0.00440957
v 0.04499690 0.02703251 0.01090435
v 0.00356943 0.02307645 0.01916823
v 0.03291146 0.02982841 0.00311025
v 0.04605677 0.02885966 0.00117538
v 0.00188044 0.01899982 0.02321583
v 0.04774496 0.02607326 0.01116304
v 0.03790699 0.02577447 0.01530585
v 0.00124114 0.02604184 0.01484456
v 0.03809551 0.02985545 0.00241674
v 0.00297384 0.01996242 0.02238884
v 0.04047287 0.02875200 0.00803085
v 0.02227894 0.02797848 0.01081188
v 0.00099941 0.02619411 0.01442296
v 0.04986474 0.02590693 0.00928695
v 0.00042114 0.01077195 0.02737458
v 0.04305795 0.02946385 0.00220499
v 0.00444326 0.01168871 0.02762817
v 0.04860988 0.02739651 0.00598682
v 0.00017147 0.01433740 0.02539453
v 0.00145014 0.01410597 0.02647500
v 0.04649731 0.02255512 0.01584219
v 0.03924647 0.02589741 0.01500513
v 0.03842174 0.02826989 0.00988554
v 0.00490785 0.01116401 0.02784211
v 0.01305772 0.02334842 0.01883355
v 0.04419186 0.02932304 0.00028721
v 0.04233336 0.02472682 0.01639112
v 0.00056118 0.00110530 0.02953851
v 0.00005713 0.02899464 0.00162052
v 0.04763836 0.02147611 0.01516718
v 0.00024857 0.00748238 0.02826459
v 0.00029582 0.02733397 0.01052605
v 0.00094183 0.02178416 0.02044103
v 0.00148769 0.02961538 0.00474959
v 0.00132330 0.00998156 0.02828396
v 0.00704162 0.02980138 0.00344655
v 0.03391658 0.02950635 0.00539603
v 0.03335841 0.02923779 0.00670417
v 0.04914782 0.02687945 0.00710699
v 0.03854951 0.02939117 0.00572478
v 0.04982900 0.02751647 0.00055748
v 0.00791863 0.01675429 0.02488543
v 0.00867787 0.02996486 0.00144348
v 0.00882188 0.00186093 0.02993219
v 0.00180175 0.02302226 0.01922546
v 0.03059482 0.02905875 0.00744499
v 0.00078068 0.02216535 0.01987243
v 0.00103063 0.02114028 0.02117717
v 0.03808941 0.02818640 0.01015412
v 0.04500180 0.02397177 0.01652936
v 0.00174660 0.02771386 0.01148542
v 0.00000000 0.02610258 0.00145099
v 0.00210960 0.01520806 0.02585769
v 0.00048999 0.01929780 0.02229625
v 0.04159764 0.02479543 0.01644218
v 0.04215659 0.02554645 0.01512565
v 0.00087206 0.02574064 0.01508253
v 0.00582126 0.00554230 0.02948331
v 0.00091735 0.01882140 0.02318630
v 0.00200551 0.01673909 0.02489331
v 0.00139172 0.02254703 0.01977562
v 0.00135519 0.02369116 0.01838445
v 0.03869542 0.02945568 0.00539305
v 0.03368921 0.02613456 0.01472074
v 0.03743583 0.02856510 0.00905134
v 0.00809885 0.01228453 0.02736814
v 0.03917150 0.02399137 0.01794690
v 0.00127914 0.02233109 0.02001146
v 0.01846852 0.02982559 0.00321955
v 0.00876870 0.00038810 0.02998631
v 0.00055552 0.00649753 0.02882436
v 0.03765645 0.02407266 0.01789759
v 0.03916198 0.02968663 0.00370028
v 0.04857611 0.02575437 0.01111219
v 0.00951759 0.02064683 0.02176433
v 0.04703557 0.02849974 0.00192703
v 0.04172493 0.02539855 0.01546582
v 0.00006262 0.00019792 0.02906173
v 0.00029854 0.02846433 0.00692273
v 0.00027117 0.02736695 0.01037325
v 0.04044426 0.02620108 0.01434799
v 0.00952735 0.02813969 0.01038660
v 0.04313700 0.02620955 0.01364533
v 0.04492238 0.02632629 0.01251384
v 0.00328499 0.02124493 0.02118090
v 0.00890360 0.01205580 0.02747073
v 0.00335871 0.01115385 0.02784515
v 0.03904302 0.02963056 0.00412337
v 0.00212466 0.02933884 0.00624518
v 0.04779192 0.02806611 0.00386439
v 0.00179772 0.01037539 0.02814371
v 0.00150443 0.02923219 0.00673685
v 0.00504697 0.00555356 0.02948116
v 0.00076799 0.01640370 0.02483029
v 0.00985527 0.02137286 0.02104921
v 0.00008438 0.01750281 0.02320930
v 0.04932016 0.02773191 0.00115803
v 0.00105104 0.02480343 0.01674641
v 0.00063321 0.02204812 0.01978858
v 0.04356855 0.02880432 0.00623692
v 0.00614280 0.02308072 0.01916385
v 0.03939948 0.02959638 0.00425032
v 0.00041742 0.02687925 0.01193803
v 0.00039064 0.00238268 0.02928372
v 0.00517484 0.01579033 0.02550341
v 0.04969565 0.02642141 0.00792153
v 0.04387627 0.02938745 0.00054255
v 0.04377130 0.02778745 0.00964318
v 0.00022578 0.02807031 0.00811687
v 0.04279807 0.02949669 0.00239380
v 0.04287833 0.02957445 0.00010178
v 0.04807269 0.02584323 0.01137051
v 0.00118711 0.02987344 0.00232412
v 0.04236408 0.02593356 0.01441397
v 0.03692084 0.02502291 0.01653618
v 0.00695615 0.00786143 0.02894882
v 0.04910531 0.02425635 0.01369090
v 0.00008543 0.02803738 0.00773338
v 0.00102966 0.00717835 0.02904689
v 0.00323961 0.02109932 0.02132495
v 0.04419031 0.02616139 0.01327347
v 0.03446090 0.02914907 0.00706435
v 0.04907360 0.02475070 0.01276040
v 0.04165775 0.02767919 0.01089259
v 0.04762092 0.02545261 0.01257994
v 0.00000000 0.02810655 0.00689390
v 0.04023189 0.02778863 0.01099861
v 0.03546732 0.02833056 0.00981872
v 0.00104725 0.01922932 0.02292762
v 0.04030440 0.02528421 0.01594142
v 0.04404126 0.02910695 0.00396899
v 0.00239848 0.00567010 0.02945882
v 0.00118478 0.02257727 0.01969914
v 0.00218536 0.02577336 0.01535112
v 0.04218753 0.02955576 0.00264933
v 0.03309847 0.02956539 0.00503895
v 0.00060906 0.02937958 0.00362338
v 0.04898602 0.02749479 0.00457841
v 0.04246260 0.02901578 0.00613993
v 0.04537091 0.02873240 0.00422357
v 0.00023971 0.02834309 0.00716062
v 0.00019347 0.02633916 0.01258174
v 0.00028672 0.02118149 0.02021400
v 0.00023045 0.02278225 0.01831175
v 0.03958081 0.02442467 0.01730555
v 0.00234282 0.00277080 0.02986916
v 0.03472418 0.02562262 0.01558678
v 0.00077825 0.02869272 0.00790749
v 0.04080446 0.02693488 0.01284305
v 0.00150000 0.00000246 0.01718457
v 0.00003972 0.02814936 0.00711393
v 0.03045738 0.02996701 0.00138230
v 0.00077788 0.02461598 0.01673551
v 0.00831629 0.02996648 0.00138311
v 0.00203699 0.00702387 0.02915987
v 0.00090782 0.01985419 0.02229820
v 0.00095882 0.01408023 0.02636418
v 0.04828574 0.02415754 0.01448021
v 0.00833507 0.00571994 0.02944708
v 0.04627838 0.02751655 0.00858026
v 0.04191333 0.02955584 0.00301909
v 0.00343303 0.02774561 0.01140522
v 0.00443193 0.02641902 0.01421283
v 0.00073402 0.01691189 0.02444954
v 0.00357568 0.02983328 0.00314765
v 0.00095858 0.02954494 0.00450766
v 0.04484516 0.02392974 0.01659001
v 0.03330189 0.02754136 0.01184420
v 0.04030298 0.02922803 0.00612028
v 0.00098695 0.02891554 0.00759463
v 0.01640320 0.02393847 0.01808084
v 0.04284434 0.02876015 0.00699381
v 0.00024608 0.02533007 0.01461581
v 0.04529870 0.02904802 0.00118026
v 0.00698194 0.00685919 0.02920313
v 0.00038054 0.02877559 0.00586650
v 0.00114972 0.02601389 0.01485191
v 0.04346311 0.02942734 0.00171811
v 0.02793543 0.02997365 0.00117830
v 0.00875028 0.01172760 0.02760793
v 0.00059297 0.01401474 0.02606065
v 0.00011701 0.02888155 0.00365283
v 0.04401258 0.02885268 0.00547557
v 0.00150019 0.02999275 0.00029291
v 0.00122452 0.01367272 0.02667277
v 0.03606463 0.02537728 0.01597726
v 0.00278707 0.00712767 0.02913780
v 0.00019226 0.02883714 0.00447237
v 0.00142016 0.02619908 0.01459936
v 0.04338668 0.02632702 0.01333170
v 0.03345959 0.02999112 0.00037170
v 0.00897125 0.01637120 0.02513757
v 0.03140829 0.02685160 0.01337745
v 0.03813970 0.02637130 0.01423363
v 0.03794842 0.02943925 0.00559108
v 0.03042763 0.02950138 0.00543951
v 0.02440974 0.02920649 0.00685431
v 0.00897595 0.00417420 0.02970610
v 0.00101090 0.02831619 0.00962036
v 0.01149788 0.02775419 0.01138730
v 0.04100148 0.02979291 0.00024856
v 0.00455294 0.02969165 0.00428057
v 0.00004149 0.02572017 0.01345813
v 0.03550988 0.02951361 0.00529945
v 0.01674180 0.02823341 0.01014148
v 0.00948062 0.01964172 0.02266824
v 0.00160214 0.02505679 0.01649196
v 0.03796014 0.02994970 0.00050428
v 0.02741336 0.02909102 0.00732814
v 0.00860512 0.01670528 0.02491774
v 0.00019135 0.02442543 0.01596397
v 0.02853489 0.02402796 0.01796089
v 0.00157238 0.02635636 0.01432186
v 0.04307216 0.02490302 0.01591778
v 0.02752067 0.02822378 0.01016828
v 0.03832905 0.02971686 0.00374429
v 0.00893481 0.00894333 0.02863552
v 0.04828870 0.02793558 0.00358426
v 0.03322449 0.02699952 0.01305331
v 0.04815104 0.02705938 0.00795809
v 0.00152686 0.01801501 0.02398833
v 0.04181778 0.02766286 0.01088900
v 0.04569637 0.02594710 0.01289653
v 0.00179723 0.02846146 0.00945417
v 0.04836067 0.02776093 0.00451458
v 0.00067981 0.02401757 0.01743050
v 0.00191794 0.02490665 0.01671285
v 0.00065571 0.02177133 0.02012660
v 0.00879686 0.01707798 0.02466133
v 0.00041548 0.00373985 0.02916732
v 0.04264057 0.02937939 0.00379275
v 0.04050236 0.02712870 0.01247659
v 0.00128944 0.02484915 0.01678640
v 0.02940527 0.02603923 0.01489655
v 0.00018324 0.02757463 0.00955064
v 0.00077608 0.02321757 0.01862193
v 0.00790302 0.01633670 0.02516040
v 0.00182010 0.00779415 0.02896177
v 0.00599549 0.02937781 0.00606542
v 0.04032863 0.02741195 0.01186558
v 0.00157675 0.00665672 0.02924265
v 0.00269416 0.01011275 0.02824328
v 0.00121402 0.02504035 0.01647673
v 0.00892345 0.01818620 0.02385812
v 0.03424924 0.02494741 0.01665628
v 0.03283334 0.02911742 0.00722036
v 0.00416636 0.00559745 0.02947288
v 0.00055113 0.02954233 0.00022804
v 0.03151647 0.02953242 0.00526652
v 0.03315358 0.02993259 0.00180607
v 0.03374220 0.02979708 0.00345964
v 0.00005516 0.00575912 0.02847664
v 0.03947443 0.02979535 0.00244974
v 0.00003594 0.02491670 0.01490016
v 0.00153960 0.02096791 0.02145383
v 0.02513368 0.02921125 0.00683284
v 0.02974138 0.02920660 0.00685376
v 0.00122248 0.00651594 0.02925522
v 0.04360172 0.02722957 0.01125136
v 0.04637963 0.02859213 0.00336185
v 0.00400057 0.00759622 0.02901909
v 0.03921714 0.02972730 0.00340286
v 0.00120110 0.02970775 0.00394645
v 0.04371486 0.02796270 0.00918052
v 0.03490586 0.02910096 0.00725125
v 0.00002180 0.02696131 0.01073805
v 0.00686504 0.01181020 0.02757630
v 0.04770776 0.02433806 0.01456986
v 0.04311737 0.02366662 0.01724830
v 0.00586739 0.00547587 0.02949471
v 0.03372970 0.02954663 0.00514886
v 0.01047287 0.02577671 0.01534756
v 0.00870361 0.00461929 0.02963436
v 0.04782824 0.02571530 0.01185153
v 0.00929578 0.01895972 0.02324329
v 0.04670734 0.02864416 0.00153106
v 0.00095037 0.01575900 0.02538275
v 0.00104451 0.02362672 0.01835536
v 0.04616227 0.02794098 0.00714880
v 0.00102099 0.00719344 0.02903930
v 0.00119044 0.01540579 0.02571054
v 0.00140446 0.02438915 0.01745362
v 0.00143456 0.02792407 0.01094126
v 0.00467009 0.01039436 0.02813978
v 0.04985845 0.02104108 0.01349752
v 0.04930218 0.02441847 0.01324976
v 0.00018532 0.02781416 0.00880997
v 0.00143677 0.01213418 0.02743570
v 0.00116140 0.01055623 0.02803733
v 0.00870497 0.00403329 0.02972623
v 0.00084961 0.01360970 0.02652920
v 0.04638474 0.02800580 0.00663276
v 0.00874303 0.00973311 0.02837122
v 0.00848849 0.00649518 0.02928309
v 0.00416860 0.00994188 0.02830233
v 0.00102885 0.00279118 0.02978905
v 0.00801389 0.01804501 0.02396418
v 0.00150000 0.00012988 0.00106557
v 0.00900184 0.01002590 0.02826478
v 0.04323467 0.02507057 0.01561179
v 0.00294999 0.00113737 0.02997224
v 0.02289871 0.02823045 0.01015010
v 0.04916779 0.02747366 0.00427306
v 0.04593750 0.02570755 0.01323716
v 0.01176562 0.02983952 0.00308382
v 0.00311975 0.01033687 0.02816014
v 0.00000000 0.02663074 0.01082981
v 0.03269049 0.02588006 0.01517174
v 0.04296538 0.02942080 0.00296426
v 0.00012506 0.01620381 0.02419755
v 0.00073622 0.02659038 0.01329503
v 0.00169406 0.02178006 0.02061776
v 0.01756275 0.02666335 0.01374310
v 0.04644085 0.02740286 0.00875883
v 0.03785071 0.02460971 0.01712556
v 0.04338749 0.02942919 0.00187404
v 0.03781253 0.02627781 0.01442071
v 0.03811436 0.02731786 0.01231058
v 0.00149478 0.02999002 0.00040317
v 0.03243871 0.02980155 0.00344470
v 0.04996530 0.02672866 0.00640318
v 0.04071264 0.02966673 0.00318827
v 0.04378272 0.02819466 0.00843339
v 0.03716778 0.02782572 0.01116580
v 0.04233127 0.02446325 0.01678716
v 0.00076063 0.02184182 0.02019691
v 0.00147848 0.01543978 0.02572064
v 0.04285261 0.02899601 0.00592997
v 0.01042239 0.02970829 0.00415180
v 0.00028495 0.02900916 0.00395291
v 0.00451597 0.01138332 0.02775306
v 0.00151910 0.02997612 0.00096451
v 0.00134082 0.02790423 0.01098280
v 0.00077732 0.02127336 0.02081774
v 0.04552303 0.02602383 0.01284944
v 0.04971306 0.02100000 0.01172001
v 0.00938538 0.02002860 0.02233352
v 0.00118841 0.02107765 0.02130537
v 0.01086046 0.02275249 0.01955109
v 0.00760420 0.00231335 0.02990920
v 0.00026480 0.00226250 0.02916537
v 0.03840102 0.02956800 0.00474170
v 0.03332270 0.02950037 0.00544030
v 0.03947409 0.02863889 0.00860153
v 0.00053363 0.02570132 0.01454732
v 0.00535157 0.02577537 0.01534928
v 0.03895883 0.02697754 0.01299669
v 0.00097436 0.02930588 0.00590739
v 0.00259490 0.02703695 0.01299793
v 0.01259598 0.02989765 0.00235023
v 0.04270439 0.02768386 0.01052826
v 0.03326905 0.02520205 0.01627149
v 0.04607297 0.02100000 0.01603162
v 0.00194160 0.01784846 0.02411250
v 0.00105297 0.02944672 0.00532082
v 0.00024311 0.00444902 0.02888981
v 0.00135659 0.01342412 0.02681545
v 0.00157518 0.02586138 0.01519544
v 0.04251321 0.02811809 0.00938439
v 0.01129659 0.02254135 0.01979280
v 0.00877266 0.02298844 0.01927334
v 0.02611880 0.02793326 0.01093125
v 0.04460132 0.02921658 0.00130669
v 0.04734752 0.02823679 0.00372948
v 0.03527986 0.02914812 0.00704815
v 0.03778356 0.02710846 0.01279023
v 0.03179706 0.02604115 0.01489356
v 0.01161900 0.02232465 0.02003866
v 0.00125225 0.02575271 0.01535815
v 0.03339749 0.02572702 0.01542416
v 0.00253746 0.02837155 0.00972617
v 0.02573002 0.02955638 0.00512424
v 0.02588155 0.02616579 0.01467130
v 0.04706989 0.02535603 0.01318085
v 0.00294228 0.00574546 0.02944417
v 0.00055483 0.02951602 0.00119171
v 0.00229309 0.02775059 0.01139167
v 0.04457764 0.02766970 0.00941191
v 0.03808391 0.02923968 0.00651179
v 0.04157203 0.02973462 0.00018900
v 0.04643267 0.02394308 0.01587590
v 0.04020951 0.02713548 0.01251330
v 0.00599698 0.02910290 0.00728123
v 0.02397232 0.02921084 0.00683474
v 0.04498837 0.02891800 0.00365614
v 0.00102970 0.02828880 0.00973169
v 0.00067141 0.01347599 0.02642063
v 0.00000000 0.00078814 0.02655263
v 0.00103817 0.01580309 0.02540318
v 0.04611525 0.02435158 0.01549424
v 0.00243015 0.01661669 0.02497676
v 0.00268890 0.02969018 0.00429175
v 0.03051820 0.02997088 0.00130141
v 0.04612751 0.02670719 0.01094888
v 0.00799934 0.00912901 0.02857649
v 0.00121123 0.01549718 0.02565908
v 0.04325751 0.02642717 0.01317841
v 0.00000000 0.01502144 0.02475238
v 0.00000002 0.00011624 0.02770115
v 0.00162820 0.00123707 0.02996981
v 0.00150000 0.00126593 0.00003029
v 0.04994908 0.02500390 0.01143416
v 0.03946997 0.02973840 0.00318390
v 0.00044244 0.02798907 0.00910711
v 0.04968158 0.02642464 0.00793136
v 0.00278636 0.01526775 0.02582370
v 0.00274381 0.01281648 0.02711979
v 0.03609353 0.02907471 0.00732831
v 0.04253664 0.02401654 0.01739487
v 0.00000000 0.02612286 0.00000019
v 0.00302364 0.00858380 0.02874485
v 0.04620707 0.02822181 0.00596608
v 0.00000000 0.00000787 0.00497771
v 0.01229314 0.02883995 0.00823288
v 0.03749301 0.02524365 0.01618405
v 0.00238426 0.01667343 0.02493942
v 0.00843074 0.01444265 0.02629384
v 0.04583347 0.02891516 0.00002990
v 0.00136421 0.01850309 0.02360435
v 0.03908197 0.02823813 0.00989242
v 0.04050422 0.02970946 0.00291423
v 0.03253388 0.02821039 0.01020414
v 0.03559720 0.02607990 0.01481381
v 0.00009982 0.02039244 0.02075090
v 0.00750985 0.01095206 0.02792574
v 0.03364104 0.02956885 0.00500326
v 0.01021245 0.02098952 0.02143140
v 0.04037001 0.02832226 0.00949126
v 0.00107011 0.01270952 0.02710325
v 0.00143723 0.01618394 0.02524956
v 0.04993901 0.02214494 0.01137026
v 0.00679696 0.02909146 0.00732430
v 0.00119164 0.02865229 0.00879342
v 0.00407530 0.01255274 0.02724535
v 0.04952354 0.02718410 0.00503283
v 0.04717283 0.02466806 0.01433353
v 0.00008151 0.02519552 0.01451289
v 0.03783804 0.02682886 0.01336400
v 0.03352747 0.02995906 0.00146372
v 0.00518383 0.02937662 0.00607091
v 0.00029171 0.01605054 0.02449705
v 0.00149361 0.02055430 0.02184863
v 0.03563549 0.02693292 0.01319324
v 0.00299820 0.00864163 0.02872769
v 0.03895390 0.02843572 0.00935722
v 0.03184547 0.02584160 0.01523802
v 0.04017985 0.02913183 0.00659571
v 0.00026073 0.01376785 0.02580948
v 0.00081932 0.02034770 0.02176502
v 0.04078073 0.02888628 0.00743959
v 0.03337864 0.02961120 0.00472912
v 0.00733720 0.00201487 0.02993008
v 0.02897574 0.02828720 0.00997867
v 0.00897210 0.01149431 0.02770288
v 0.00077764 0.02973950 0.00118988
v 0.00847438 0.02082008 0.02159829
v 0.04838570 0.02164998 0.01466702
v 0.00147181 0.02126450 0.02115955
v 0.04279091 0.02851918 0.00791311
v 0.00118529 0.00652336 0.02924428
v 0.00073612 0.02668456 0.01310764
v 0.00548265 0.02823114 0.01014591
v 0.03613594 0.02539927 0.01594093
v 0.04258778 0.02792865 0.00989724
v 0.00012787 0.00325277 0.02894199
v 0.03736884 0.02704453 0.01293667
v 0.00152988 0.00550993 0.02948703
v 0.00425182 0.01228962 0.02736623
v 0.04199645 0.02602326 0.01433058
v 0.00031780 0.00146859 0.02927558
v 0.04380992 0.02622650 0.01332954
v 0.00109605 0.00775578 0.02891683
v 0.04764234 0.02480051 0.01381947
v 0.00701986 0.02860922 0.00900646
v 0.04018506 0.02972691 0.00293195
v 0.00893798 0.00156625 0.02994271
v 0.00207558 0.01035353 0.02815248
v 0.00064889 0.02570800 0.01475679
v 0.00000000 0.00174843 0.02855544
v 0.04937477 0.02259164 0.01388182
v 0.04438780 0.02927436 0.00002302
v 0.04448737 0.02106895 0.01673203
v 0.00100595 0.01916555 0.02295939
v 0.03655461 0.02438236 0.01745772
v 0.03987049 0.02986563 0.00128401
v 0.03395999 0.02923705 0.00669037
v 0.04109756 0.02408218 0.01758334
v 0.00497477 0.02075756 0.02165957
v 0.03840587 0.02897077 0.00760690
v 0.00852925 0.00007210 0.02999823
v 0.04566514 0.02831365 0.00621549
v 0.00946040 0.01949439 0.02279540
v 0.04326055 0.02571490 0.01447771
v 0.04608389 0.02849576 0.00456644
v 0.00099976 0.02076084 0.02151854
v 0.00166503 0.01813583 0.02389789
v 0.03946249 0.02985518 0.00168168
v 0.04720864 0.02826694 0.00382929
v 0.03063889 0.02920001 0.00688082
v 0.00489560 0.02684450 0.01339192
v 0.04276158 0.02811166 0.00928613
v 0.00149854 0.02763721 0.01165865
v 0.00000000 0.00009989 0.02598166
v 0.03857625 0.02501560 0.01650327
v 0.00004970 0.00938730 0.02747762
v 0.04692428 0.02451543 0.01474114
v 0.00122055 0.02624795 0.01447463
v 0.04834618 0.02753516 0.00581369
v 0.04054048 0.02699158 0.01278105
v 0.00865793 0.02936923 0.00610490
v 0.03340095 0.02933565 0.00623305
v 0.00090058 0.02445291 0.01711505
v 0.00894919 0.01754904 0.02432810
v 0.00072641 0.02756084 0.01111206
v 0.00839324 0.01062719 0.02805355
v 0.04812723 0.02340418 0.01486736
v 0.04013503 0.02689461 0.01304676
v 0.00509183 0.02645783 0.01413973
v 0.04445873 0.02862886 0.00612661
v 0.01015875 0.02656135 0.01394094
v 0.03858136 0.02909192 0.00710596
v 0.00026976 0.01944079 0.02186878
v 0.00505177 0.00837502 0.02880505
v 0.00090354 0.01276865 0.02699016
v 0.04847944 0.02731051 0.00657357
v 0.03332589 0.02529136 0.01612733
v 0.00006675 0.01225733 0.02634810
v 0.00039796 0.01195488 0.02685183
v 0.04584737 0.02123667 0.01618910
v 0.04678686 0.02853585 0.00245890
v 0.00172419 0.02562414 0.01559626
v 0.00736766 0.02943854 0.00577426
v 0.00158688 0.01733082 0.02447670
v 0.03878623 0.02757102 0.01166697
v 0.00406995 0.02995632 0.00156605
v 0.04676327 0.02655859 0.01077505
v 0.00166192 0.00150481 0.02996194
v 0.04491866 0.02473390 0.01548914
v 0.01039273 0.02283850 0.01944994
v 0.01623220 0.02999984 0.00000694
v 0.04068674 0.02397341 0.01778973
v 0.03931180 0.02726559 0.01230954
v 0.03682730 0.02994892 0.00127326
v 0.00079194 0.01621549 0.02497130
v 0.04822444 0.02704361 0.00792417
v 0.00584210 0.00966918 0.02839680
v 0.04737938 0.02349663 0.01534613
v 0.01094867 0.02935993 0.00614763
v 0.00055273 0.02811673 0.00906621
v 0.03308009 0.02592333 0.01509708
v 0.00881478 0.01543674 0.02572026
v 0.04408136 0.02218120 0.01688968
v 0.00086990 0.02513416 0.01606443
v 0.00184129 0.02714916 0.01276030
v 0.00098477 0.02989639 0.00025889
v 0.02017463 0.02910730 0.00726245
v 0.03788018 0.02908344 0.00724512
v 0.00222319 0.02082681 0.02159207
v 0.04817079 0.02818049 0.00008691
v 0.00440118 0.02116045 0.02126464
v 0.00853085 0.02775059 0.01139516
v 0.04246341 0.02959087 0.00181574
v 0.03829987 0.02686703 0.01326931
v 0.00122136 0.01131276 0.02776131
v 0.00017566 0.02698109 0.01108908
v 0.03371578 0.02945625 0.00564324
v 0.03058439 0.02922629 0.00676336
v 0.00000000 0.02297285 0.01769331
v 0.04306896 0.02860862 0.00740036
v 0.00113656 0.00488548 0.02955052
v 0.00011944 0.00128013 0.02909043
v 0.03374840 0.02999094 0.00023109
v 0.00335904 0.00911738 0.02858000
v 0.02793513 0.02772726 0.01143619
v 0.00892788 0.02920562 0.00685822
v 0.03337614 0.02914648 0.00710088
v 0.04981189 0.02100000 0.01244075
v 0.04591043 0.02784670 0.00775711
v 0.04402961 0.02178118 0.01691040
v 0.00103001 0.02811484 0.01023309
v 0.00354162 0.02980021 0.00345577
v 0.00115326 0.02848127 0.00928035
v 0.04575622 0.02732021 0.00957051
v 0.00713197 0.02286760 0.01941461
v 0.00009702 0.01737329 0.02332316
v 0.00078811 0.00721274 0.02889140
v 0.04508897 0.02411313 0.01633387
v 0.00119837 0.02794781 0.01081173
v 0.03732971 0.02954594 0.00500184
v 0.00137124 0.02341315 0.01874190
v 0.04262885 0.02482284 0.01618184
v 0.04577375 0.02261975 0.01622621
v 0.04926675 0.02641877 0.00858531
v 0.04927037 0.02341847 0.01396298
v 0.00168391 0.02104789 0.02137544
v 0.00098464 0.01969335 0.02249068
v 0.00899732 0.00417688 0.02970568
v 0.03764886 0.02976443 0.00349294
v 0.00139015 0.00847467 0.02877195
v 0.03973712 0.02868491 0.00839933
v 0.00072256 0.02936040 0.00457424
v 0.00031443 0.01737939 0.02359546
v 0.00163779 0.00848883 0.02876952
v 0.00140075 0.02175892 0.02063890
v 0.00000000 0.02473976 0.01063790
v 0.04256544 0.02938738 0.00382572
v 0.00089260 0.01913344 0.02290778
v 0.04376279 0.02818574 0.00848301
v 0.00036834 0.01121687 0.02713874
v 0.00034196 0.01810785 0.02308106
v 0.04937878 0.02753171 0.00318357
v 0.00451535 0.02996754 0.00132400
v 0.00073702 0.02813037 0.00961428
v 0.04350228 0.02596654 0.01392643
v 0.00178076 0.01902808 0.02319210
v 0.04343473 0.02629485 0.01337331
v 0.04732278 0.02837910 0.00220864
v 0.04726815 0.02510898 0.01351556
v 0.04322602 0.02694672 0.01205410
v 0.03791915 0.02563777 0.01553086
v 0.00639940 0.02070046 0.02171386
v 0.00047571 0.02947447 0.00003203
v 0.03800089 0.02901978 0.00747477
v 0.04581049 0.02569862 0.01333683
v 0.03706659 0.02852973 0.00916827
v 0.03851160 0.02844776 0.00938069
v 0.00255313 0.02872802 0.00863587
v 0.00034803 0.01547666 0.02492769
v 0.00147362 0.02986574 0.00279974
v 0.04858995 0.02795190 0.00223434
v 0.04008125 0.02983260 0.00162216
v 0.03271151 0.02923916 0.00669848
v 0.00006675 0.02587608 0.01322224
v 0.03367718 0.02606117 0.01485763
v 0.00794843 0.00899656 0.02861911
v 0.00056201 0.02913336 0.00501700
v 0.00010880 0.02604284 0.01300102
v 0.03354108 0.02925409 0.00662155
v 0.00000653 0.02899685 0.00025121
v 0.04635946 0.02655960 0.01111151
v 0.04690607 0.02663116 0.01044602
v 0.02212846 0.02823698 0.01013136
v 0.00195022 0.02664474 0.01377985
v 0.04743821 0.02842041 0.00130299
v 0.00084946 0.02009522 0.02203679
v 0.04793840 0.02304122 0.01499372
v 0.04995142 0.02721185 0.00389032
v 0.03783932 0.02994860 0.00068211
v 0.04390166 0.02754071 0.01024335
v 0.04243269 0.02827411 0.00896980
v 0.04814871 0.02818786 0.00000010
v 0.04947084 0.02520582 0.01146491
v 0.03277420 0.02579800 0.01530960
v 0.00462585 0.02514829 0.01635622
v 0.04019899 0.02958012 0.00411808
v 0.04622415 0.02819403 0.00609048
v 0.04417854 0.02913988 0.00341635
v 0.04335922 0.02819083 0.00872427
v 0.04549077 0.02454191 0.01552455
v 0.00150000 0.00028286 0.00062685
v 0.04563168 0.02704328 0.01043256
v 0.03168517 0.02778812 0.01129574
v 0.00006447 0.01624828 0.02409418
v 0.00051191 0.00940105 0.02797062
v 0.00669701 0.00958789 0.02842467
v 0.00067424 0.02816851 0.00929699
v 0.00236582 0.01662061 0.02497419
v 0.03810945 0.02870362 0.00857987
v 0.01451153 0.02368916 0.01840378
v 0.00105564 0.00848718 0.02869958
v 0.03922842 0.02961525 0.00417245
v 0.04054322 0.02508381 0.01622755
v 0.00110482 0.02753405 0.01176844
v 0.01604345 0.02946712 0.00562454
v 0.03994284 0.02454019 0.01710632
v 0.00023372 0.02756148 0.00973630
v 0.03288238 0.02908870 0.00733711
v 0.00000000 0.02893876 0.00013606
v 0.00057080 0.02884128 0.00650911
v 0.03975722 0.02580551 0.01511457
v 0.00087363 0.02926193 0.00584540
v 0.00275065 0.02822027 0.01017379
v 0.00483183 0.01164079 0.02764765
v 0.00000000 0.01881438 0.02200229
v 0.03690884 0.02996145 0.00003413
v 0.03518553 0.02545434 0.01585665
v 0.00184657 0.00610973 0.02936516
v 0.04409406 0.02736280 0.01060763
v 0.00150000 0.00009433 0.00163511
v 0.00800775 0.01107302 0.02787585
v 0.00276632 0.02934854 0.00620043
v 0.00732236 0.02638569 0.01427321
v 0.04072635 0.02929889 0.00561312
v 0.00000000 0.00000499 0.00882598
v 0.04239965 0.02468073 0.01644643
v 0.00081122 0.02610411 0.01435372
v 0.00615475 0.02647966 0.01409782
v 0.00901304 0.01587463 0.02545015
v 0.00106666 0.02508412 0.01632719
v 0.04630152 0.02858866 0.00369180
v 0.03764919 0.02483118 0.01680837
v 0.04791206 0.02667968 0.00939464
v 0.00163797 0.02980714 0.00339266
v 0.04572222 0.02138995 0.01625087
v 0.01000010 0.00017127 0.02783506
v 0.03345032 0.02638672 0.01424969
v 0.04803384 0.02406541 0.01483101
v 0.03116234 0.02997002 0.00133882
v 0.00096909 0.01041164 0.02801588
v 0.04028810 0.02491367 0.01652884
v 0.04309317 0.02528120 0.01531708
v 0.00162274 0.01919541 0.02304877
v 0.04665716 0.02856922 0.00257121
v 0.00888168 0.00810737 0.02888361
v 0.04914063 0.02437217 0.01345936
v 0.00693789 0.00419593 0.02970386
v 0.03840126 0.02989518 0.00176540
v 0.00930702 0.01923027 0.02302268
v 0.00076955 0.02510410 0.01597516
v 0.00529223 0.02101379 0.02140864
v 0.00193697 0.01656882 0.02500663
v 0.00274401 0.01999989 0.02235574
v 0.00012148 0.02295966 0.01791197
v 0.00095290 0.02926134 0.00605884
v 0.04036125 0.02895342 0.00735587
v 0.00366703 0.01533262 0.02578521
v 0.00115821 0.02506426 0.01641289
v 0.04797737 0.02604460 0.01103588
v 0.00089220 0.01934346 0.02272629
v 0.01992915 0.02982397 0.00323467
v 0.00138191 0.02479992 0.01686883
v 0.03574918 0.02935077 0.00608992
v 0.04532685 0.02888743 0.00303484
v 0.00219290 0.02997229 0.00112184
v 0.00106762 0.01958105 0.02263387
v 0.04213944 0.02967056 0.00072675
v 0.04401949 0.02866356 0.00643947
v 0.03841904 0.02979801 0.00300348
v 0.03379713 0.02781419 0.01123083
v 0.00457373 0.00084859 0.02997929
v 0.04330117 0.02413128 0.01699753
v 0.00890983 0.00311531 0.02983141
v 0.02272641 0.02909185 0.00732466
v 0.00375343 0.01542233 0.02573082
v 0.00591757 0.01182624 0.02756947
v 0.03923789 0.02957756 0.00442832
v 0.00086213 0.01618390 0.02505225
v 0.04711815 0.02780214 0.00648041
v 0.00721800 0.01633727 0.02516011
v 0.04642719 0.02417684 0.01560738
v 0.04202992 0.02762553 0.01091668
v 0.03341208 0.02556836 0.01568022
v 0.00134343 0.01435968 0.02632967
v 0.04637438 0.02848046 0.00419451
v 0.00126168 0.00231603 0.02988873
v 0.00803108 0.01517733 0.02587704
v 0.04772341 0.02371088 0.01512925
v 0.00893662 0.00799349 0.02891303
v 0.03987687 0.02495485 0.01650048
v 0.00198743 0.00472806 0.02961908
v 0.04266822 0.02929217 0.00435900
v 0.04997820 0.02583026 0.00010504
v 0.04913668 0.02478057 0.01264279
v 0.04017834 0.02933116 0.00566436
v 0.04017812 0.02773586 0.01113809
v 0.00111812 0.01472597 0.02607423
v 0.03736520 0.02607855 0.01480553
v 0.04770765 0.02833501 0.00101254
v 0.00000000 0.01136177 0.02665775
v 0.04255791 0.02946092 0.00331733
v 0.03690550 0.02911318 0.00714639
v 0.03330211 0.02971734 0.00401378
v 0.00961201 0.02063739 0.02177306
v 0.00141877 0.00945256 0.02846624
v 0.03184785 0.02999957 0.00001934
v 0.00743102 0.00568039 0.02945673
v 0.03992645 0.02493659 0.01652394
v 0.00000004 0.00001881 0.02601504
v 0.00295835 0.00146546 0.02996064
v 0.04617052 0.02752509 0.00867117
v 0.00112075 0.02840909 0.00947194
v 0.03975552 0.02915139 0.00659323
v 0.00960870 0.02092815 0.02149188
v 0.04108530 0.02598735 0.01460829
v 0.00069723 0.00239771 0.02959028
v 0.02260165 0.02695895 0.01315785
v 0.00143389 0.02986583 0.00279857
v 0.03204703 0.02687146 0.01333888
v 0.00170636 0.00022614 0.02999447
v 0.00161534 0.01783510 0.02412183
v 0.00133270 0.00723001 0.02911009
v 0.00000000 0.01763004 0.02254548
v 0.04747850 0.02819384 0.00372106
v 0.00083155 0.02092426 0.02122839
v 0.04250566 0.02417077 0.01718682
v 0.00065751 0.01009797 0.02787253
v 0.00127946 0.01533510 0.02576916
v 0.00211438 0.00576679 0.02943997
v 0.04642479 0.02850112 0.00398336
v 0.00000000 0.01606525 0.00000445
v 0.04773530 0.02471989 0.01389723
v 0.03368201 0.02678058 0.01350600
v 0.00573733 0.01593982 0.02540996
v 0.02619710 0.02768619 0.01153017
v 0.04409238 0.02715602 0.01114811
v 0.04060846 0.02689371 0.01297049
v 0.02254418 0.02948597 0.00552474
v 0.04530660 0.02391402 0.01641171
v 0.01177696 0.02246187 0.01988377
v 0.04802310 0.02759090 0.00610692
v 0.04367158 0.02942431 0.00121213
v 0.00017282 0.01532755 0.02480911
v 0.04562994 0.02458506 0.01537148
v 0.03647453 0.02838779 0.00963429
v 0.00863242 0.00581002 0.02942804
v 0.03820622 0.02582822 0.01520316
v 0.04635619 0.02878527 0.00065623
v 0.04742852 0.02777216 0.00620336
v 0.04530787 0.02706831 0.01058776
v 0.00366575 0.00876164 0.02869177
v 0.03337105 0.02997258 0.00123508
v 0.00918821 0.01863837 0.02350000
v 0.00066466 0.01849376 0.02318739
v 0.00832676 0.02314822 0.01908251
v 0.03825533 0.02925732 0.00640463
v 0.04248934 0.02963875 0.00031267
v 0.04111524 0.02763849 0.01113874
v 0.00903017 0.01829519 0.02377502
v 0.00516597 0.02641583 0.01421863
v 0.01038633 0.02107546 0.02134685
v 0.04268192 0.02700114 0.01217834
v 0.04512618 0.02302779 0.01648312
v 0.04923578 0.02776013 0.00133467
v 0.04519270 0.02302461 0.01645720
v 0.03794196 0.02790913 0.01092425
v 0.04256962 0.02771009 0.01052133
v 0.00510063 0.02718016 0.01268735
v 0.00000000 0.02713329 0.00239834
v 0.04377732 0.02783740 0.00949915
v 0.00133124 0.02853029 0.00923307
v 0.04451691 0.02922177 0.00148989
v 0.04467781 0.02596790 0.01340575
v 0.04855656 0.02114575 0.01453193
v 0.04579169 0.02774312 0.00826245
v 0.00973148 0.02909369 0.00731656
v 0.00057847 0.00578324 0.02900037
v 0.01116975 0.02989306 0.00241465
v 0.01700126 0.02998618 0.00062229
v 0.00046894 0.02879631 0.00621376
v 0.00000000 0.00292605 0.02865556
v 0.00169198 0.02920206 0.00687304
v 0.03334158 0.02740734 0.01214319
v 0.03529788 0.02405081 0.01792854
v 0.00899552 0.01289557 0.02706270
v 0.04295884 0.02886893 0.00644042
v 0.00159338 0.01980160 0.02252604
v 0.00000000 0.01152480 0.02639060
v 0.04857930 0.02798969 0.00186772
v 0.04517583 0.02489004 0.01509872
v 0.00653143 0.02094559 0.02147540
v 0.03885033 0.02515613 0.01626000
v 0.00036709 0.01532846 0.02504022
v 0.00067224 0.01875187 0.02298309
v 0.03737717 0.02947929 0.00542246
v 0.04545723 0.02414231 0.01614851
v 0.02848586 0.02680429 0.01346917
v 0.03332818 0.02717410 0.01266363
v 0.00116477 0.01886429 0.02328016
v 0.00749377 0.02964757 0.00457103
v 0.00154253 0.00837682 0.02880037
v 0.04100316 0.02953398 0.00394484
v 0.02315564 0.02400931 0.01798728
v 0.03120050 0.02996244 0.00144318
v 0.00019612 0.00293043 0.02904594
v 0.00211413 0.02999908 0.00003974
v 0.03124615 0.02788603 0.01105603
v 0.00317593 0.00137720 0.02996336
v 0.03945105 0.02988370 0.00130203
v 0.00053696 0.02574641 0.01447039
v 0.00126936 0.02982104 0.00312336
v 0.04903462 0.02785283 0.00007656
v 0.00188546 0.02908204 0.00735779
v 0.03234419 0.02907668 0.00737985
v 0.03875338 0.02829831 0.00976676
v 0.00144687 0.01106489 0.02787722
v 0.00150171 0.00302063 0.02984555
v 0.00100545 0.02975435 0.00303779
v 0.04660096 0.02845649 0.00390368
v 0.01039626 0.02183434 0.02056625
v 0.03918096 0.02430743 0.01750739
v 0.04023721 0.02973701 0.00277149
v 0.04229921 0.02877455 0.00724055
v 0.00095525 0.02934732 0.00563734
v 0.04877926 0.02101487 0.01435498
v 0.04335321 0.02835561 0.00814135
v 0.03362511 0.02826582 0.01002863
v 0.03336233 0.02490365 0.01672122
v 0.00617719 0.00249525 0.02989388
v 0.03911071 0.02991152 0.00006880
v 0.03819087 0.02991400 0.00164083
v 0.04407073 0.02120880 0.01689438
v 0.00009622 0.02041776 0.02072244
v 0.00466195 0.01581079 0.02549016
v 0.03867191 0.02778846 0.01118003
v 0.00057950 0.01799120 0.02347156
v 0.04813028 0.02292232 0.01486608
v 0.00150000 0.00052051 0.00020536
v 0.04778336 0.02704607 0.00846278
v 0.00000000 0.00007490 0.02138743
v 0.00160790 0.01156248 0.02768160
v 0.04453190 0.02647407 0.01240265
v 0.00929510 0.02312457 0.01911129
v 0.04990928 0.02532781 0.01077544
v 0.00030952 0.01088123 0.02721416
v 0.03549266 0.02524460 0.01619387
v 0.03145168 0.02980370 0.00342455
v 0.00073396 0.02905870 0.00627077
v 0.04009014 0.02985988 0.00092174
v 0.03332418 0.02819183 0.01025299
v 0.00150902 0.01412519 0.02646517
v 0.00146944 0.01869841 0.02345421
v 0.04914659 0.02749944 0.00418117
v 0.03818836 0.02713678 0.01271522
v 0.00067623 0.02292512 0.01883281
v 0.04783433 0.02371070 0.01505933
v 0.00071980 0.00558979 0.02917804
v 0.00086683 0.02834183 0.00929412
v 0.04650781 0.02808207 0.00618806
v 0.03240784 0.02692832 0.01321326
v 0.00721645 0.02938529 0.00603077
v 0.04101260 0.02897280 0.00699499
v 0.00119500 0.01144406 0.02770373
v 0.00086901 0.02461273 0.01685506
v 0.00589692 0.02689425 0.01329252
v 0.00133355 0.01519225 0.02585741
v 0.00287559 0.01237799 0.02732565
v 0.04844252 0.02369635 0.01461725
v 0.04985742 0.02138096 0.01144620
v 0.04796307 0.02607144 0.01098911
v 0.00077055 0.02024934 0.02180760
v 0.00269187 0.00583638 0.02942577
v 0.03755115 0.02980619 0.00308866
v 0.00558412 0.01429673 0.02637349
v 0.03155481 0.02692775 0.01321565
v 0.04541351 0.02495239 0.01486045
v 0.00745244 0.01233063 0.02734729
v 0.00157463 0.01834334 0.02373432
v 0.00791205 0.00042321 0.02998706
v 0.00144211 0.00278840 0.02986680
v 0.04291704 0.02774328 0.01024255
v 0.04288122 0.02739489 0.01117794
v 0.00118212 0.02973821 0.00365984
v 0.04615274 0.02185298 0.01602675
v 0.04827160 0.02813523 0.00138373
v 0.00156132 0.02799274 0.01076322
v 0.00528265 0.00772349 0.02898543
v 0.03351849 0.02988019 0.00245076
v 0.00977446 0.02277263 0.01952707
v 0.03914445 0.02991066 0.00001047
v 0.00075907 0.01834431 0.02341874
v 0.04528156 0.02772298 0.00877300
v 0.02469799 0.02763766 0.01164069
v 0.03829008 0.02821756 0.01004632
v 0.03325864 0.02986707 0.00262496
v 0.04270282 0.02704030 0.01207839
v 0.00179076 0.02680051 0.01347741
v 0.01791624 0.02626650 0.01448900
v 0.00158908 0.02866850 0.00882763
v 0.00111369 0.00500991 0.02952204
v 0.00082173 0.01207816 0.02723733
v 0.00247863 0.00883531 0.02866941
v 0.02901914 0.02685807 0.01336495
v 0.00151210 0.02348711 0.01865051
v 0.00000000 0.00490711 0.02827434
v 0.00088980 0.00625601 0.02917899
v 0.04851673 0.02789295 0.00320463
v 0.03829227 0.02750305 0.01187133
v 0.02962205 0.02950790 0.00540921
v 0.00000000 0.02308866 0.01721215
v 0.00034710 0.02909361 0.00380301
v 0.04047779 0.02916136 0.00637740
v 0.04254591 0.02739503 0.01131015
v 0.00417604 0.02705517 0.01296026
v 0.04680719 0.02689478 0.00981485
v 0.03378177 0.02500803 0.01656963
v 0.00000006 0.02227241 0.01855570
v 0.04649788 0.02407317 0.01573415
v 0.00110281 0.02895452 0.00762853
v 0.00930998 0.01911212 0.02312125
v 0.03320864 0.02780675 0.01125217
v 0.00031555 0.02827720 0.00771400
v 0.02967743 0.02924584 0.00667058
v 0.04432632 0.02231408 0.01679467
v 0.00150000 0.00821016 0.00001348
v 0.00193958 0.02944810 0.00571438
v 0.03367809 0.02581633 0.01527790
v 0.04058726 0.02938982 0.00524257
v 0.03004815 0.02693219 0.01320773
v 0.04749076 0.02709982 0.00862561
v 0.04310184 0.02849045 0.00781958
v 0.04560154 0.02287925 0.01629789
v 0.03243034 0.02603452 0.01490506
v 0.00074923 0.01740854 0.02411470
v 0.00043497 0.00420475 0.02912401
v 0.00183111 0.01517619 0.02587538
v 0.04876158 0.02779912 0.00311671
v 0.03897690 0.02908687 0.00704982
v 0.03338779 0.02787430 0.01108715
v 0.04590634 0.02666804 0.01120300
v 0.00159053 0.02691360 0.01325268
v 0.00396221 0.01517463 0.02587811
v 0.04117203 0.02524417 0.01583401
v 0.04156605 0.02929158 0.00521956
v 0.04842552 0.02757228 0.00545247
v 0.00331539 0.00008005 0.02999804
v 0.03225122 0.02608908 0.01481010
v 0.00360901 0.01022162 0.02820347
v 0.00720353 0.02968990 0.00428661
v 0.03788336 0.02589853 0.01510176
v 0.00130327 0.01598298 0.02536870
v 0.00089264 0.02978409 0.00189110
v 0.00076235 0.02664524 0.01323342
v 0.03997690 0.02985756 0.00135820
v 0.00956005 0.02999985 0.00000672
v 0.00897033 0.01167237 0.02763023
v 0.00715882 0.02123566 0.02119007
v 0.00069784 0.02007115 0.02187381
v 0.00144645 0.01254174 0.02725044
v 0.04245488 0.02921495 0.00511079
v 0.00003737 0.02700511 0.01067045
v 0.04710120 0.02395116 0.01552040
v 0.00000000 0.00493898 0.02842686
v 0.00038488 0.00820610 0.02820956
v 0.02483222 0.02836313 0.00974739
v 0.04130912 0.02975097 0.00123005
v 0.00521185 0.02312549 0.01910982
v 0.04286256 0.02841994 0.00822134
v 0.03451170 0.02481040 0.01685190
v 0.00174617 0.02397402 0.01802662
v 0.04251570 0.02880123 0.00705731
v 0.04521464 0.02886992 0.00356168
v 0.00139894 0.02552263 0.01575748
v 0.04345871 0.02523488 0.01524386
v 0.00002666 0.01059549 0.02702223
v 0.04737111 0.02832532 0.00263580
v 0.03494472 0.02995575 0.00138977
v 0.00892456 0.01458408 0.02621470
v 0.00080090 0.00490531 0.02937293
v 0.03807817 0.02919100 0.00673795
v 0.03761462 0.02509759 0.01642205
v 0.04410157 0.02785930 0.00921223
v 0.00150607 0.02746413 0.01204943
v 0.00000000 0.02837243 0.00005586
v 0.00117743 0.02896188 0.00768030
v 0.00115967 0.00598841 0.02935774
v 0.04037500 0.02466008 0.01688233
v 0.03816960 0.02578416 0.01527847
v 0.04569726 0.02836313 0.00588451
v 0.00029551 0.02884317 0.00511172
v 0.00118616 0.00245292 0.02986396
v 0.04798100 0.02405805 0.01487693
v 0.04665820 0.02868516 0.00077276
v 0.04334059 0.02798084 0.00933614
v 0.03121133 0.02952280 0.00532558
v 0.00010683 0.00744822 0.02812547
v 0.00013520 0.02741032 0.00986296
v 0.00841557 0.00894684 0.02863470
v 0.02128499 0.02957893 0.00498743
v 0.04813287 0.02496717 0.01313835
v 0.03996720 0.02869662 0.00832137
v 0.00121278 0.02978744 0.00332231
v 0.00081884 0.00811305 0.02866764
v 0.03900146 0.02886976 0.00786724
v 0.00085105 0.01675344 0.02467033
v 0.04616477 0.02743258 0.00892960
v 0.03830544 0.02853528 0.00913987
v 0.01214483 0.02703422 0.01300332
v 0.04953867 0.02490540 0.01202960
v 0.03333794 0.02980102 0.00344936
v 0.00033726 0.02471700 0.01579583
v 0.00040868 0.02928996 0.00255748
v 0.04334923 0.02837619 0.00807060
v 0.03248191 0.02980380 0.00342034
v 0.03911097 0.02854487 0.00898429
v 0.00000000 0.02683383 0.01070279
v 0.04633610 0.02876314 0.00156668
v 0.00785556 0.01201176 0.02749013
v 0.00624965 0.02942355 0.00584799
v 0.04181359 0.02680761 0.01284274
v 0.04360079 0.02656892 0.01270164
v 0.01432543 0.02998752 0.00055960
v 0.04289024 0.02494109 0.01591966
v 0.04986174 0.02405133 0.01342059
v 0.00092051 0.00640095 0.02916554
v 0.01169093 0.02236406 0.01999424
v 0.04690172 0.02668740 0.01029609
v 0.00163838 0.02031565 0.02207010
v 0.00000000 0.00002436 0.01864586
v 0.04944286 0.02701646 0.00613643
v 0.00079927 0.01079546 0.02775312
v 0.03815950 0.02892021 0.00782045
v 0.00465305 0.02820633 0.01021095
v 0.04937279 0.02728490 0.00483066
v 0.00143874 0.02894797 0.00784172
v 0.01240647 0.02304022 0.01921305
v 0.00069400 0.02913273 0.00568860
v 0.03297323 0.02621698 0.01456980
v 0.04055391 0.02952269 0.00434967
v 0.00029372 0.00749472 0.02830854
v 0.04727249 0.02493677 0.01381105
v 0.00438528 0.01525862 0.02582919
v 0.00369461 0.02999867 0.00005982
v 0.00169780 0.02520558 0.01626644
v 0.00027433 0.00829815 0.02806718
v 0.03354566 0.02510107 0.01642866
v 0.00545584 0.00548894 0.02949233
v 0.00000000 0.00006249 0.00007006
v 0.04311953 0.02952373 0.00104218
v 0.04295324 0.02837467 0.00832542
v 0.00141520 0.02694141 0.01319525
v 0.00117921 0.02983264 0.00285126
v 0.00408590 0.01427207 0.02638607
v 0.00896751 0.01616820 0.02526912
v 0.04336074 0.02938635 0.00246967
v 0.03785422 0.02945604 0.00551695
v 0.00408733 0.02653575 0.01399140
v 0.00580069 0.00895929 0.02863105
v 0.04311393 0.02433706 0.01675478
v 0.00416509 0.02573995 0.01541016
v 0.00253355 0.00992308 0.02830931
v 0.04813403 0.02678663 0.00889669
v 0.00146429 0.02957222 0.00499836
v 0.03661320 0.02507206 0.01646484
v 0.00063300 0.01064594 0.02764438
v 0.03887470 0.02903381 0.00731096
v 0.00015736 0.02784653 0.00860855
v 0.00186361 0.01268767 0.02718339
v 0.03023224 0.02911312 0.00723811
v 0.03135144 0.02953274 0.00526494
v 0.04372889 0.02358772 0.01702230
v 0.04498731 0.02574292 0.01366850
v 0.04975270 0.02741500 0.00272521
v 0.03964528 0.02506998 0.01634554
v 0.00000000 0.01275035 0.02563583
v 0.00025635 0.02142907 0.01991135
v 0.04630895 0.02554913 0.01330772
v 0.02805102 0.02978090 0.00360224
v 0.04546957 0.02680133 0.01117551
v 0.00017496 0.01848544 0.02256706
v 0.03824060 0.02670738 0.01358058
v 0.01826626 0.02401489 0.01797921
v 0.00717493 0.00694554 0.02918305
v 0.00000000 0.00459718 0.02857147
v 0.00481801 0.00844165 0.02878627
v 0.00000000 0.00225436 0.02510210
v 0.03746569 0.02955476 0.00493572
v 0.00862941 0.02706003 0.01295012
v 0.00733908 0.01201200 0.02749001
v 0.00833351 0.01436428 0.02633587
v 0.00059491 0.00584000 0.02900630
v 0.03815157 0.02910150 0.00714801
v 0.04957231 0.02540870 0.01093961
v 0.00761097 0.01512689 0.02590648
v 0.00000000 0.01448373 0.02508296
v 0.03228482 0.02607641 0.01483250
v 0.00080155 0.00886607 0.02843427
v 0.00649832 0.00973725 0.02837239
v 0.00970333 0.02688201 0.01331769
v 0.04020741 0.02457364 0.01703037
v 0.04389841 0.02938346 0.00088093
v 0.04695779 0.02858521 0.00001114
v 0.04406444 0.02715266 0.01117067
v 0.04556656 0.02605856 0.01274969
v 0.03948654 0.02812991 0.01014239
v 0.04576074 0.02247235 0.01623292
v 0.04844587 0.02135485 0.01461988
v 0.03443825 0.02472195 0.01697844
v 0.00096789 0.01345911 0.02668188
v 0.03786829 0.02966162 0.00418696
v 0.00679617 0.02127090 0.02115508
v 0.01382948 0.02982808 0.00319622
v 0.00416490 0.02298861 0.01927124
v 0.03854145 0.02969506 0.00383061
v 0.01731515 0.02982917 0.00318365
v 0.04969250 0.02619058 0.00872711
v 0.03041976 0.02688824 0.01330426
v 0.04965737 0.02733449 0.00390048
v 0.00078622 0.00757848 0.02879002
v 0.01314252 0.02972141 0.00405413
v 0.00003333 0.00397146 0.02874162
v 0.02067468 0.02696770 0.01314045
v 0.04009031 0.02982798 0.00167686
v 0.00675795 0.01220185 0.02740651
v 0.00000000 0.02868874 0.00351753
v 0.03822424 0.02957480 0.00474748
v 0.00066759 0.02884559 0.00691192
v 0.04615981 0.02882300 0.00138034
v 0.03732859 0.02525150 0.01617273
v 0.00890792 0.00850751 0.02876493
v 0.00139962 0.02853890 0.00921760
v 0.02917776 0.02921829 0.00680028
v 0.00029287 0.01905089 0.02224755
v 0.03093587 0.02780607 0.01125607
v 0.00176875 0.02979512 0.00349444
v 0.00336994 0.02313537 0.01909768
v 0.00143922 0.01611208 0.02529505
v 0.03299161 0.02827573 0.01000214
v 0.04001886 0.02968217 0.00346914
v 0.03516585 0.02932360 0.00623823
v 0.04995997 0.02630844 0.00792533
v 0.00375683 0.01213016 0.02743810
v 0.00080604 0.02559907 0.01523717
v 0.04390277 0.02927214 0.00257753
v 0.00077603 0.01132772 0.02752903
v 0.00502460 0.01170219 0.02762239
v 0.00411248 0.00719707 0.02912175
v 0.00884568 0.02921295 0.00682536
v 0.00071124 0.02959706 0.00246314
v 0.00918200 0.01919894 0.02305066
v 0.00117121 0.00531262 0.02948520
v 0.04483288 0.02916376 0.00115958
v 0.03678914 0.02840262 0.00958468
v 0.04980321 0.02706762 0.00502227
v 0.03273700 0.02994550 0.00164690
v 0.00000000 0.00029414 0.02392727
v 0.04861257 0.02803153 0.00032498
v 0.03536638 0.02781173 0.01121842
v 0.03828177 0.02609487 0.01475102
v 0.04587897 0.02801275 0.00715630
v 0.00885701 0.01432365 0.02635518
v 0.00583480 0.02999594 0.00018257
v 0.00237971 0.00744605 0.02905867
v 0.04425478 0.02806632 0.00848524
v 0.00033257 0.01632322 0.02436666
v 0.04897238 0.02628532 0.00006806
v 0.00422115 0.00897501 0.02862624
v 0.00128669 0.00135818 0.02995761
v 0.04340535 0.02945020 0.00155595
v 0.00654306 0.02122565 0.02120004
v 0.04262516 0.02783681 0.01013928
v 0.00030864 0.02924876 0.00165683
v 0.00071425 0.00070009 0.02969965
v 0.00165895 0.01112634 0.02785376
v 0.00001020 0.02896728 0.00111300
v 0.03912989 0.02700106 0.01292973
v 0.04035012 0.02959513 0.00396836
v 0.04649303 0.02283184 0.01584544
v 0.00045460 0.02753419 0.01044050
v 0.00141021 0.02545868 0.01586089
v 0.00076580 0.00318029 0.02958457
v 0.03847918 0.02787297 0.01097722
v 0.00091643 0.02523077 0.01596465
v 0.02700635 0.02516841 0.01632581
v 0.04014263 0.02835242 0.00943640
v 0.00703301 0.00970445 0.02838343
v 0.04998319 0.02412392 0.00923123
v 0.00036004 0.02487128 0.01559714
v 0.00006492 0.00583467 0.02847165
v 0.04491437 0.02875382 0.00475391
v 0.00101630 0.02983973 0.00201997
v 0.00005225 0.01626232 0.02406990
v 0.03604547 0.02910077 0.00722409
v 0.00561471 0.00697415 0.02917604
v 0.00188179 0.02994814 0.00168040
v 0.00101697 0.02570806 0.01529774
v 0.04634698 0.02843909 0.00447908
v 0.00071793 0.01500275 0.02563936
v 0.03906152 0.02925894 0.00623490
v 0.00854750 0.01069598 0.02802797
v 0.03851012 0.02978582 0.00310938
v 0.03712283 0.02994792 0.00118699
v 0.03347808 0.02968064 0.00425734
v 0.00113329 0.02289684 0.01930880
v 0.01001603 0.02040977 0.02198302
v 0.04066197 0.02732772 0.01197623
v 0.00067034 0.00100285 0.02965005
v 0.03683650 0.02979173 0.00332551
v 0.00128641 0.02453951 0.01722501
v 0.00028283 0.02664089 0.01214391
v 0.00042879 0.00637345 0.02872397
v 0.00143060 0.00966337 0.02839558
v 0.00452825 0.02866637 0.00883243
v 0.04222634 0.02922179 0.00521657
v 0.04807423 0.02806616 0.00291456
v 0.03848025 0.02851777 0.00917440
v 0.04389341 0.02697563 0.01165154
v 0.01002834 0.02056568 0.02183930
v 0.02797113 0.02790403 0.01100816
v 0.00055162 0.01682977 0.02428978
v 0.04014730 0.02986165 0.00051327
v 0.00108578 0.00816907 0.02879876
v 0.00831984 0.00006832 0.02999832
v 0.00275414 0.01013097 0.02823673
v 0.00698784 0.02686305 0.01335586
v 0.04186877 0.02829861 0.00908249
v 0.00097632 0.02981885 0.00204398
v 0.04402967 0.02626367 0.01313685
v 0.00508747 0.02714491 0.01276602
v 0.03993294 0.02630149 0.01421036
v 0.00135908 0.02991753 0.00206024
v 0.00316071 0.00161780 0.02995457
v 0.03732726 0.02977951 0.00340665
v 0.04528907 0.02102067 0.01641965
v 0.02481952 0.02687460 0.01333257
v 0.03323972 0.02990109 0.00219958
v 0.01760735 0.02577580 0.01534906
v 0.03201679 0.02514985 0.01635388
v 0.03808645 0.02530621 0.01606997
v 0.00534286 0.01581594 0.02548756
v 0.04052476 0.02582139 0.01500936
v 0.00000001 0.00004897 0.02487290
v 0.00639915 0.00061115 0.02998377
v 0.02739536 0.02781184 0.01124561
v 0.03751430 0.02697859 0.01308207
v 0.03326451 0.02499606 0.01658786
v 0.00476101 0.01813470 0.02389854
v 0.00242243 0.02008183 0.02228189
v 0.01330782 0.02703216 0.01300675
v 0.00729250 0.01616924 0.02526688
v 0.04990116 0.02191710 0.01346358
v 0.00098046 0.01622997 0.02510163
v 0.01539575 0.02996660 0.00140882
v 0.04294292 0.02685905 0.01238240
v 0.00050307 0.02399713 0.01715556
v 0.03773048 0.02543434 0.01586772
v 0.03326862 0.02998682 0.00059386
v 0.03120152 0.02783813 0.01118088
v 0.04626221 0.02424902 0.01558032
v 0.03932021 0.02989384 0.00088110
v 0.04795598 0.02406742 0.01487666
v 0.03296959 0.02918089 0.00695941
v 0.02261452 0.02993152 0.00187556
v 0.00192706 0.01301652 0.02702202
v 0.04174408 0.02765541 0.01092683
v 0.02121556 0.02992873 0.00191559
v 0.00871816 0.00825986 0.02883853
v 0.00245879 0.02922124 0.00678728
v 0.00890617 0.01031482 0.02816407
v 0.00086955 0.00657193 0.02909553
v 0.00588866 0.00775941 0.02897601
v 0.03800955 0.02936866 0.00591619
v 0.04778713 0.02652748 0.00992526
v 0.04390974 0.02882545 0.00575001
v 0.04094132 0.02592182 0.01475317
v 0.00074191 0.01533791 0.02547453
v 0.00154722 0.01451487 0.02624726
v 0.00507113 0.02943820 0.00577593
v 0.00379359 0.00286626 0.02986247
v 0.00194176 0.02982424 0.00323239
v 0.04280028 0.02685954 0.01244937
v 0.00093136 0.02575333 0.01513301
v 0.03603892 0.02952255 0.00521609
v 0.02969165 0.02824638 0.01010214
v 0.04415025 0.02933338 0.00096543
v 0.00095792 0.02056340 0.02167910
v 0.04369695 0.02866280 0.00670597
v 0.00751255 0.01218817 0.02741252
v 0.01055145 0.02824108 0.01012018
v 0.00123764 0.02918926 0.00682172
v 0.00112164 0.02992157 0.00139249
v 0.00043634 0.01256547 0.02661153
v 0.03820340 0.02994765 0.00038940
v 0.01758020 0.02931398 0.00635942
v 0.00060080 0.00409188 0.02930767
v 0.04029992 0.02499800 0.01640529
v 0.00104095 0.02454852 0.01710183
v 0.00968612 0.02008954 0.02227811
v 0.04257695 0.02669352 0.01288093
v 0.04615580 0.02120032 0.01601399
v 0.04813353 0.02819292 0.00084151
v 0.01773515 0.02590764 0.01512238
v 0.01030216 0.02126714 0.02115840
v 0.03033185 0.02685656 0.01336785
v 0.03995226 0.02438950 0.01732390
v 0.03323700 0.02979756 0.00347310
v 0.00044408 0.02301575 0.01836124
v 0.03928834 0.02719558 0.01247121
v 0.00063470 0.02781100 0.01021460
v 0.04598007 0.02713222 0.00992027
v 0.00000000 0.01578947 0.02423757
v 0.04100409 0.02978442 0.00103664
v 0.00925112 0.02656090 0.01394244
v 0.00441576 0.01768809 0.02422863
v 0.04543804 0.02559082 0.01373940
v 0.00349406 0.02999949 0.00002284
v 0.00193900 0.00388445 0.02973851
v 0.00099658 0.02948102 0.00498205
v 0.00105803 0.00252171 0.02981955
v 0.01401467 0.02359758 0.01851990
v 0.00150009 0.00000217 0.02529288
v 0.04244606 0.02962134 0.00143952
v 0.04047275 0.02983075 0.00138741
v 0.04894660 0.02716372 0.00638976
v 0.04541570 0.02490372 0.01494355
v 0.03733727 0.02994333 0.00135046
v 0.01821616 0.02778306 0.01131641
v 0.00000000 0.00900061 0.02471897
v 0.03828170 0.02584399 0.01517115
v 0.03370695 0.02541079 0.01593327
v 0.03825613 0.02855782 0.00906881
v 0.00792974 0.00280596 0.02986703
v 0.00064388 0.02160791 0.02027998
v 0.04999376 0.02739322 0.00184100
v 0.04999505 0.02695649 0.00518575
v 0.03603873 0.02440114 0.01743259
v 0.04567056 0.02650667 0.01171152
v 0.00934458 0.00004511 0.02965476
v 0.04460932 0.02608372 0.01321556
v 0.04460312 0.02894458 0.00410020
v 0.00127725 0.01546788 0.02569020
v 0.04608021 0.02754545 0.00869791
v 0.04811711 0.02131139 0.01487893
v 0.04761354 0.02448200 0.01438285
v 0.00046283 0.01665961 0.02429757
v 0.00136419 0.00143192 0.02996262
v 0.04394337 0.02864911 0.00656613
f 1175 802 561
f 552 913 1268
f 913 487 811
f 1541 929 845
f 1268 829 1204
f 1204 561 1268
f 1386 802 913
f 913 552 1386
f 1386 552 802
f 802 552 1145
f 691 802 1175
f 691 1110 802
f 913 192 1554
f 913 802 1032
f 1032 192 913
f 1268 913 1058
f 1058 811 1268
f 913 811 1058
f 487 856 449
f 449 811 487
f 1268 811 449
f 1407 582 913
f 1407 1554 1555
f 913 1554 1407
f 845 929 1249
f 301 1541 845
f 845 564 301
f 229 550 1166
f 1166 550 929
f 951 561 802
f 802 1145 951
f 1268 561 951
f 951 1145 552
f 951 552 1268
f 840 449 856
f 1268 449 840
f 840 564 1268
f 1558 436 1045
f 856 436 1558
f 1558 840 856
f 564 840 1558
f 1558 301 564
f 1541 301 1558
f 1443 1166 1558
f 929 1541 1558
f 1558 1166 929
f 728 856 487
f 728 436 856
f 1462 1249 929
f 203 829 1268
f 433 1302 1023
f 1302 322 1023
f 940 18 229
f 229 1166 940
f 1186 1543 1542
f 802 1110 632
f 1555 1554 798
f 221 1558 1454
f 582 436 1089
f 913 582 1089
f 1249 1462 654
f 111 417 302
f 363 1004 433
f 433 1023 363
f 363 1023 1004
f 1110 691 123
f 123 926 1110
f 1001 630 229
f 1137 719 96
f 1191 1082 876
f 1542 977 887
f 887 1186 1542
f 1543 1186 1532
f 1110 531 262
f 262 632 1110
f 262 531 977
f 1127 798 762
f 504 1558 1045
f 1045 1563 504
f 1454 1558 504
f 627 221 1052
f 1443 1558 641
f 1558 221 641
f 436 728 32
f 32 1089 436
f 32 728 487
f 913 1089 32
f 32 487 913
f 65 654 550
f 65 550 229
f 229 630 65
f 1190 1302 433
f 1190 322 1302
f 874 719 1137
f 719 874 377
f 377 874 1527
f 1475 362 84
f 1475 377 304
f 84 719 1475
f 719 377 1475
f 302 417 30
f 333 122 339
f 1472 138 1225
f 824 665 612
f 522 833 121
f 602 287 422
f 859 590 972
f 630 1001 1304
f 1304 65 630
f 920 113 1304
f 920 1304 1195
f 1195 678 920
f 229 18 1393
f 1037 618 721
f 1130 96 719
f 1053 835 575
f 1053 96 835
f 1137 96 1053
f 835 96 1531
f 1412 835 1531
f 247 835 1412
f 1154 1111 1056
f 508 171 336
f 336 580 508
f 40 580 336
f 821 750 186
f 290 1082 1191
f 1132 876 1082
f 1082 290 1132
f 1191 876 601
f 1336 1361 744
f 165 1361 1336
f 1435 369 1127
f 563 241 649
f 279 986 200
f 1198 568 1381
f 692 1381 1005
f 692 1198 1381
f 1051 1513 1546
f 1029 1513 1051
f 972 342 1477
f 1477 342 926
f 972 1546 694
f 694 342 972
f 972 590 1197
f 713 261 1542
f 1542 1543 713
f 1543 312 286
f 286 713 1543
f 59 312 1543
f 1186 887 352
f 352 1532 1186
f 977 531 352
f 352 887 977
f 352 531 1110
f 1110 1441 352
f 352 1441 1543
f 1543 1532 352
f 1322 569 968
f 1322 1213 802
f 968 1213 1322
f 632 569 1322
f 802 632 1322
f 632 262 177
f 757 1180 912
f 1180 282 912
f 282 22 912
f 27 962 1389
f 1542 261 1389
f 1389 962 1542
f 1269 262 977
f 1269 962 262
f 1269 977 1542
f 1542 962 1269
f 1293 798 1554
f 1554 762 1293
f 1293 762 798
f 248 1554 192
f 1327 608 1563
f 680 855 1454
f 1454 504 680
f 627 12 33
f 31 12 627
f 627 1052 31
f 31 1052 12
f 633 221 1454
f 633 1052 221
f 12 1052 730
f 491 99 1049
f 1548 65 1295
f 1295 65 1125
f 920 1531 1295
f 829 203 989
f 755 94 609
f 213 429 741
f 213 1190 433
f 322 1190 820
f 820 1023 322
f 62 1540 820
f 1004 1023 820
f 820 1540 1004
f 62 741 212
f 212 196 62
f 741 429 1424
f 1424 429 100
f 295 874 1137
f 1527 874 295
f 362 1475 1231
f 1231 1475 304
f 84 362 405
f 362 1231 405
f 405 1231 1408
f 405 719 84
f 304 377 150
f 100 429 150
f 629 496 124
f 124 405 1408
f 1068 1347 299
f 299 1347 38
f 716 665 417
f 417 111 68
f 68 405 354
f 719 405 68
f 1210 122 302
f 1392 790 1395
f 527 790 1392
f 527 1392 606
f 777 596 1436
f 1119 5 584
f 584 321 350
f 843 980 314
f 1118 843 524
f 980 843 1118
f 682 509 1193
f 285 682 1280
f 285 509 682
f 1271 824 658
f 20 138 1019
f 138 1472 570
f 1072 1019 570
f 570 1019 138
f 1280 597 423
f 358 805 1264
f 358 882 378
f 60 1404 75
f 1264 805 75
f 682 1264 75
f 75 1404 682
f 1248 488 1518
f 1468 488 1248
f 873 488 1468
f 94 489 593
f 1173 824 612
f 665 824 731
f 613 121 833
f 1439 1478 1027
f 1511 1272 264
f 1031 414 854
f 483 19 1415
f 1024 859 303
f 1108 590 1230
f 1108 1428 590
f 1125 65 1183
f 65 1304 1183
f 1183 1295 1125
f 1183 1304 113
f 679 1512 678
f 1037 127 1537
f 911 1537 127
f 911 618 1037
f 1037 1537 911
f 270 1245 1206
f 618 911 1267
f 1236 1130 719
f 719 68 1236
f 1236 68 111
f 756 989 203
f 756 203 1268
f 1268 564 756
f 845 1306 756
f 756 1306 1548
f 756 564 845
f 1137 1053 1296
f 920 678 1315
f 1315 678 170
f 170 963 1315
f 170 678 599
f 1111 1154 210
f 210 1154 1225
f 210 138 20
f 1225 138 210
f 170 1496 1013
f 1013 963 170
f 1225 1154 315
f 315 245 1225
f 1154 1440 315
f 315 1440 245
f 898 1472 1225
f 1225 245 898
f 904 336 171
f 1484 1288 558
f 558 1381 1484
f 508 1288 1484
f 1484 171 508
f 186 750 925
f 750 53 925
f 754 53 750
f 562 53 754
f 1512 679 1121
f 1121 679 1365
f 860 1365 1251
f 166 1195 947
f 678 1195 760
f 760 679 678
f 1006 290 1191
f 1180 290 479
f 479 1006 251
f 290 1006 479
f 598 1132 320
f 876 1132 598
f 6 876 1221
f 1043 801 1191
f 1191 601 1043
f 1043 601 801
f 6 801 162
f 801 601 162
f 162 876 6
f 162 601 876
f 1446 801 6
f 6 579 1446
f 1405 579 6
f 1405 1436 596
f 251 1006 323
f 323 1006 1191
f 1361 165 41
f 41 165 1064
f 1555 1361 41
f 41 1407 1555
f 553 41 1064
f 553 9 80
f 553 437 9
f 1229 437 553
f 582 1407 553
f 1407 41 553
f 1313 553 1064
f 944 241 369
f 227 1196 369
f 427 1196 227
f 1338 798 1127
f 1127 369 1338
f 443 969 1079
f 92 1299 1160
f 152 1299 92
f 152 956 1299
f 1562 931 430
f 430 931 311
f 1336 1282 1090
f 1090 165 1336
f 1064 165 1090
f 1090 1313 1064
f 105 986 475
f 1055 986 105
f 1465 1074 517
f 517 617 1465
f 1141 617 517
f 517 890 1141
f 114 617 1141
f 1465 617 114
f 1179 1288 508
f 508 580 1179
f 1097 217 1005
f 1005 1381 1097
f 1097 1381 558
f 55 1523 981
f 1273 70 142
f 218 692 55
f 1198 692 218
f 55 692 1525
f 142 70 1497
f 1497 904 171
f 1546 1513 799
f 1110 926 836
f 836 1513 1110
f 1343 59 782
f 160 1051 1546
f 1546 1197 160
f 160 1197 590
f 90 1546 972
f 972 1197 90
f 90 1197 1546
f 141 859 1024
f 590 859 141
f 320 1132 1148
f 1543 1441 1069
f 1069 636 1543
f 1110 1513 1050
f 636 1069 1050
f 1505 962 27
f 1372 1505 514
f 514 1505 27
f 572 1359 473
f 312 59 473
f 473 59 572
f 808 22 282
f 757 912 382
f 382 912 22
f 659 969 961
f 899 969 443
f 443 430 899
f 556 744 1361
f 169 1165 659
f 659 961 169
f 472 1361 1555
f 1127 762 1157
f 1157 762 1554
f 1554 248 984
f 1009 781 984
f 984 1105 1009
f 984 1157 1554
f 781 1157 984
f 795 1237 427
f 795 1213 968
f 968 1237 795
f 1521 1105 1377
f 1377 710 1521
f 1377 1032 802
f 802 710 1377
f 1377 984 248
f 1105 984 1377
f 994 1563 1045
f 994 1327 1563
f 1182 181 1563
f 1563 608 1057
f 1057 667 1563
f 1520 504 1563
f 1520 680 504
f 1563 181 1520
f 1326 680 743
f 855 680 1326
f 743 63 1326
f 63 855 1326
f 627 33 420
f 1144 730 63
f 1099 641 221
f 1499 1049 99
f 1499 73 1037
f 1499 893 73
f 603 688 1452
f 128 603 491
f 128 688 603
f 1100 1499 1037
f 1037 721 1100
f 1100 721 1211
f 1211 1539 1388
f 1388 1393 18
f 1388 1539 1393
f 1220 866 437
f 1249 654 1060
f 654 1376 1060
f 654 65 539
f 539 1376 654
f 1249 1060 539
f 539 1060 1376
f 845 1249 539
f 539 1306 845
f 539 65 1548
f 1548 1306 539
f 1004 1540 176
f 62 975 176
f 176 1540 62
f 62 196 153
f 196 212 153
f 755 609 463
f 223 1523 55
f 433 1004 223
f 1004 176 223
f 223 176 1256
f 62 820 1124
f 1124 820 1190
f 1124 741 62
f 1124 213 741
f 1190 213 1124
f 1527 295 1075
f 1075 295 1137
f 960 1256 490
f 960 223 1256
f 219 94 755
f 219 489 94
f 219 212 741
f 741 1424 219
f 219 1424 284
f 184 485 945
f 284 1424 184
f 184 219 284
f 100 198 184
f 184 1424 100
f 354 496 784
f 784 68 354
f 788 68 784
f 1030 788 784
f 784 496 1030
f 588 496 354
f 354 405 588
f 324 124 496
f 405 124 324
f 496 588 324
f 324 588 405
f 433 882 1429
f 1429 213 433
f 429 213 1429
f 1429 1517 429
f 146 386 827
f 665 731 146
f 30 386 146
f 830 1347 1068
f 830 1000 302
f 1068 1210 830
f 830 1210 1000
f 350 321 1078
f 321 299 1078
f 1078 731 350
f 1078 146 731
f 339 122 109
f 122 1210 109
f 109 333 339
f 109 481 333
f 302 1000 327
f 327 1210 302
f 1000 1210 327
f 1395 180 140
f 140 1392 1395
f 1511 335 706
f 706 1172 1511
f 606 1172 706
f 335 1026 706
f 333 481 1131
f 1131 481 752
f 577 602 422
f 422 355 577
f 577 355 602
f 28 1146 243
f 28 240 1146
f 240 842 1498
f 1146 240 1498
f 604 1433 625
f 774 559 1252
f 559 819 1252
f 828 819 559
f 828 559 416
f 321 584 1139
f 1139 584 5
f 321 875 832
f 1068 299 832
f 832 299 321
f 832 1257 1068
f 752 1257 832
f 1103 1272 1038
f 1038 414 1103
f 882 358 39
f 39 358 1264
f 497 285 1280
f 1280 423 497
f 939 1445 1123
f 1203 1271 705
f 340 1271 658
f 658 159 340
f 161 488 873
f 863 1019 1072
f 1072 570 1098
f 372 647 1098
f 1098 570 372
f 419 587 657
f 1280 521 804
f 55 981 1438
f 1438 924 1248
f 709 593 104
f 653 1271 1203
f 824 1271 653
f 1502 1416 164
f 658 824 164
f 824 1173 164
f 1502 164 847
f 847 164 1173
f 1030 496 847
f 847 496 629
f 932 584 350
f 1253 833 93
f 1253 613 833
f 1509 613 356
f 121 613 1509
f 202 313 528
f 1415 19 938
f 1031 854 938
f 471 187 1230
f 97 1526 1230
f 923 602 1230
f 1230 1526 923
f 1451 483 1511
f 19 483 1451
f 1511 264 1451
f 1451 264 1272
f 1451 938 19
f 1451 1272 1031
f 1031 938 1451
f 1511 483 25
f 1175 561 1536
f 972 999 330
f 1024 303 1486
f 1307 1330 402
f 402 740 1307
f 1503 740 402
f 402 355 1503
f 1453 1330 749
f 1453 749 1421
f 1453 402 1330
f 1453 1428 1230
f 1230 402 1453
f 1230 1428 8
f 8 1108 1230
f 1428 1108 8
f 188 1015 355
f 188 355 422
f 1008 1183 113
f 1295 1183 1008
f 1008 113 920
f 920 1295 1008
f 821 1223 431
f 270 623 431
f 431 623 821
f 431 1245 270
f 656 1304 403
f 656 1195 1304
f 1365 679 103
f 103 760 1365
f 679 760 103
f 229 722 48
f 48 1001 229
f 48 1304 1001
f 737 222 1311
f 737 1223 1339
f 737 431 1223
f 1339 1184 737
f 1371 721 618
f 618 1206 1371
f 1371 1120 721
f 1206 1120 1371
f 618 398 283
f 398 67 283
f 750 623 942
f 942 623 270
f 244 398 618
f 618 1267 244
f 627 893 195
f 195 893 99
f 491 603 195
f 195 99 491
f 277 1236 111
f 277 111 302
f 302 122 277
f 943 1531 96
f 943 1295 1531
f 1548 1295 943
f 379 198 250
f 250 1296 379
f 1137 1296 250
f 250 1075 1137
f 198 1075 250
f 477 198 379
f 379 485 477
f 477 184 198
f 485 184 477
f 379 1296 294
f 294 1296 1053
f 1053 485 294
f 549 1531 920
f 920 1315 549
f 1412 1531 549
f 549 1315 1412
f 170 599 332
f 1056 1111 974
f 575 835 673
f 673 1053 575
f 736 247 1412
f 753 1154 1056
f 753 1440 1154
f 634 210 20
f 796 1506 945
f 779 1013 1496
f 695 245 1496
f 1496 898 695
f 695 898 245
f 1 440 860
f 1 821 186
f 186 440 1
f 171 1484 1310
f 1310 1484 1381
f 1381 568 1310
f 750 821 1442
f 1442 623 750
f 821 623 1442
f 1432 1281 186
f 186 925 1432
f 1285 166 947
f 1365 166 1285
f 947 1251 1285
f 1285 1251 1365
f 1195 166 1065
f 1065 760 1195
f 1065 166 1365
f 1365 760 1065
f 1346 214 493
f 1346 1330 1307
f 933 214 191
f 191 214 346
f 1158 598 933
f 708 559 774
f 774 1312 708
f 410 956 89
f 956 152 89
f 410 89 1102
f 916 278 1055
f 1035 278 1325
f 1325 278 579
f 1133 373 1485
f 902 373 1133
f 579 278 275
f 275 373 579
f 1191 801 610
f 801 1188 610
f 801 652 809
f 510 652 801
f 369 1435 768
f 768 227 369
f 1073 1338 369
f 145 1073 369
f 148 1073 145
f 369 241 145
f 1567 888 251
f 251 323 1567
f 1567 323 1507
f 1297 455 775
f 1324 1160 1557
f 1557 1160 1299
f 1324 455 374
f 374 1160 1324
f 1562 1112 734
f 311 931 1150
f 1150 931 1282
f 371 311 1150
f 1562 995 1384
f 1384 1112 1562
f 729 995 1562
f 1562 430 729
f 729 430 1380
f 1380 1384 729
f 729 1384 995
f 157 374 455
f 425 263 879
f 879 276 425
f 1090 157 879
f 879 157 276
f 263 274 879
f 1313 1090 879
f 1227 200 777
f 1227 1373 200
f 777 1436 1227
f 279 200 965
f 200 1373 965
f 1402 986 1055
f 1402 200 986
f 1402 29 200
f 1055 278 1402
f 777 200 1114
f 200 29 1114
f 810 1010 689
f 775 455 486
f 486 455 1324
f 234 1519 265
f 475 890 1378
f 319 114 1141
f 939 344 82
f 82 344 1017
f 439 1309 1362
f 439 1179 580
f 217 1097 4
f 849 218 55
f 1198 218 849
f 1072 1098 979
f 979 1098 647
f 1171 547 1561
f 1472 540 1171
f 1171 540 547
f 372 570 1171
f 1171 570 1472
f 1171 684 372
f 581 684 1171
f 1041 1525 296
f 55 1525 1041
f 638 1525 692
f 142 1497 1071
f 1071 1497 171
f 1071 1273 142
f 359 799 1513
f 1513 836 359
f 1422 694 1546
f 1546 799 1422
f 342 694 1422
f 1174 636 1029
f 1029 1051 1174
f 1543 636 1174
f 1174 59 1543
f 1174 782 59
f 1051 160 889
f 889 1453 1421
f 626 1359 572
f 1375 401 590
f 590 141 1375
f 1230 1234 881
f 1421 749 367
f 367 413 1421
f 749 1330 367
f 1330 1346 367
f 320 1148 915
f 214 1148 45
f 493 214 45
f 1480 1050 1513
f 636 1050 1480
f 262 962 1321
f 962 1505 1321
f 968 155 1348
f 1348 1237 968
f 155 514 1348
f 1372 514 325
f 325 514 155
f 1022 1180 757
f 806 45 1148
f 467 126 27
f 22 460 921
f 921 382 22
f 921 460 261
f 757 382 921
f 921 1022 757
f 261 713 921
f 713 286 921
f 921 286 312
f 473 1022 921
f 312 473 921
f 1364 808 27
f 22 808 1364
f 27 126 1364
f 1380 430 642
f 430 86 642
f 642 1384 1380
f 1567 1384 642
f 888 1567 642
f 371 696 7
f 7 311 371
f 7 961 969
f 7 430 311
f 969 899 7
f 7 899 430
f 1250 472 1555
f 1555 586 1250
f 1544 472 1250
f 1250 169 1544
f 1127 1157 21
f 21 1157 781
f 21 781 1009
f 1009 1105 21
f 919 795 1105
f 919 1105 1521
f 1213 795 919
f 1521 710 919
f 919 710 802
f 802 1213 919
f 17 1182 1138
f 810 689 17
f 80 9 1244
f 9 437 1244
f 627 420 69
f 69 420 73
f 69 893 627
f 73 893 69
f 73 420 560
f 692 909 560
f 560 420 201
f 201 17 560
f 1291 420 33
f 12 730 703
f 730 1144 703
f 1152 855 63
f 63 985 1152
f 63 730 983
f 983 985 63
f 641 1099 1463
f 1463 891 641
f 99 893 1552
f 1552 1499 99
f 893 1499 1552
f 491 1049 135
f 1049 1499 135
f 688 1100 44
f 1220 276 769
f 1063 176 975
f 1356 975 62
f 62 153 1356
f 1523 246 1331
f 1040 246 1523
f 1523 223 1040
f 1040 223 519
f 1040 463 609
f 1040 1331 246
f 746 609 94
f 36 223 55
f 55 1041 36
f 36 1041 83
f 387 198 100
f 387 1075 198
f 100 150 387
f 387 150 377
f 387 377 1527
f 1527 1075 387
f 511 960 490
f 212 960 511
f 1246 212 519
f 1246 960 212
f 519 223 1246
f 223 960 1246
f 646 489 199
f 199 184 945
f 489 219 199
f 219 184 199
f 945 1506 199
f 199 1506 646
f 304 704 870
f 870 124 1408
f 870 1231 304
f 1408 1231 870
f 1403 1416 1502
f 1084 704 304
f 304 150 1084
f 417 665 1181
f 665 183 1181
f 1181 30 417
f 665 146 1529
f 230 830 302
f 1347 830 230
f 302 292 230
f 230 292 1347
f 764 299 817
f 764 1078 299
f 817 146 764
f 146 1078 764
f 30 146 555
f 817 299 700
f 299 260 700
f 700 146 817
f 700 555 146
f 302 30 269
f 269 292 302
f 1347 292 269
f 47 68 788
f 293 788 612
f 612 1430 293
f 293 47 788
f 1430 47 293
f 787 109 1210
f 787 1257 752
f 752 481 787
f 481 109 787
f 787 1210 1068
f 1068 1257 787
f 1232 140 333
f 1038 1272 1411
f 1411 1272 1511
f 1369 752 1038
f 1038 1172 1369
f 1369 1172 606
f 1369 606 1392
f 1392 140 1369
f 140 1232 1369
f 773 706 1026
f 773 1204 829
f 829 790 773
f 561 1204 773
f 773 1536 561
f 1026 1536 773
f 773 790 527
f 527 606 773
f 189 718 650
f 650 1482 189
f 185 854 414
f 683 1498 1239
f 793 1509 453
f 453 1509 356
f 279 965 1358
f 604 1504 1358
f 1358 1504 573
f 1070 986 279
f 475 986 1070
f 116 1433 1119
f 116 625 1433
f 1119 1433 147
f 1433 965 147
f 774 1252 640
f 727 828 416
f 189 1482 727
f 1205 1139 5
f 1510 1139 1205
f 752 832 317
f 1038 752 317
f 317 414 1038
f 506 414 317
f 499 832 875
f 499 1510 506
f 499 1139 1510
f 499 875 321
f 321 1139 499
f 1031 1272 1222
f 1272 1103 1222
f 1222 414 1031
f 1222 1103 414
f 1271 340 364
f 1400 39 1264
f 1193 39 1400
f 1400 1264 682
f 682 1193 1400
f 1455 1445 939
f 1455 1319 1445
f 1161 651 1445
f 1524 344 939
f 939 1123 1524
f 509 340 520
f 520 1193 509
f 520 340 159
f 520 39 1193
f 520 394 39
f 520 159 658
f 520 1416 878
f 878 394 520
f 1007 1468 1248
f 1248 593 1007
f 1007 593 1019
f 1019 863 1007
f 873 1468 1007
f 1007 161 873
f 1007 863 161
f 1072 979 156
f 1467 647 372
f 372 505 1467
f 1467 979 647
f 40 336 308
f 1472 898 428
f 428 540 1472
f 428 898 1496
f 1496 308 428
f 541 964 810
f 541 657 587
f 657 541 901
f 1457 597 1280
f 1280 804 1457
f 1457 804 597
f 60 1458 503
f 503 1404 60
f 1280 682 503
f 682 1404 503
f 518 1316 385
f 56 1118 1167
f 1167 1118 524
f 1425 1518 55
f 55 1438 1425
f 1248 1518 1425
f 1425 1438 1248
f 772 104 593
f 375 1106 833
f 375 1351 1106
f 375 833 522
f 1119 1351 375
f 1119 584 991
f 991 1351 1119
f 739 731 824
f 739 932 731
f 739 991 932
f 658 164 328
f 328 164 1416
f 328 520 658
f 1416 520 328
f 1030 847 462
f 462 788 1030
f 612 788 462
f 462 1173 612
f 462 847 1173
f 350 731 537
f 537 932 350
f 731 932 537
f 233 1253 93
f 513 1439 1027
f 202 351 712
f 712 313 202
f 202 528 434
f 434 653 202
f 1106 1351 434
f 1351 991 434
f 1500 938 854
f 187 854 732
f 854 1355 732
f 1230 187 732
f 194 859 1473
f 194 303 859
f 885 483 1415
f 1415 763 885
f 470 335 1511
f 1511 25 470
f 1263 1026 1382
f 1263 1536 1026
f 544 859 972
f 972 330 544
f 1242 999 1382
f 1242 330 999
f 1382 1026 1242
f 998 35 501
f 602 355 1423
f 355 402 1423
f 1230 602 1423
f 1423 402 1230
f 1216 656 403
f 3 656 1216
f 815 656 3
f 947 1195 815
f 1195 656 815
f 1393 1539 447
f 1211 721 447
f 447 1539 1211
f 721 1120 447
f 1199 1401 447
f 447 1120 1199
f 229 1393 1427
f 1341 507 403
f 403 1304 1341
f 1304 48 1341
f 1341 48 616
f 1077 737 1311
f 403 507 1077
f 1515 1401 1199
f 403 1311 1409
f 1409 1216 403
f 1245 431 1490
f 431 737 1490
f 737 1077 1490
f 1260 737 1184
f 1260 1216 182
f 1184 1216 1260
f 1021 754 750
f 750 942 1021
f 270 1206 611
f 611 942 270
f 909 966 748
f 73 560 748
f 748 560 909
f 127 867 748
f 91 966 909
f 927 526 67
f 368 909 692
f 692 450 368
f 562 754 674
f 51 790 829
f 1395 790 51
f 51 180 1395
f 122 333 51
f 51 140 180
f 333 140 51
f 1236 277 458
f 1130 1236 458
f 829 989 458
f 989 756 458
f 96 1130 458
f 458 943 96
f 458 756 1548
f 1548 943 458
f 1553 485 379
f 379 294 1553
f 1553 294 485
f 835 247 1300
f 1300 673 835
f 130 736 1412
f 130 753 736
f 1440 753 130
f 886 489 646
f 886 593 489
f 20 1019 886
f 1019 593 886
f 210 634 758
f 1111 210 758
f 945 485 1091
f 1091 485 1053
f 205 796 1091
f 245 1440 1565
f 1565 1385 245
f 110 779 1496
f 110 814 1412
f 1412 1315 110
f 110 1315 963
f 1086 948 904
f 724 925 53
f 971 1122 595
f 595 53 562
f 595 1122 53
f 1434 290 1180
f 43 1346 1307
f 1307 740 43
f 43 740 1503
f 1503 355 43
f 355 1015 43
f 933 191 1419
f 1419 1158 933
f 1200 708 1312
f 189 516 637
f 502 1102 89
f 759 809 415
f 415 809 652
f 839 89 152
f 548 1519 234
f 777 1035 571
f 1035 1325 571
f 978 916 391
f 278 916 978
f 978 275 278
f 978 1485 373
f 373 275 978
f 1151 323 1191
f 1191 610 1151
f 801 809 34
f 289 1073 148
f 376 1165 148
f 148 145 376
f 659 1165 376
f 376 969 659
f 376 1079 969
f 376 145 1079
f 241 563 807
f 807 145 241
f 1079 145 807
f 563 86 807
f 807 86 430
f 443 1079 807
f 807 430 443
f 251 888 74
f 86 1410 1209
f 13 1530 1562
f 1562 734 13
f 13 152 92
f 77 1150 1282
f 744 696 77
f 1336 744 77
f 77 1282 1336
f 1282 931 465
f 465 853 1282
f 759 1384 474
f 474 1384 1567
f 474 1567 1507
f 1160 374 791
f 374 157 791
f 914 879 274
f 914 274 437
f 914 437 1229
f 1229 553 803
f 553 1313 803
f 1185 1433 604
f 604 965 1185
f 1185 965 1433
f 174 1035 777
f 777 1114 174
f 98 1437 235
f 1323 1437 98
f 1323 956 410
f 410 1437 1323
f 1128 685 1055
f 1055 105 1128
f 391 533 660
f 1133 1485 107
f 1485 978 107
f 620 265 1519
f 1519 300 620
f 935 265 620
f 300 660 957
f 957 620 300
f 158 1208 1170
f 143 114 1003
f 114 319 1003
f 857 82 1258
f 953 82 857
f 207 228 72
f 1495 228 207
f 296 1525 826
f 826 1516 296
f 1061 439 1036
f 435 1444 1168
f 482 834 1061
f 1061 175 482
f 585 4 1097
f 558 1288 585
f 585 1097 558
f 217 4 1508
f 896 168 418
f 418 168 1366
f 1366 168 1061
f 1061 834 1366
f 70 1198 702
f 1198 849 702
f 1274 849 55
f 664 95 55
f 55 979 664
f 505 1534 664
f 161 863 1370
f 941 505 372
f 372 684 941
f 941 1534 505
f 478 1497 1156
f 1561 948 478
f 948 1086 478
f 478 1171 1561
f 946 846 476
f 1273 1071 1094
f 1094 1310 568
f 171 1310 1094
f 1094 1071 171
f 568 1198 1094
f 1094 1198 70
f 70 1273 1094
f 799 359 723
f 342 1422 723
f 723 1422 799
f 723 359 836
f 926 342 723
f 723 836 926
f 1093 889 160
f 1453 889 1093
f 1093 160 590
f 1428 1453 1093
f 590 1428 1093
f 1042 59 1343
f 572 59 1042
f 1042 626 572
f 404 868 108
f 154 1234 1230
f 1230 1115 154
f 1230 590 1456
f 1456 1115 1230
f 590 401 1456
f 1067 471 1230
f 1230 881 1067
f 76 1148 214
f 76 915 1148
f 413 367 1334
f 844 1148 1132
f 258 1505 177
f 258 1321 1505
f 258 177 262
f 262 1321 258
f 649 241 515
f 241 944 515
f 515 1039 649
f 851 1039 515
f 536 808 282
f 282 851 536
f 291 851 282
f 992 514 27
f 1417 851 563
f 905 851 1417
f 1417 563 649
f 649 905 1417
f 563 851 645
f 645 86 563
f 851 291 645
f 1397 806 1148
f 1397 473 1359
f 261 460 167
f 460 467 167
f 1275 467 460
f 126 467 1275
f 27 1389 329
f 329 467 27
f 1544 169 676
f 676 7 696
f 676 169 961
f 961 7 676
f 676 190 1544
f 556 190 676
f 257 556 1361
f 257 190 556
f 134 1182 1563
f 1563 667 134
f 1104 172 1182
f 1182 1398 1104
f 1104 1520 172
f 680 1520 1104
f 866 1220 952
f 959 17 201
f 63 17 959
f 532 17 63
f 1182 17 532
f 532 63 743
f 532 1398 1182
f 1016 689 738
f 738 17 1016
f 1016 17 689
f 745 631 1471
f 1471 1244 745
f 80 1244 1471
f 1471 436 582
f 582 553 1471
f 1471 553 80
f 57 631 745
f 1327 631 57
f 608 1327 57
f 437 866 268
f 268 1244 437
f 745 1244 1088
f 1088 1076 667
f 106 638 692
f 692 560 106
f 106 560 946
f 106 1207 638
f 1516 1207 106
f 101 1516 106
f 106 476 101
f 946 476 106
f 892 17 738
f 892 560 17
f 738 689 892
f 689 451 892
f 892 451 1279
f 1279 946 892
f 946 560 892
f 201 420 318
f 420 1291 318
f 891 1463 1028
f 688 891 1028
f 452 891 688
f 688 551 452
f 18 551 1566
f 1566 1388 18
f 1566 551 688
f 688 44 1566
f 1566 44 1388
f 1499 1100 297
f 297 135 1499
f 906 1100 1211
f 906 44 1100
f 1211 1388 906
f 1388 44 906
f 1256 176 88
f 88 1063 1256
f 176 1063 88
f 490 1256 690
f 1256 512 690
f 252 1356 153
f 153 512 252
f 252 512 1256
f 1256 1063 252
f 1109 735 212
f 1109 511 490
f 212 511 1109
f 153 735 1109
f 1333 153 212
f 212 735 1333
f 1333 735 153
f 236 746 271
f 609 746 236
f 236 1040 609
f 1331 1040 236
f 236 1390 1331
f 117 1040 519
f 463 1040 117
f 519 212 117
f 755 463 117
f 212 219 117
f 117 219 755
f 406 593 709
f 94 593 406
f 406 746 94
f 639 607 709
f 709 104 639
f 104 772 639
f 924 1438 578
f 578 1438 981
f 396 1136 1048
f 1048 882 433
f 1363 870 704
f 1363 847 629
f 1363 1403 1502
f 704 1403 1363
f 629 124 1363
f 124 870 1363
f 878 1416 850
f 663 1084 150
f 429 1517 663
f 663 150 429
f 827 386 1217
f 1217 146 827
f 1217 386 30
f 30 1181 1217
f 1399 183 665
f 665 1529 1399
f 231 1181 183
f 231 1529 146
f 146 1217 231
f 231 1217 1181
f 30 555 438
f 438 700 260
f 555 700 438
f 1287 269 30
f 260 269 1287
f 30 438 1287
f 1287 438 260
f 1142 299 38
f 1142 260 299
f 1142 269 260
f 716 47 254
f 665 716 254
f 254 47 1430
f 612 665 254
f 254 1430 612
f 333 1131 288
f 288 1232 333
f 288 1369 1232
f 288 1131 752
f 752 1369 288
f 1511 1172 1447
f 1447 1411 1511
f 1447 1172 1038
f 1038 1411 1447
f 606 706 399
f 399 773 606
f 706 773 399
f 15 353 543
f 243 1146 1283
f 1283 1510 243
f 506 1510 1283
f 1283 414 506
f 1283 185 414
f 1215 1129 494
f 390 661 1081
f 1081 661 1514
f 783 718 189
f 783 1143 718
f 718 1143 699
f 699 1514 718
f 1081 1514 699
f 366 1504 793
f 793 453 366
f 573 1504 366
f 279 1358 1047
f 1047 1358 573
f 573 1070 1047
f 1047 1070 279
f 23 965 604
f 604 1358 23
f 23 1358 965
f 1027 1478 1159
f 475 1070 1159
f 1159 1478 1141
f 1141 890 1159
f 1159 890 475
f 1255 147 778
f 1119 147 1255
f 1255 5 1119
f 1255 1205 5
f 243 1510 1255
f 1510 1205 1255
f 1286 672 1312
f 1286 1312 774
f 774 640 1286
f 1158 672 1286
f 876 598 1286
f 598 1158 1286
f 828 727 397
f 506 317 1538
f 1044 317 832
f 832 499 1044
f 1044 1538 317
f 1044 499 506
f 506 1538 1044
f 594 114 143
f 143 370 594
f 1465 114 594
f 939 82 594
f 594 82 953
f 1354 725 813
f 1354 813 1141
f 1141 1478 1354
f 1478 1464 1354
f 1017 344 1533
f 794 364 314
f 314 1277 794
f 39 394 384
f 384 1429 882
f 882 39 384
f 1445 1319 1085
f 1085 1161 1445
f 500 705 1271
f 988 705 1449
f 988 115 705
f 955 705 61
f 705 115 61
f 766 863 1072
f 1072 156 766
f 766 1370 863
f 156 1370 766
f 1329 308 675
f 40 308 1329
f 675 580 1329
f 1329 580 40
f 917 308 336
f 540 428 917
f 917 428 308
f 336 904 917
f 538 1121 675
f 1512 1121 538
f 538 332 599
f 678 1512 538
f 538 599 678
f 442 308 1496
f 332 538 442
f 675 308 442
f 442 538 675
f 810 964 54
f 54 1010 810
f 54 1545 1010
f 964 769 54
f 769 1545 54
f 1010 1545 1096
f 1096 769 1297
f 1096 1545 769
f 1479 541 810
f 1479 901 541
f 677 521 1280
f 1280 503 677
f 1266 503 1458
f 1266 1458 60
f 1284 1201 1266
f 1266 1201 503
f 60 75 1266
f 385 497 1522
f 1522 518 385
f 597 804 1147
f 1147 804 521
f 1316 518 1153
f 785 1258 56
f 56 1167 785
f 785 1167 1316
f 785 1153 701
f 1316 1153 785
f 701 1147 785
f 924 578 226
f 226 772 593
f 607 639 226
f 226 639 772
f 1248 924 226
f 226 593 1248
f 584 932 733
f 733 991 584
f 932 991 733
f 1439 513 163
f 163 513 1253
f 1253 233 163
f 1547 712 351
f 1547 351 1464
f 1547 1464 1478
f 653 434 484
f 824 653 484
f 484 739 824
f 991 739 484
f 484 434 991
f 220 881 456
f 938 1500 780
f 780 35 998
f 305 194 1473
f 763 194 305
f 686 763 1415
f 686 194 763
f 1024 1486 42
f 42 501 1024
f 1024 501 1483
f 1483 501 35
f 494 662 717
f 717 188 494
f 182 1216 1431
f 1431 1260 182
f 1216 1409 1431
f 222 737 1431
f 737 1260 1431
f 1311 222 1431
f 1431 1409 1311
f 1265 1184 3
f 3 1216 1265
f 1265 1216 1184
f 3 1184 119
f 119 815 3
f 119 1184 1339
f 1393 447 936
f 936 447 1401
f 936 1427 1393
f 936 722 621
f 936 255 722
f 621 722 179
f 179 936 621
f 1427 936 179
f 179 722 229
f 229 1427 179
f 997 1311 403
f 403 1077 997
f 997 1077 1311
f 1199 1077 1155
f 1155 1515 1199
f 1155 1077 507
f 616 1515 1155
f 1155 1341 616
f 507 1341 1155
f 381 1515 616
f 492 48 722
f 722 255 492
f 1245 1490 1126
f 1199 1120 1126
f 1126 1077 1199
f 1126 1490 1077
f 1126 1206 1245
f 1126 1120 1206
f 392 942 618
f 618 838 392
f 618 283 949
f 949 838 618
f 1092 838 949
f 949 927 1092
f 526 927 949
f 409 611 1206
f 942 611 409
f 409 1206 618
f 618 942 409
f 73 748 441
f 1037 73 441
f 441 127 1037
f 441 867 127
f 966 91 445
f 1092 927 445
f 445 927 966
f 209 927 67
f 209 67 398
f 398 244 209
f 927 209 50
f 562 674 865
f 1387 53 1278
f 1005 217 237
f 237 692 1005
f 237 1176 692
f 217 1508 237
f 605 450 692
f 692 1176 605
f 389 1021 942
f 942 1383 389
f 1345 51 829
f 1345 277 122
f 122 51 1345
f 761 1300 247
f 247 736 761
f 1056 974 761
f 974 1300 761
f 761 753 1056
f 736 753 761
f 280 634 20
f 20 886 280
f 747 758 634
f 634 280 747
f 747 280 886
f 646 1506 747
f 747 886 646
f 1014 758 796
f 1014 796 205
f 1014 974 1111
f 1111 758 1014
f 205 102 1014
f 1014 1300 974
f 1014 102 1300
f 600 796 945
f 945 1091 600
f 600 1091 796
f 1178 1091 1053
f 1053 673 1178
f 1178 673 205
f 205 1091 1178
f 245 1385 592
f 904 1497 139
f 139 1086 904
f 1497 478 139
f 139 478 1086
f 85 53 1387
f 85 724 53
f 1164 1434 1180
f 1276 43 883
f 883 637 1276
f 346 214 1276
f 214 1346 1276
f 1346 43 1276
f 416 559 1413
f 559 708 1413
f 708 516 1413
f 189 727 273
f 273 516 189
f 273 727 416
f 1312 976 530
f 530 1200 1312
f 922 516 708
f 922 637 516
f 615 510 801
f 652 510 615
f 801 1446 615
f 1214 415 652
f 1101 502 89
f 89 415 1101
f 1101 1214 502
f 415 1214 1101
f 234 644 767
f 1241 1437 410
f 1519 548 1501
f 323 1151 1233
f 1270 1188 801
f 801 34 1270
f 152 13 812
f 812 13 734
f 1555 1374 1254
f 1254 586 1555
f 251 74 1494
f 1494 479 251
f 1494 74 334
f 1180 479 1494
f 1494 334 282
f 1494 282 1180
f 86 1209 670
f 670 642 86
f 888 642 670
f 670 74 888
f 1059 77 696
f 1150 77 1059
f 1059 696 371
f 371 1150 1059
f 1090 687 545
f 92 1160 545
f 1160 791 545
f 545 157 1090
f 545 791 157
f 1493 687 1090
f 1493 1090 1282
f 1282 853 1493
f 525 769 276
f 276 157 525
f 1297 769 525
f 525 157 455
f 455 1297 525
f 1313 879 225
f 225 803 1313
f 1279 451 365
f 1062 235 1437
f 1194 767 644
f 1194 689 1010
f 1010 149 1194
f 234 265 136
f 775 993 1535
f 1535 1297 775
f 1535 149 1010
f 1535 1096 1297
f 1010 1096 1535
f 469 1128 105
f 469 517 1074
f 469 105 475
f 475 1378 469
f 890 517 469
f 469 1378 890
f 533 685 693
f 685 1128 693
f 714 1074 1465
f 1426 978 391
f 300 107 1426
f 1426 107 978
f 982 107 300
f 1519 1501 982
f 1133 107 982
f 982 1102 1133
f 982 1501 410
f 232 1495 935
f 935 620 232
f 620 957 232
f 1549 281 173
f 918 468 953
f 918 1147 1170
f 953 857 918
f 918 857 574
f 574 785 918
f 918 785 1147
f 1018 370 143
f 143 1003 1018
f 1516 281 1294
f 1294 910 1516
f 296 1516 928
f 1516 910 928
f 238 175 1061
f 186 1281 393
f 715 440 186
f 186 1036 715
f 715 1036 439
f 242 393 1444
f 242 1036 186
f 186 393 242
f 1179 439 1087
f 439 619 1087
f 4 619 1344
f 1344 1508 4
f 1344 439 1362
f 1344 619 439
f 70 702 52
f 26 664 1534
f 26 684 211
f 1534 941 26
f 26 941 684
f 448 1467 505
f 505 664 448
f 426 156 979
f 55 1518 643
f 71 1156 204
f 71 478 1156
f 71 52 478
f 581 1171 1357
f 1171 478 1357
f 466 36 83
f 83 1201 466
f 466 1201 852
f 223 36 466
f 861 1207 1516
f 1525 638 1320
f 638 1207 1320
f 1207 861 1320
f 742 178 846
f 742 846 946
f 72 228 742
f 742 946 1279
f 626 404 554
f 1421 413 554
f 554 413 1359
f 1359 626 554
f 868 404 648
f 1051 868 648
f 648 1174 1051
f 950 851 905
f 950 1039 851
f 950 905 649
f 649 1039 950
f 851 515 411
f 1237 851 411
f 427 1237 411
f 884 851 27
f 282 1410 1560
f 1560 291 282
f 1560 1410 86
f 27 851 64
f 64 992 27
f 1259 1022 473
f 473 1397 1259
f 1180 1022 1259
f 1259 1397 1148
f 1259 1164 1180
f 1148 1164 1259
f 1182 134 698
f 667 1076 797
f 797 134 667
f 1220 769 624
f 624 952 1220
f 1182 1076 1212
f 1076 1088 1212
f 1212 1088 1244
f 1138 1182 1212
f 930 1452 688
f 688 1028 930
f 1187 252 1063
f 1356 252 1187
f 1523 1331 1177
f 1331 1390 1177
f 711 236 271
f 1390 236 711
f 10 711 871
f 871 711 271
f 934 10 607
f 607 226 934
f 934 226 578
f 223 635 1189
f 396 1048 1189
f 1284 1136 266
f 266 1136 396
f 266 1201 1284
f 852 1201 266
f 882 1048 1466
f 1466 1048 1136
f 378 882 1466
f 1466 358 378
f 805 358 1466
f 1466 75 805
f 1136 1266 1466
f 1466 1266 75
f 1502 847 208
f 208 1363 1502
f 847 1363 208
f 1416 1403 137
f 137 850 1416
f 137 1403 704
f 704 1084 137
f 878 850 249
f 249 394 878
f 850 137 249
f 249 384 394
f 249 137 1084
f 1517 1429 249
f 1429 384 249
f 249 663 1517
f 1084 663 249
f 1002 1255 1033
f 243 1255 1002
f 1219 15 523
f 1219 1020 15
f 15 1020 151
f 151 353 15
f 15 543 49
f 49 185 15
f 854 185 49
f 49 1355 854
f 523 1215 1290
f 1290 1219 523
f 494 1129 347
f 1129 958 347
f 825 1129 1498
f 825 958 1129
f 825 1498 683
f 1081 1239 591
f 591 390 1081
f 591 1498 842
f 591 1239 1498
f 118 565 778
f 778 147 118
f 1224 1286 640
f 6 495 1235
f 1235 1405 6
f 1436 1405 1235
f 360 828 1289
f 828 397 1289
f 1080 594 370
f 939 594 1080
f 1080 1337 939
f 314 980 669
f 669 1533 1277
f 669 1277 314
f 1017 1533 464
f 651 1161 1117
f 1117 1161 1271
f 1271 364 1117
f 364 794 1117
f 1134 1308 705
f 705 500 1134
f 1449 705 1469
f 705 1308 1469
f 1337 937 1342
f 955 61 1113
f 1113 725 955
f 813 725 1113
f 547 540 432
f 540 917 432
f 1561 547 432
f 432 948 1561
f 904 948 432
f 432 917 904
f 1418 442 1496
f 332 442 1418
f 1418 1496 170
f 170 332 1418
f 503 1201 1066
f 1066 677 503
f 1066 1550 677
f 11 497 423
f 11 1522 497
f 597 1147 459
f 459 1147 701
f 298 1147 521
f 1258 785 215
f 215 785 574
f 215 857 1258
f 574 857 215
f 1335 881 1234
f 1335 456 881
f 789 717 662
f 789 662 189
f 189 637 789
f 1339 1223 1317
f 1317 119 1339
f 1317 1 860
f 860 1251 1317
f 1317 1223 821
f 821 1 1317
f 1317 1251 947
f 947 815 1317
f 815 119 1317
f 66 936 1401
f 66 381 616
f 255 936 66
f 1401 1515 66
f 1515 381 66
f 1367 58 338
f 338 1383 942
f 338 58 1383
f 349 748 867
f 867 441 349
f 349 441 748
f 326 838 1092
f 1092 445 326
f 421 244 1267
f 421 209 244
f 421 50 209
f 127 50 421
f 421 911 127
f 421 1267 911
f 966 927 310
f 310 50 966
f 927 50 310
f 127 748 424
f 424 50 127
f 424 748 966
f 966 50 424
f 909 368 1350
f 1350 865 909
f 446 393 697
f 697 393 1281
f 132 1122 971
f 1176 237 331
f 418 237 1238
f 1309 896 1238
f 1238 896 418
f 1362 1309 1238
f 1107 1491 865
f 909 865 267
f 865 1491 267
f 79 458 277
f 277 1345 79
f 829 458 79
f 79 1345 829
f 673 1300 1353
f 1300 102 1353
f 205 673 1353
f 1353 102 205
f 758 747 307
f 1506 796 307
f 307 747 1506
f 245 592 37
f 37 592 110
f 1496 245 37
f 37 110 1496
f 814 110 461
f 110 592 461
f 461 592 1385
f 1385 1565 461
f 81 816 724
f 724 85 81
f 1434 1164 112
f 112 1164 1148
f 1148 844 112
f 112 1132 290
f 112 844 1132
f 1492 530 976
f 1492 976 191
f 1492 191 346
f 373 902 987
f 579 373 987
f 987 902 1133
f 987 1446 579
f 987 615 1446
f 1133 1102 987
f 1102 502 987
f 990 415 89
f 486 235 1559
f 775 486 1559
f 1559 993 775
f 235 1062 1559
f 993 1559 272
f 341 1241 548
f 341 548 234
f 234 767 341
f 770 1241 410
f 548 1241 770
f 720 1233 759
f 323 1233 720
f 1046 809 759
f 759 1233 1046
f 152 812 970
f 970 812 529
f 289 1254 454
f 1073 289 454
f 454 1254 1374
f 1135 1493 1562
f 767 1194 765
f 993 1194 1292
f 1292 1194 149
f 1292 1535 993
f 149 1535 1292
f 1528 1396 533
f 533 693 1528
f 498 1396 1074
f 1074 714 498
f 589 714 1465
f 391 660 383
f 383 1426 391
f 383 660 300
f 300 1426 383
f 1240 300 1519
f 1519 982 1240
f 1240 982 300
f 410 1102 1116
f 1116 982 410
f 1102 982 1116
f 1495 232 1461
f 1461 228 1495
f 1379 1549 173
f 468 918 1379
f 1379 918 1170
f 910 1294 655
f 655 1201 83
f 1294 1012 655
f 1061 1036 1394
f 1394 238 1061
f 1083 439 580
f 1083 715 439
f 1083 1365 860
f 860 440 1083
f 440 715 1083
f 1083 580 675
f 675 1121 1083
f 1083 1121 1365
f 666 435 1168
f 1444 435 457
f 478 52 895
f 193 361 95
f 95 361 343
f 55 95 343
f 343 1274 55
f 211 684 872
f 872 684 581
f 1274 1470 954
f 95 664 380
f 664 26 380
f 395 664 979
f 395 448 664
f 979 1467 395
f 1467 448 395
f 973 979 55
f 55 426 973
f 973 426 979
f 1140 426 55
f 1140 1370 156
f 156 426 1140
f 357 1518 488
f 357 643 1518
f 488 161 357
f 161 1370 357
f 1370 643 357
f 557 71 204
f 16 635 223
f 223 466 16
f 1243 365 451
f 1279 365 1243
f 1243 742 1279
f 823 281 1516
f 101 206 823
f 823 1516 101
f 823 206 178
f 178 742 823
f 823 1461 281
f 24 404 108
f 24 554 404
f 822 239 253
f 681 1196 427
f 1192 536 851
f 851 884 1192
f 908 1076 1182
f 1182 698 908
f 587 624 1261
f 1261 624 769
f 1261 541 587
f 1261 769 964
f 964 541 1261
f 1564 587 419
f 1564 624 587
f 858 268 309
f 309 952 858
f 1244 268 858
f 858 1212 1244
f 952 624 858
f 1481 901 1138
f 1138 1212 1481
f 657 901 1481
f 419 657 1481
f 607 10 1011
f 10 871 1011
f 1328 1189 1048
f 1328 1048 433
f 408 650 718
f 243 1002 1488
f 726 1368 1488
f 1488 1002 726
f 534 397 727
f 534 727 1482
f 1482 650 534
f 650 408 534
f 1340 1298 353
f 1230 1298 1340
f 1340 97 1230
f 400 1215 494
f 400 1290 1215
f 494 188 400
f 400 188 422
f 422 287 400
f 565 118 1034
f 640 495 751
f 751 1224 640
f 6 1221 751
f 751 495 6
f 1149 937 1337
f 671 464 1533
f 937 1469 1228
f 1228 1342 937
f 1228 1469 1308
f 316 456 35
f 316 780 1500
f 35 780 316
f 1360 637 883
f 1360 789 637
f 616 48 1025
f 1025 66 616
f 942 392 306
f 306 338 942
f 392 338 306
f 1414 392 838
f 838 326 1414
f 1414 338 392
f 1367 338 1414
f 444 368 450
f 444 1406 816
f 446 697 1318
f 1318 697 816
f 816 1406 1318
f 46 237 418
f 46 331 237
f 1491 1107 412
f 412 58 1491
f 1383 58 412
f 796 758 880
f 880 307 796
f 758 307 880
f 816 81 546
f 368 444 546
f 546 444 816
f 1391 987 502
f 615 987 1391
f 652 615 1391
f 415 990 2
f 2 970 529
f 759 415 2
f 2 1384 759
f 1112 1384 2
f 89 839 800
f 1241 341 1448
f 622 341 767
f 993 272 622
f 272 1448 622
f 622 1448 341
f 767 765 622
f 622 1194 993
f 622 765 1194
f 1474 1501 548
f 548 770 1474
f 687 1493 792
f 1562 1530 1226
f 1226 1135 1562
f 1450 498 714
f 1396 498 668
f 668 957 660
f 533 1396 668
f 668 660 533
f 668 232 957
f 129 589 1465
f 1465 594 129
f 468 1379 129
f 953 468 129
f 129 594 953
f 281 1461 831
f 78 1461 232
f 78 1379 173
f 78 831 1461
f 232 1450 78
f 173 281 78
f 281 831 78
f 78 1450 714
f 1549 1379 967
f 1208 1294 967
f 967 1170 1208
f 967 1379 1170
f 281 1549 967
f 967 1294 281
f 1459 1294 1208
f 1459 1012 1294
f 1459 655 1012
f 1201 655 1459
f 435 666 1420
f 175 238 1420
f 628 242 1444
f 1444 457 628
f 478 895 256
f 14 193 95
f 361 193 567
f 193 14 567
f 211 872 567
f 567 872 818
f 567 14 95
f 95 380 567
f 567 26 211
f 567 380 26
f 1274 954 1460
f 478 256 1460
f 55 643 869
f 869 1140 55
f 869 643 1370
f 1370 1140 869
f 52 71 877
f 877 557 52
f 71 557 877
f 1314 557 1162
f 70 1314 1162
f 1162 1497 70
f 70 52 907
f 907 1314 70
f 72 742 862
f 742 1243 862
f 862 1243 451
f 862 136 72
f 862 451 689
f 689 1194 862
f 862 1194 644
f 862 644 234
f 234 136 862
f 1163 742 228
f 1163 823 742
f 224 239 822
f 1334 239 224
f 413 1334 224
f 45 806 120
f 120 253 45
f 45 253 897
f 897 253 239
f 427 411 864
f 864 681 427
f 433 223 1556
f 1556 1328 433
f 223 1189 1556
f 1189 1328 1556
f 348 1368 726
f 726 1002 348
f 1002 408 348
f 125 1002 1033
f 1033 534 125
f 125 408 1002
f 125 534 408
f 360 1289 707
f 707 534 360
f 707 1289 397
f 397 534 707
f 480 1340 353
f 197 1034 828
f 565 1034 197
f 216 1034 118
f 216 118 147
f 216 965 1373
f 828 1034 216
f 1337 1080 1095
f 1095 1149 1337
f 1533 669 848
f 848 671 1533
f 903 837 521
f 521 677 903
f 677 1550 903
f 1201 1459 771
f 771 1208 158
f 771 1459 1208
f 220 456 1332
f 456 316 1332
f 1367 1414 1303
f 1303 1414 326
f 1303 445 91
f 1303 326 445
f 562 865 1305
f 865 1487 1305
f 865 1350 131
f 131 1487 865
f 1278 132 1218
f 1218 132 971
f 1202 2 990
f 970 2 1202
f 259 990 89
f 89 800 259
f 1493 1135 1247
f 1247 792 1493
f 133 1450 232
f 232 668 133
f 498 1450 133
f 133 668 498
f 345 129 1379
f 1379 78 345
f 589 129 345
f 175 1420 576
f 450 605 1489
f 605 1420 1489
f 1489 444 450
f 1489 1420 666
f 1274 343 388
f 388 900 1274
f 144 1470 1274
f 1274 900 144
f 478 1460 1054
f 1054 1460 954
f 204 1156 87
f 87 557 204
f 87 1162 557
f 1156 1497 87
f 1497 1162 87
f 52 557 1262
f 1262 907 52
f 1352 408 718
f 1352 407 408
f 408 407 535
f 1368 348 535
f 535 348 408
f 360 534 894
f 534 996 894
f 583 534 1033
f 583 996 534
f 353 151 1169
f 1169 480 353
f 1373 1227 1551
f 1551 216 1373
f 1551 1252 819
f 819 828 1551
f 828 216 1551
f 776 147 965
f 965 216 776
f 776 216 147
f 1476 566 1201
f 1201 771 1476
f 337 614 298
f 1201 614 337
f 337 298 521
f 521 837 337
f 1201 566 1349
f 1349 614 1201
f 1278 1218 786
f 786 1218 368
f 368 546 786
f 1387 1278 786
f 1301 78 714
f 1301 345 78
f 714 589 1301
f 589 345 1301
f 841 1420 605
f 841 576 1420
f 542 144 900
f 872 144 542
f 818 872 542
f 654 1462 929
f 929 550 654
f 1050 1069 1441
f 1050 1441 1110
f 1377 248 192
f 192 1032 1377
f 181 1182 1520
f 1182 172 1520
f 276 274 263
f 276 263 425
f 276 1220 437
f 437 274 276
f 685 533 391
f 685 916 1055
f 391 916 685
f 1029 636 1480
f 1480 1513 1029
f 325 569 632
f 968 569 325
f 632 177 325
f 325 155 968
f 325 1505 1372
f 177 1505 325
f 21 795 427
f 21 1435 1127
f 427 227 21
f 21 768 1435
f 1105 795 21
f 227 768 21
f 983 633 1454
f 1454 855 983
f 1052 633 983
f 983 730 1052
f 855 1152 983
f 983 1152 985
f 417 68 47
f 47 716 417
f 1167 843 314
f 1167 364 340
f 314 364 1167
f 1167 340 509
f 1167 497 385
f 385 1316 1167
f 524 843 1167
f 509 285 1167
f 285 497 1167
f 375 116 1119
f 375 1509 793
f 522 121 375
f 793 1504 375
f 604 625 375
f 121 1509 375
f 375 1504 604
f 625 116 375
f 1263 123 691
f 1263 691 1175
f 1263 999 972
f 926 123 1263
f 972 1477 1263
f 1263 1477 926
f 1382 999 1263
f 1175 1536 1263
f 1013 779 110
f 963 1013 110
f 672 1419 191
f 672 976 1312
f 191 976 672
f 1158 1419 672
f 571 1405 596
f 571 596 777
f 579 1405 571
f 571 1325 579
f 29 1402 174
f 174 1402 278
f 174 278 1035
f 174 1114 29
f 1299 956 1323
f 1323 1557 1299
f 1324 1557 1323
f 98 235 1323
f 1323 486 1324
f 1323 235 486
f 1309 439 896
f 896 439 1061
f 1061 168 896
f 76 214 933
f 76 598 320
f 933 598 76
f 320 915 76
f 22 1364 1275
f 1275 460 22
f 1275 1364 126
f 261 167 329
f 329 1389 261
f 329 167 467
f 744 556 676
f 676 696 744
f 257 472 1544
f 1361 472 257
f 1544 190 257
f 743 680 532
f 680 1104 532
f 532 1104 1398
f 1471 631 1327
f 1045 436 1471
f 1471 994 1045
f 1327 994 1471
f 268 952 309
f 866 952 268
f 667 1057 1088
f 1088 1057 608
f 608 57 1088
f 1088 57 745
f 318 959 201
f 12 703 318
f 318 33 12
f 318 1144 63
f 318 1291 33
f 318 703 1144
f 63 959 318
f 452 1166 1443
f 18 940 452
f 452 940 1166
f 1443 641 452
f 641 891 452
f 452 551 18
f 688 128 297
f 297 128 491
f 297 1100 688
f 491 135 297
f 1109 512 153
f 490 690 1109
f 1109 690 512
f 231 1399 1529
f 183 1399 231
f 1347 269 1142
f 38 1347 1142
f 523 15 1215
f 1146 1498 1215
f 1215 1283 1146
f 15 185 1215
f 1498 1129 1215
f 185 1283 1215
f 356 613 1159
f 1159 453 356
f 573 366 1159
f 613 1253 1159
f 1159 513 1027
f 1159 1070 573
f 1253 513 1159
f 1159 366 453
f 1354 653 1203
f 1354 705 955
f 1354 351 202
f 955 725 1354
f 1203 705 1354
f 202 653 1354
f 1464 351 1354
f 1479 17 1138
f 810 17 1479
f 1138 901 1479
f 1266 1136 1284
f 1439 163 1547
f 1547 233 93
f 93 833 1547
f 833 1106 1547
f 1478 1439 1547
f 1547 528 313
f 1106 434 1547
f 313 712 1547
f 1547 434 528
f 1547 163 233
f 483 885 305
f 1473 859 305
f 305 1026 335
f 305 1242 1026
f 335 470 305
f 305 25 483
f 859 544 305
f 305 885 763
f 305 470 25
f 305 544 330
f 330 1242 305
f 42 1486 303
f 42 780 998
f 998 501 42
f 1415 938 42
f 303 194 42
f 42 686 1415
f 938 780 42
f 194 686 42
f 67 526 949
f 949 283 67
f 273 1413 516
f 416 1413 273
f 1165 169 1254
f 1254 1250 586
f 148 1165 1254
f 169 1250 1254
f 1254 289 148
f 670 1410 282
f 282 334 670
f 334 74 670
f 670 1209 1410
f 1493 465 931
f 1493 931 1562
f 853 465 1493
f 879 914 225
f 225 914 1229
f 1229 803 225
f 136 265 935
f 935 1495 136
f 136 207 72
f 1495 207 136
f 1288 1179 1087
f 1087 585 1288
f 4 585 1087
f 1087 619 4
f 1516 826 1320
f 1320 826 1525
f 1320 861 1516
f 846 178 206
f 101 476 206
f 206 476 846
f 1343 782 648
f 648 1042 1343
f 626 1042 648
f 648 404 626
f 782 1174 648
f 86 645 1560
f 1560 645 291
f 64 1348 514
f 1237 1348 64
f 64 851 1237
f 514 992 64
f 603 1452 930
f 930 221 627
f 930 1099 221
f 930 1463 1099
f 627 195 930
f 930 195 603
f 930 1028 1463
f 975 1356 1187
f 1187 1063 975
f 934 711 10
f 934 981 1523
f 1523 1177 934
f 934 578 981
f 1390 711 934
f 934 1177 1390
f 1230 732 49
f 49 1298 1230
f 49 732 1355
f 49 543 353
f 353 1298 49
f 189 662 825
f 1081 699 825
f 683 1239 825
f 825 1239 1081
f 825 783 189
f 825 662 494
f 494 347 825
f 1143 783 825
f 825 699 1143
f 825 347 958
f 1277 1533 1117
f 1117 794 1277
f 1117 1123 1445
f 1445 651 1117
f 344 1524 1117
f 1117 1533 344
f 1117 1524 1123
f 459 1153 518
f 459 423 597
f 459 11 423
f 518 1522 459
f 701 1153 459
f 1522 11 459
f 1335 141 1024
f 1024 1483 1335
f 1335 1456 401
f 401 1375 1335
f 1234 154 1335
f 1335 1375 141
f 1335 154 1115
f 1115 1456 1335
f 35 456 1335
f 1335 1483 35
f 925 724 697
f 1281 1432 697
f 724 816 697
f 697 1432 925
f 53 1122 132
f 132 1278 53
f 1238 237 1508
f 1238 1344 1362
f 1508 1344 1238
f 1440 130 461
f 461 130 1412
f 1412 814 461
f 461 1565 1440
f 290 1434 112
f 708 1200 1492
f 346 1276 1492
f 1492 922 708
f 1492 1276 637
f 1200 530 1492
f 637 922 1492
f 720 474 1507
f 1507 323 720
f 759 474 720
f 1046 1151 610
f 1046 610 1188
f 1188 1270 1046
f 1046 34 809
f 1046 1233 1151
f 1046 1270 34
f 798 1338 454
f 1555 798 454
f 1338 1073 454
f 454 1374 1555
f 1528 469 1074
f 1074 1396 1528
f 1128 469 1528
f 1528 693 1128
f 83 1041 655
f 655 1041 296
f 296 928 655
f 655 928 910
f 16 466 852
f 16 266 396
f 396 1189 16
f 852 266 16
f 16 1189 635
f 24 889 1421
f 1421 554 24
f 1051 889 24
f 24 868 1051
f 108 868 24
f 808 536 1192
f 27 808 1192
f 1192 884 27
f 908 698 134
f 908 797 1076
f 134 797 908
f 1481 1564 419
f 1481 858 624
f 624 1564 1481
f 1212 858 1481
f 271 746 1011
f 709 607 1011
f 1011 406 709
f 746 406 1011
f 1011 871 271
f 876 1286 751
f 751 1221 876
f 1286 1224 751
f 1228 1455 939
f 1271 1161 1228
f 1319 1455 1228
f 1228 500 1271
f 1228 1085 1319
f 1161 1085 1228
f 939 1337 1228
f 1308 1134 1228
f 1228 1134 500
f 1337 1342 1228
f 1015 188 1360
f 1360 43 1015
f 883 43 1360
f 188 717 1360
f 717 789 1360
f 1025 492 255
f 48 492 1025
f 255 66 1025
f 412 674 754
f 754 1021 412
f 1021 389 412
f 412 865 674
f 412 389 1383
f 412 1107 865
f 502 1214 1391
f 1391 1214 652
f 2 734 1112
f 529 812 2
f 2 812 734
f 1437 1241 1448
f 1448 272 1559
f 1448 1062 1437
f 1448 1559 1062
f 1474 770 410
f 410 1501 1474
f 628 1394 1036
f 1036 242 628
f 628 457 435
f 238 1394 628
f 435 1420 628
f 628 1420 238
f 849 1274 1460
f 1460 702 849
f 1460 52 702
f 1460 895 52
f 1460 256 895
f 1461 823 1163
f 228 1461 1163
f 120 1397 1359
f 1359 413 120
f 806 1397 120
f 413 224 120
f 822 253 120
f 120 224 822
f 897 367 1346
f 493 45 897
f 897 1346 493
f 897 1334 367
f 897 239 1334
f 369 1196 864
f 864 944 369
f 864 411 515
f 864 515 944
f 1196 681 864
f 1095 1003 319
f 1141 813 1095
f 370 1018 1095
f 1095 319 1141
f 1095 1080 370
f 1095 988 1449
f 1449 1469 1095
f 813 1113 1095
f 115 988 1095
f 1095 61 115
f 1095 1018 1003
f 1095 1469 937
f 1095 1113 61
f 937 1149 1095
f 848 82 1017
f 848 1118 56
f 1258 82 848
f 1017 464 848
f 980 1118 848
f 56 1258 848
f 848 669 980
f 464 671 848
f 1332 881 220
f 471 1067 1332
f 1332 854 187
f 187 471 1332
f 1332 316 1500
f 1332 1500 854
f 1332 1067 881
f 1303 91 909
f 909 267 1303
f 1303 58 1367
f 1491 58 1303
f 1303 267 1491
f 1218 595 562
f 971 595 1218
f 1218 1350 368
f 562 1305 1218
f 1218 131 1350
f 1218 1305 1487
f 1487 131 1218
f 970 1202 259
f 152 970 259
f 259 839 152
f 259 800 839
f 259 1202 990
f 1530 13 1247
f 1247 13 92
f 92 545 1247
f 1247 545 687
f 1247 1226 1530
f 687 792 1247
f 1135 1226 1247
f 1406 444 1489
f 1489 393 446
f 1168 1444 1489
f 1444 393 1489
f 1489 666 1168
f 446 1318 1489
f 1489 1318 1406
f 1054 872 581
f 581 1357 1054
f 1054 1357 478
f 1470 144 1054
f 1054 954 1470
f 1054 144 872
f 1314 907 1262
f 1262 557 1314
f 535 591 842
f 718 1514 535
f 535 28 243
f 240 28 535
f 535 842 240
f 390 591 535
f 661 390 535
f 535 1514 661
f 243 1488 535
f 535 1488 1368
f 535 1352 718
f 407 1352 535
f 583 828 360
f 778 565 583
f 1033 1255 583
f 583 1255 778
f 583 197 828
f 360 894 583
f 565 197 583
f 583 894 996
f 287 602 1169
f 1169 400 287
f 1169 151 1020
f 602 923 1169
f 1526 97 1169
f 1169 923 1526
f 97 1340 1169
f 1219 1290 1169
f 1020 1219 1169
f 1290 400 1169
f 1340 480 1169
f 1436 1235 1551
f 1551 1235 495
f 1551 1227 1436
f 1551 640 1252
f 1551 495 640
f 1550 1066 337
f 337 1066 1201
f 337 903 1550
f 837 903 337
f 1170 1147 1349
f 158 1170 1349
f 1147 298 1349
f 1349 771 158
f 298 614 1349
f 566 1476 1349
f 1349 1476 771
f 786 81 85
f 786 85 1387
f 786 546 81
f 841 46 418
f 841 605 1176
f 834 482 841
f 418 1366 841
f 841 482 175
f 841 1366 834
f 1176 331 841
f 331 46 841
f 175 576 841
f 361 567 542
f 542 343 361
f 542 567 818
f 542 388 343
f 900 388 542

