# https://github.com/mikedh/trimesh
v 0.04293856 -0.02996425 -0.00176316
v 0.00085769 -0.02471494 -0.01724434
v 0.04962556 -0.02299663 -0.01365749
v 0.00571568 -0.02843303 -0.01092804
v 0.03977253 -0.02516637 -0.01693231
v 0.04491183 -0.02548766 -0.01509797
v 0.00187041 -0.02715749 -0.01373594
v 0.00310987 -0.01990586 -0.02282231
v 0.00036962 -0.01202757 -0.02680695
v 0.04808445 -0.02453205 -0.01489794
v 0.00117372 -0.01249720 -0.02729453
v 0.00253191 -0.01835984 -0.02401356
v 0.04750854 -0.02723726 -0.00972692
v 0.00709504 -0.00868790 -0.02872266
v 0.03432697 -0.02896897 -0.00942576
v 0.00128495 -0.03020125 -0.00376481
v 0.04521370 -0.02939840 -0.00316002
v 0.04317365 -0.02620742 -0.01456149
v 0.00008709 -0.01158296 -0.02667543
v 0.00058871 -0.02805465 -0.01021824
v 0.04556611 -0.02657079 -0.01276938
v 0.04779969 -0.02722214 -0.00948137
v 0.00067372 -0.02023459 -0.02197273
v 0.00103962 -0.02928798 -0.00786034
v 0.03760783 -0.02725666 -0.01352316
v 0.03721489 -0.03034067 -0.00253016
v 0.03494399 -0.02836889 -0.01106281
v 0.04061500 -0.03028525 -0.00049666
v 0.00135794 -0.02694154 -0.01410787
v 0.00135146 -0.00598505 -0.02938668
v 0.04467426 -0.02665569 -0.01308548
v 0.03836307 -0.02844060 -0.01077715
v 0.03615813 -0.02748339 -0.01304659
v 0.00232364 -0.01515901 -0.02603543
v 0.04352633 -0.02541058 -0.01577466
v 0.04712819 -0.02740786 -0.00960352
v 0.04562940 -0.02489902 -0.01571177
v 0.03484716 -0.02893807 -0.00951442
v 0.04999340 -0.02476920 -0.01296040
v 0.03970700 -0.02977014 -0.00601106
v 0.00132365 -0.02491093 -0.01735947
v 0.04625185 -0.02823614 -0.00784772
v 0.00040353 -0.02511404 -0.01561206
v 0.01019231 -0.02581830 -0.01608277
v 0.03528674 -0.02922081 -0.00858411
v 0.04482818 -0.02692070 -0.01245030
v 0.00002394 -0.02386958 -0.01649261
v 0.04827279 -0.02645577 -0.01099830
v 0.00855797 -0.01301837 -0.02710500
v 0.00812056 -0.01929868 -0.02330768
v 0.00032048 -0.02643640 -0.01299159
v 0.00007972 -0.00664520 -0.02829870
v 0.00149642 -0.02996285 -0.00549238
v 0.04027679 -0.02637997 -0.01495594
v 0.04800248 -0.02605622 -0.01213821
v 0.04528052 -0.02771124 -0.01029939
v 0.04450702 -0.02955346 -0.00341641
v 0.03325221 -0.02862037 -0.01041045
v 0.04786099 -0.02713866 -0.00964192
v 0.00070094 -0.00204120 -0.02962004
v 0.00369764 -0.00058425 -0.02999136
v 0.00960741 -0.02446984 -0.01803236
v 0.04926861 -0.02772209 -0.00560311
v 0.00009884 -0.02803301 -0.00789896
v 0.04310733 -0.02595159 -0.01503885
v 0.00902584 -0.01999733 -0.02274397
v 0.04201852 -0.02552668 -0.01601999
v 0.04963820 -0.02809133 -0.00051058
v 0.00175504 -0.01437249 -0.02645193
v 0.00775341 -0.00690905 -0.02919466
v 0.04546954 -0.02922061 -0.00417802
v 0.00092955 -0.03024123 -0.00124117
v 0.00027271 -0.02862552 -0.00671585
v 0.04002058 -0.03021239 -0.00281014
v 0.01096700 -0.02324936 -0.01954691
v 0.04625723 -0.02491194 -0.01537283
v 0.04683816 -0.02879423 -0.00443992
v 0.03718363 -0.02813063 -0.01163967
v 0.00409880 -0.01982816 -0.02288519
v 0.03649870 -0.03006398 -0.00493749
v 0.00053842 -0.02603158 -0.01442413
v 0.01078021 -0.02348646 -0.01926828
v 0.04794912 -0.02521216 -0.01382567
v 0.00036104 -0.02948987 -0.00150141
v 0.00001243 -0.00831392 -0.02778406
v 0.03954645 -0.02825618 -0.01112371
v 0.00152077 -0.02911641 -0.00895904
v 0.04064625 -0.02919951 -0.00814859
v 0.04766308 -0.02869732 -0.00307104
v 0.00316892 -0.00669726 -0.02924310
v 0.04653369 -0.02809217 -0.00803780
v 0.00037216 -0.02785040 -0.00983946
v 0.00050824 -0.02741820 -0.01151225
v 0.00097408 -0.02639174 -0.01476519
v 0.03351899 -0.02925815 -0.00849040
v 0.02441770 -0.02896482 -0.00945559
v 0.00563828 -0.01989549 -0.02283112
v 0.00748054 -0.01307675 -0.02708287
v 0.04874131 -0.02522264 -0.01320197
v 0.00118043 -0.02229933 -0.02050619
v 0.03843492 -0.02921793 -0.00846923
v 0.00069098 -0.02747180 -0.01204999
v 0.00333947 -0.01273812 -0.02723563
v 0.00119038 -0.02904451 -0.00896433
v 0.04698129 -0.02888771 -0.00333500
v 0.02529977 -0.03018427 -0.00415812
v 0.00073115 -0.01170689 -0.02736548
v 0.00103048 -0.02732324 -0.01307451
v 0.00014022 -0.00485878 -0.02872341
v 0.04748979 -0.02705989 -0.01021528
v 0.04622640 -0.02572050 -0.01401083
v 0.00094101 -0.01878576 -0.02349184
v 0.00199978 -0.02704640 -0.01395650
v 0.04971899 -0.02522784 -0.01233394
v 0.00017168 -0.02387230 -0.01686971
v 0.00030203 -0.01543276 -0.02495380
v 0.03832290 -0.02968706 -0.00673277
v 0.04185012 -0.02995847 -0.00362470
v 0.04869942 -0.02463967 -0.01427408
v 0.04810789 -0.02697806 -0.00982169
v 0.00050171 -0.01175129 -0.02708363
v 0.04287586 -0.02847692 -0.00961447
v 0.03909403 -0.02758802 -0.01272295
v 0.00166567 -0.02893432 -0.00953917
v 0.00000831 -0.01067241 -0.02696448
v 0.00579554 -0.01945448 -0.02318355
v 0.04012456 -0.03025741 -0.00216991
v 0.03361575 -0.02875093 -0.01004700
v 0.00135900 -0.01340148 -0.02692601
v 0.00239478 -0.02711085 -0.01383502
v 0.04515452 -0.02827765 -0.00875947
v 0.04020524 -0.02793472 -0.01185449
v 0.00024197 -0.01894400 -0.02235291
v 0.03810745 -0.02885143 -0.00970669
v 0.00873134 -0.01529854 -0.02595927
v 0.00887235 -0.00487658 -0.02959685
v 0.03956710 -0.02706165 -0.01380312
v 0.04190990 -0.03013164 -0.00108272
v 0.04442143 -0.02910238 -0.00628777
v 0.02014986 -0.02756926 -0.01287331
v 0.04521603 -0.02739643 -0.01113593
v 0.04250929 -0.03005335 -0.00146538
v 0.04936321 -0.02715115 -0.00776786
v 0.00421855 -0.01612708 -0.02547181
v 0.00171732 -0.00611486 -0.02936986
v 0.00103637 -0.01384484 -0.02661876
v 0.04993907 -0.02659185 -0.00877557
v 0.00900375 -0.00576595 -0.02942930
v 0.00902516 -0.01224420 -0.02740165
v 0.00047030 -0.01881341 -0.02284228
v 0.04807058 -0.02861042 -0.00248035
v 0.00802468 -0.01340783 -0.02692605
v 0.00096620 -0.02226978 -0.02038475
v 0.04416299 -0.02773182 -0.01095308
v 0.03778200 -0.03043187 -0.00023119
v 0.04768177 -0.02703360 -0.01009903
v 0.04770958 -0.02877446 -0.00154636
v 0.04300988 -0.02697705 -0.01316943
v 0.00830243 -0.00000026 -0.02999999
v 0.00000005 -0.00001674 -0.02528146
v 0.00094447 -0.02114749 -0.02148769
v 0.04710491 -0.02608701 -0.01275536
v 0.04041035 -0.02721976 -0.01338037
v 0.03309379 -0.02911297 -0.00896823
v 0.00022748 -0.01999194 -0.02141217
v 0.00108097 -0.01998573 -0.02262565
v 0.04891709 -0.02445397 -0.01430012
v 0.04517588 -0.02673235 -0.01265749
v 0.00921223 -0.00007478 -0.02978573
v 0.00143935 -0.01441228 -0.02643066
v 0.00025756 -0.01260406 -0.02641939
v 0.04503920 -0.02911083 -0.00555161
v 0.00000001 -0.00001421 -0.01339284
v 0.00895470 -0.01937706 -0.02324490
v 0.00000020 -0.02874597 -0.00351485
v 0.00150003 -0.00000073 -0.02326655
v 0.00016045 -0.02703572 -0.01111712
v 0.00010905 -0.02913811 -0.00073015
v 0.00250576 -0.02432644 -0.01821932
v 0.00043896 -0.01337233 -0.02626785
v 0.03982811 -0.02592636 -0.01579207
v 0.04640436 -0.02871322 -0.00569472
v 0.00819436 -0.02347414 -0.01928319
v 0.03243113 -0.03015705 -0.00436916
v 0.00150865 -0.01929076 -0.02330316
v 0.04032393 -0.02967153 -0.00636015
v 0.00229846 -0.01433770 -0.02647044
v 0.00052485 -0.00643086 -0.02880958
v 0.00066585 -0.00489047 -0.02925341
v 0.00566041 -0.01181748 -0.02761912
v 0.00128265 -0.02121451 -0.02162258
v 0.03979352 -0.02622979 -0.01526344
v 0.04787129 -0.02858607 -0.00353454
v 0.04319004 -0.02874237 -0.00862513
v 0.01000010 -0.00004187 -0.02792710
v 0.03469023 -0.02991576 -0.00573989
v 0.04288399 -0.02760109 -0.01186655
v 0.04335452 -0.02863761 -0.00885518
v 0.00152965 -0.01740485 -0.02467128
v 0.04887283 -0.02806854 -0.00456500
v 0.00101025 -0.00041914 -0.02990119
v 0.04897924 -0.02798402 -0.00483054
v 0.04691367 -0.02761566 -0.00920531
v 0.00152817 -0.01677222 -0.02507885
v 0.00000020 -0.02455214 -0.01538162
v 0.00100649 -0.01195814 -0.02746885
v 0.04205197 -0.02939942 -0.00684860
v 0.00100893 -0.02136407 -0.02132891
v 0.04549159 -0.02667217 -0.01260285
v 0.00161939 -0.01642659 -0.02528952
v 0.04498413 -0.02880875 -0.00697565
v 0.04422557 -0.02493350 -0.01626076
v 0.00001170 -0.02880312 -0.00346599
v 0.03424405 -0.02938578 -0.00804985
v 0.00075047 -0.01558667 -0.02545675
v 0.00000020 -0.02641607 -0.01171159
v 0.03783253 -0.02967679 -0.00681340
v 0.04212058 -0.02719502 -0.01300153
v 0.00076483 -0.02287346 -0.01945976
v 0.00038954 -0.02753996 -0.01075037
v 0.04716822 -0.02896471 -0.00092367
v 0.00196430 -0.02438036 -0.01814981
v 0.04700127 -0.02423413 -0.01557595
v 0.00351873 -0.02597541 -0.01581969
v 0.04342422 -0.02711749 -0.01271054
v 0.00155307 -0.01227146 -0.02743227
v 0.04048916 -0.02989035 -0.00520949
v 0.02963100 -0.02811332 -0.01171154
v 0.00213488 -0.01067892 -0.02806293
v 0.04374342 -0.02929114 -0.00607352
v 0.02878005 -0.02528355 -0.01687174
v 0.03263027 -0.02552890 -0.01652089
v 0.00082629 -0.02533782 -0.01628190
v 0.00367129 -0.02941591 -0.00796831
v 0.04060605 -0.02995897 -0.00480758
v 0.03887899 -0.02503238 -0.01719467
v 0.04638306 -0.02423006 -0.01591938
v 0.04783718 -0.02870442 -0.00237819
v 0.00536458 -0.01369378 -0.02678892
v 0.00033625 -0.00162147 -0.02928533
v 0.00919534 -0.02078892 -0.02205763
v 0.03360483 -0.03015383 -0.00438151
v 0.00079206 -0.02780444 -0.01160702
v 0.00022223 -0.02790267 -0.00902445
v 0.01416303 -0.02435533 -0.01818353
v 0.04588683 -0.02929245 -0.00243525
v 0.00831798 -0.00399549 -0.02971346
v 0.04697924 -0.02720457 -0.01030230
v 0.04400745 -0.02708993 -0.01250923
v 0.00125007 -0.02529045 -0.01677812
v 0.04991076 -0.02633973 -0.00091925
v 0.00345020 -0.02334286 -0.01943730
v 0.04061026 -0.02913929 -0.00836910
v 0.04011635 -0.02692654 -0.01400439
v 0.00121118 -0.01799948 -0.02422444
v 0.04956124 -0.02808132 -0.00162794
v 0.03293567 -0.03043427 -0.00181265
v 0.04415172 -0.02377133 -0.01690718
v 0.00007136 -0.02619550 -0.01266132
v 0.03589797 -0.02949711 -0.00761393
v 0.04936181 -0.02446635 -0.01393938
v 0.00823626 -0.01521050 -0.02600898
v 0.04374278 -0.02979858 -0.00214245
v 0.00001585 -0.02877604 -0.00372599
v 0.00070721 -0.01687693 -0.02460850
v 0.04256606 -0.02451089 -0.01740976
v 0.00113892 -0.00781173 -0.02891825
v 0.03753328 -0.03006360 -0.00489976
v 0.04990341 -0.02713580 -0.00696658
v 0.00087575 -0.02845425 -0.01011627
v 0.00064442 -0.00294396 -0.02949599
v 0.00110492 -0.02059593 -0.02211258
v 0.00267109 -0.00169997 -0.02995041
v 0.00040471 -0.00513224 -0.02894275
v 0.00212856 -0.01270048 -0.02725359
v 0.04216103 -0.02773046 -0.01181281
v 0.03976413 -0.02587700 -0.01588315
v 0.00121471 -0.02029320 -0.02242479
v 0.00062603 -0.02974656 -0.00323517
v 0.00060379 -0.01233323 -0.02694282
v 0.04869065 -0.02760466 -0.00710187
v 0.04887157 -0.02665124 -0.00990461
v 0.00035856 -0.02750875 -0.01070715
v 0.00266469 -0.00931977 -0.02853301
v 0.03238129 -0.03007825 -0.00497740
v 0.00063413 -0.02879444 -0.00813544
v 0.04468493 -0.02761641 -0.01092525
v 0.00091197 -0.00460025 -0.02949351
v 0.04450243 -0.02708447 -0.01227050
v 0.04459506 -0.02967374 -0.00062134
v 0.00495637 -0.00921407 -0.02856561
v 0.04857356 -0.02613114 -0.01146855
v 0.04606816 -0.02839712 -0.00744443
v 0.04098839 -0.02795102 -0.01164773
v 0.00020061 -0.01992654 -0.02142429
v 0.03291368 -0.03023295 -0.00370033
v 0.04257734 -0.02962721 -0.00547410
v 0.00089937 -0.02492287 -0.01699903
v 0.03742141 -0.02459306 -0.01785920
v 0.00012314 -0.01471386 -0.02513910
v 0.00109896 -0.02989922 -0.00530773
v 0.04504051 -0.02447948 -0.01655304
v 0.00106588 -0.00453260 -0.02957726
v 0.04255505 -0.02639762 -0.01443826
v 0.04568937 -0.02458302 -0.01616497
v 0.00082731 -0.03012903 -0.00182659
v 0.00820256 -0.03049338 -0.00002279
v 0.00314896 -0.02112728 -0.02174952
v 0.00099432 -0.02903160 -0.00865542
v 0.00164483 -0.00630610 -0.02932957
v 0.03091458 -0.02964295 -0.00708248
v 0.01507149 -0.02444240 -0.01806883
v 0.02595353 -0.03049392 -0.00000770
v 0.01456959 -0.02436136 -0.01817564
v 0.00185158 -0.01467032 -0.02629420
v 0.00780516 -0.00695049 -0.02918382
v 0.03272900 -0.03010408 -0.00482180
v 0.02701575 -0.03012678 -0.00464343
v 0.00080871 -0.03001146 -0.00296882
v 0.04448233 -0.02867731 -0.00793015
v 0.03196724 -0.02551399 -0.01654220
v 0.00000020 -0.00512447 -0.00000371
v 0.04688374 -0.02515778 -0.01461550
v 0.00173679 -0.02135193 -0.02152954
v 0.00124201 -0.01354493 -0.02684163
v 0.04152325 -0.02454878 -0.01757087
v 0.00121938 -0.01791278 -0.02428539
v 0.00131165 -0.01951807 -0.02311417
v 0.00031706 -0.01135396 -0.02704513
v 0.00150000 -0.00002166 -0.00820820
v 0.01333936 -0.03011543 -0.00475113
v 0.04169417 -0.03017751 -0.00007509
v 0.04905289 -0.02572132 -0.01192161
v 0.00378916 -0.02211564 -0.02077859
v 0.00131771 -0.02723028 -0.01352790
v 0.04424064 -0.02687812 -0.01283683
v 0.04999241 -0.02299663 -0.01262336
v 0.00943929 -0.02172848 -0.02117115
v 0.04662731 -0.02910213 -0.00188460
v 0.00083892 -0.01308843 -0.02685047
v 0.00447075 -0.00693299 -0.02919041
v 0.03970950 -0.02914455 -0.00852117
v 0.00023538 -0.02805840 -0.00857580
v 0.00808595 -0.02236744 -0.02052115
v 0.04969110 -0.02703080 -0.00768947
v 0.04008583 -0.02873310 -0.00977863
v 0.04500786 -0.02909771 -0.00566099
v 0.00067148 -0.01740407 -0.02420173
v 0.00100710 -0.01179358 -0.02753296
v 0.00104826 -0.02949830 -0.00714435
v 0.02828129 -0.02566851 -0.01631616
v 0.00076136 -0.01792636 -0.02396031
v 0.03662796 -0.02875820 -0.00998889
v 0.04391706 -0.02766559 -0.01124063
v 0.00316403 -0.02944448 -0.00785847
v 0.04845793 -0.02528093 -0.01331367
v 0.00085534 -0.02933887 -0.00719958
v 0.04072909 -0.02565613 -0.01609811
v 0.04920610 -0.02604266 -0.01106180
v 0.00598769 -0.00660709 -0.02926396
v 0.00026616 -0.01714254 -0.02378662
v 0.04226627 -0.02491955 -0.01686901
v 0.04760387 -0.02485425 -0.01467044
v 0.00016191 -0.01293345 -0.02614882
v 0.00000013 -0.00043496 -0.02887125
v 0.00084387 -0.00629373 -0.02913693
v 0.04231696 -0.02942132 -0.00662226
v 0.00158313 -0.00276720 -0.02986507
v 0.00052588 -0.02614188 -0.01418652
v 0.04354823 -0.02818109 -0.01011027
v 0.00000020 -0.01416104 -0.02527439
v 0.00068702 -0.02478959 -0.01681777
v 0.04412819 -0.02494642 -0.01627748
v 0.04609476 -0.02511742 -0.01513019
v 0.03999749 -0.02959121 -0.00684263
v 0.04436628 -0.02823169 -0.00947108
v 0.00030969 -0.02809716 -0.00883815
v 0.00061593 -0.02984104 -0.00213568
v 0.00065326 -0.02703326 -0.01285146
v 0.00050707 -0.02680034 -0.01285289
v 0.00131598 -0.02974756 -0.00644892
v 0.00846975 -0.02328235 -0.01950856
v 0.00815875 -0.01316315 -0.02704417
v 0.00015836 -0.02322962 -0.01770470
v 0.00963568 -0.02071146 -0.02211792
v 0.03857355 -0.03040398 -0.00042338
v 0.00123718 -0.03000625 -0.00505004
v 0.04484956 -0.02938912 -0.00405939
v 0.04388157 -0.02902716 -0.00708820
v 0.00054865 -0.01410313 -0.02603221
v 0.00165259 -0.03035819 -0.00270852
v 0.04733650 -0.02669683 -0.01125786
v 0.03414877 -0.02865752 -0.01029850
v 0.01042802 -0.02899418 -0.00000165
v 0.04425063 -0.02385504 -0.01686866
v 0.00215800 -0.01713527 -0.02485723
v 0.00269015 -0.00001677 -0.02999997
v 0.04399545 -0.02557581 -0.01533813
v 0.04677587 -0.02878019 -0.00466756
v 0.00877352 -0.01972118 -0.02296990
v 0.04683910 -0.02902550 -0.00219321
v 0.00489299 -0.02217959 -0.02071643
v 0.04614368 -0.02423467 -0.01604277
v 0.04976234 -0.02656331 -0.00908058
v 0.04226665 -0.02945308 -0.00650911
v 0.00126614 -0.00374487 -0.02974634
v 0.04767348 -0.02457213 -0.01509097
v 0.00594176 -0.02123849 -0.02164565
v 0.04372763 -0.02919977 -0.00650493
v 0.04431419 -0.02905121 -0.00662531
v 0.00067459 -0.01159963 -0.02734895
v 0.04674834 -0.02865000 -0.00547768
v 0.01128142 -0.02338126 -0.01939184
v 0.04840614 -0.02778371 -0.00684625
v 0.03747169 -0.02807437 -0.01177351
v 0.00111093 -0.00502853 -0.02952007
v 0.00059023 -0.01874823 -0.02308619
v 0.04368270 -0.02855591 -0.00890659
v 0.04332612 -0.02914886 -0.00706585
v 0.00929290 -0.03033817 -0.00286916
v 0.00645408 -0.01302368 -0.02710747
v 0.04495858 -0.02939499 -0.00380612
v 0.03629967 -0.02952752 -0.00749306
v 0.04236878 -0.02544071 -0.01607420
v 0.04065858 -0.03000110 -0.00438176
v 0.04264876 -0.02918602 -0.00738037
v 0.04853427 -0.02776898 -0.00671341
v 0.00117375 -0.00505216 -0.02953403
v 0.00124732 -0.02460735 -0.01777171
v 0.03783940 -0.02707719 -0.01390554
v 0.04377103 -0.02971055 -0.00326785
v 0.00088438 -0.01475674 -0.02604825
v 0.04446519 -0.02968052 -0.00145213
v 0.04745725 -0.02827001 -0.00622443
v 0.03566310 -0.02982550 -0.00615254
v 0.04941498 -0.02724255 -0.00738120
v 0.04330671 -0.02584407 -0.01514390
v 0.04145386 -0.03019808 -0.00044460
v 0.00126211 -0.02932700 -0.00805877
v 0.04868998 -0.02765331 -0.00692351
v 0.04662837 -0.02618689 -0.01287297
v 0.02548007 -0.03018038 -0.00419124
v 0.03860418 -0.02702159 -0.01396856
v 0.04665336 -0.02648360 -0.01224714
v 0.04362619 -0.02640926 -0.01402864
v 0.03143259 -0.02840234 -0.01100311
v 0.00886877 -0.01086140 -0.02799478
v 0.00817641 -0.00593011 -0.02940050
v 0.04827239 -0.02651360 -0.01086207
v 0.00167122 -0.02979651 -0.00633128
v 0.04619898 -0.02889225 -0.00506171
v 0.04875745 -0.02723496 -0.00833012
v 0.00813338 -0.02133415 -0.02155436
v 0.00124494 -0.00584819 -0.02939766
v 0.03321228 -0.02823851 -0.01140459
v 0.04463346 -0.02962892 -0.00178583
v 0.04927757 -0.02454879 -0.01398099
v 0.04556453 -0.02721814 -0.01134831
v 0.04008387 -0.02998566 -0.00482531
v 0.00839542 -0.00556197 -0.02947515
v 0.03344158 -0.02992990 -0.00570033
v 0.04235969 -0.02575217 -0.01558925
v 0.04607282 -0.02874975 -0.00597443
v 0.04759464 -0.02602830 -0.01251361
v 0.00251453 -0.01412683 -0.02657770
v 0.03810440 -0.02554752 -0.01648609
v 0.00864239 -0.01712122 -0.02486574
v 0.04715342 -0.02319655 -0.01545002
v 0.00172418 -0.00082175 -0.02998778
v 0.04992845 -0.02789035 -0.00237781
v 0.00886380 -0.01776368 -0.02443064
v 0.04624206 -0.02345866 -0.01598378
v 0.04189063 -0.02748076 -0.01243869
v 0.04619195 -0.02747167 -0.01023962
v 0.04520722 -0.02739365 -0.01114890
v 0.00000001 -0.00001949 -0.00694471
v 0.00067179 -0.02003874 -0.02214629
v 0.00154139 -0.03048007 -0.00036916
v 0.04805768 -0.02745515 -0.00847324
v 0.03499791 -0.02534530 -0.01678279
v 0.00192853 -0.00783620 -0.02896377
v 0.00108746 -0.00816619 -0.02880623
v 0.00260798 -0.02333256 -0.01944832
v 0.04433173 -0.02954935 -0.00380789
v 0.00922363 -0.02056683 -0.02225389
v 0.03914789 -0.02572877 -0.01615310
v 0.04660095 -0.02893514 -0.00394272
v 0.00617754 -0.02332828 -0.01945495
v 0.04627106 -0.02367573 -0.01597514
v 0.00427846 -0.02217766 -0.02071795
v 0.03989118 -0.02456885 -0.01778770
v 0.00149440 -0.00647233 -0.02929259
v 0.00119977 -0.02988376 -0.00560066
v 0.04463133 -0.02346619 -0.01670161
v 0.00006557 -0.00781315 -0.02799512
v 0.04932943 -0.02519966 -0.01273916
v 0.04729092 -0.02466567 -0.01517810
v 0.00736294 -0.02814540 -0.01163395
v 0.00070167 -0.02954866 -0.00541333
v 0.00062399 -0.00999873 -0.02790235
v 0.04985778 -0.02454209 -0.01350597
v 0.00810576 -0.02303338 -0.01979069
v 0.00246476 -0.02805614 -0.01183230
v 0.03398056 -0.02891041 -0.00960169
v 0.00175376 -0.01959609 -0.02306447
v 0.00006655 -0.02890317 -0.00332408
v 0.04239675 -0.02911197 -0.00777384
v 0.00161814 -0.01704419 -0.02491309
v 0.03816818 -0.02743268 -0.01314188
v 0.00123399 -0.02715808 -0.01362946
v 0.00167962 -0.01249440 -0.02734127
v 0.00744400 -0.00003035 -0.02999991
v 0.04597191 -0.02828182 -0.00798824
v 0.00174470 -0.00317734 -0.02982556
v 0.04439300 -0.02501369 -0.01607644
v 0.04031174 -0.03000574 -0.00457326
v 0.04213997 -0.02975490 -0.00500785
v 0.04869292 -0.02803477 -0.00515908
v 0.00548714 -0.03040844 -0.00226677
v 0.00000002 -0.00004030 -0.01863926
v 0.00073467 -0.02986113 -0.00359489
v 0.00013987 -0.00941017 -0.02757774
v 0.00054158 -0.02465029 -0.01666283
v 0.04720076 -0.02558514 -0.01364637
v 0.00861314 -0.02327056 -0.01952222
v 0.02947664 -0.03042539 -0.00202318
v 0.04556468 -0.02453069 -0.01630360
v 0.00203662 -0.02314908 -0.01965065
v 0.00713531 -0.02083254 -0.02201861
v 0.04538150 -0.02882463 -0.00648489
v 0.00602455 -0.01100831 -0.02794639
v 0.04906020 -0.02606936 -0.01114309
v 0.04496060 -0.02812154 -0.00936985
v 0.00043100 -0.01596488 -0.02480910
v 0.00137862 -0.02633672 -0.01516829
v 0.04184175 -0.02887160 -0.00883276
v 0.04350950 -0.02976190 -0.00322978
v 0.04748977 -0.02870014 -0.00360436
v 0.00069675 -0.02126674 -0.02104757
v 0.04126165 -0.02676012 -0.01408593
v 0.04632446 -0.02918230 -0.00232462
v 0.00894702 -0.00262285 -0.02987312
v 0.00168060 -0.02444737 -0.01806164
v 0.00068148 -0.02892945 -0.00791547
v 0.04877299 -0.02562181 -0.01237196
v 0.00873646 -0.02127520 -0.02161033
v 0.00149228 -0.00972806 -0.02839331
v 0.03753983 -0.02820322 -0.01144279
v 0.00264278 -0.00632736 -0.02932514
v 0.00101044 -0.00160665 -0.02986606
v 0.04796179 -0.02614631 -0.01197200
v 0.04811796 -0.02728761 -0.00893215
v 0.00308143 -0.02450960 -0.01797829
v 0.00075473 -0.02954090 -0.00573711
v 0.00071699 -0.01253814 -0.02698044
v 0.00194391 -0.02467756 -0.01773422
v 0.03619938 -0.03009801 -0.00471494
v 0.04511913 -0.02808699 -0.00001140
v 0.03838502 -0.03041535 -0.00038179
v 0.00258975 -0.01522519 -0.02600042
v 0.03836517 -0.02593142 -0.01589492
v 0.04263532 -0.02945787 -0.00628449
v 0.04754194 -0.02494283 -0.01456252
v 0.00106709 -0.00587682 -0.02934231
v 0.04296488 -0.02970725 -0.00457970
v 0.04070906 -0.02969722 -0.00608161
v 0.00024802 -0.00830951 -0.02803538
v 0.04402359 -0.02973380 -0.00238927
v 0.00177012 -0.00136804 -0.02996672
v 0.01324739 -0.02414934 -0.01844958
v 0.04392236 -0.02827435 -0.00963877
v 0.04755174 -0.02843061 -0.00522160
v 0.04889902 -0.02789988 -0.00543726
v 0.00656590 -0.01490201 -0.02617214
v 0.00039927 -0.02704481 -0.01197283
v 0.04306950 -0.02992750 -0.00198594
v 0.04620288 -0.02880215 -0.00553089
v 0.00020081 -0.00094907 -0.02917882
v 0.03822263 -0.02454774 -0.01791517
v 0.00084691 -0.01329113 -0.02676552
v 0.04114972 -0.03014202 -0.00261141
v 0.00144024 -0.02105018 -0.02181662
v 0.00037409 -0.02167063 -0.02002348
v 0.03355410 -0.02840164 -0.01100363
v 0.00087922 -0.01543675 -0.02566664
v 0.04075087 -0.02655912 -0.01454723
v 0.04490494 -0.02907579 -0.00589148
v 0.00354020 -0.00744629 -0.02906317
v 0.04024255 -0.02846181 -0.01048486
v 0.03143227 -0.03013502 -0.00456660
v 0.04197707 -0.02871541 -0.00927665
v 0.04697000 -0.02830804 -0.00672488
v 0.00264621 -0.02228543 -0.02060754
v 0.00166985 -0.01951011 -0.02313173
v 0.00084781 -0.02709093 -0.01325739
v 0.04993957 -0.02781438 -0.00308760
v 0.03474270 -0.03008027 -0.00491344
v 0.04249137 -0.02628580 -0.01465225
v 0.00068956 -0.02591406 -0.01507543
v 0.04983353 -0.02681063 -0.00821257
v 0.01523529 -0.02771535 -0.01256115
v 0.04309825 -0.02894064 -0.00799030
v 0.03352217 -0.03046322 -0.00088796
v 0.00133449 -0.00864405 -0.02873452
v 0.00090793 -0.02877682 -0.00932226
v 0.00066599 -0.00964241 -0.02806096
v 0.00000020 -0.02899390 -0.00012966
v 0.01725634 -0.02574959 -0.01618928
v 0.00024529 -0.02200910 -0.01937455
v 0.00538659 -0.01525025 -0.02598753
v 0.04967186 -0.02806452 -0.00089293
v 0.00711897 -0.01775695 -0.02443547
v 0.00146652 -0.00908664 -0.02860159
v 0.00071726 -0.02990191 -0.00303485
v 0.04983853 -0.02672516 -0.00848896
v 0.00011563 -0.01939182 -0.02174382
v 0.03798976 -0.02563897 -0.01635643
v 0.04754476 -0.02818486 -0.00644062
v 0.03804397 -0.02654088 -0.01484939
v 0.00713771 -0.00653983 -0.02927766
v 0.00126020 -0.02461035 -0.01777336
v 0.00038165 -0.00331923 -0.02918687
v 0.00103713 -0.00069906 -0.02990500
v 0.03398229 -0.02799721 -0.01196009
v 0.00150000 -0.00004896 -0.00370877
v 0.04526543 -0.02898439 -0.00588490
v 0.00461699 -0.00372411 -0.02975504
v 0.04335276 -0.02450919 -0.01717500
v 0.03997542 -0.02524153 -0.01680589
v 0.00390412 -0.02116737 -0.02171221
v 0.00142079 -0.02831057 -0.01117874
v 0.00356920 -0.01742602 -0.02465994
v 0.04982837 -0.02335696 -0.01351015
v 0.04240657 -0.03009406 -0.00023726
v 0.04985091 -0.02739050 -0.00598545
v 0.04938205 -0.02692146 -0.00849166
v 0.00000012 -0.00030104 -0.00028122
v 0.04547581 -0.02533989 -0.01507992
v 0.00086815 -0.00668362 -0.02907305
v 0.00033123 -0.01603354 -0.02462975
v 0.04487602 -0.02814643 -0.00936186
v 0.00127214 -0.02039101 -0.02236175
v 0.00450918 -0.00179725 -0.02994316
v 0.04972012 -0.02728936 -0.00668350
v 0.00042177 -0.01422729 -0.02580681
v 0.04337327 -0.02885275 -0.00812545
v 0.03417620 -0.02716949 -0.01372423
v 0.00063143 -0.01785928 -0.02382392
v 0.04622478 -0.02844225 -0.00710547
v 0.04825703 -0.02606113 -0.01190525
v 0.00003283 -0.01395508 -0.02546011
v 0.04817466 -0.02374991 -0.01482114
v 0.00837535 -0.01101124 -0.02794403
v 0.04424447 -0.02905364 -0.00668581
v 0.01000011 -0.00010292 -0.02861088
v 0.00078003 -0.01787915 -0.02401279
v 0.04188340 -0.02700177 -0.01346910
v 0.02008201 -0.02713459 -0.01379374
v 0.00140488 -0.00740703 -0.02907364
v 0.00059239 -0.02822004 -0.00976617
v 0.04156991 -0.02987778 -0.00463591
v 0.00571240 -0.01991996 -0.02281066
v 0.03363828 -0.02740656 -0.01322105
v 0.04598095 -0.02933773 -0.00043306
v 0.02000252 -0.03011185 -0.00477347
v 0.04395141 -0.02871644 -0.00822821
v 0.04464880 -0.02960125 -0.00241357
v 0.04171405 -0.02985922 -0.00466735
v 0.04233426 -0.02996697 -0.00307950
v 0.00120117 -0.00874316 -0.02868400
v 0.04679191 -0.02474666 -0.01534240
v 0.04685811 -0.02908994 -0.00005827
v 0.03907432 -0.02489745 -0.01737846
v 0.04501978 -0.02935936 -0.00396734
v 0.00157315 -0.02082218 -0.02201767
v 0.00087164 -0.02057951 -0.02194471
v 0.04471227 -0.02596156 -0.01438901
v 0.03758550 -0.02891145 -0.00955376
v 0.00000472 -0.00044646 -0.02899415
v 0.04348617 -0.02943732 -0.00560470
v 0.00018425 -0.02679173 -0.01177543
v 0.04822427 -0.02768320 -0.00745965
v 0.04967479 -0.02787207 -0.00365357
v 0.03605347 -0.02965736 -0.00695384
v 0.00150000 -0.00124389 -0.00004986
v 0.04662135 -0.02606055 -0.01313700
v 0.00049932 -0.00717647 -0.02860042
v 0.03752420 -0.02688819 -0.01423900
v 0.00150035 -0.02896688 -0.00944374
v 0.03812911 -0.02571905 -0.01623916
v 0.00141849 -0.01147019 -0.02776005
v 0.00027109 -0.02920672 -0.00337668
v 0.03998323 -0.03033401 -0.00020965
v 0.04620965 -0.02822567 -0.00792802
v 0.04978514 -0.02729906 -0.00652475
v 0.00145056 -0.02288726 -0.01993633
v 0.00452992 -0.00643194 -0.02930245
v 0.00000020 -0.02517214 -0.01420987
v 0.04244343 -0.02889234 -0.00854063
v 0.00063785 -0.01274617 -0.02679805
v 0.01075368 -0.02239674 -0.02049009
v 0.00113054 -0.02742313 -0.01297860
v 0.01000106 -0.02281362 -0.02003766
v 0.04925585 -0.02795553 -0.00430957
v 0.00145508 -0.02929924 -0.00830926
v 0.00754182 -0.01499477 -0.02612217
v 0.00000000 -0.00000465 -0.01031869
v 0.00021940 -0.00435020 -0.02888317
v 0.00020671 -0.02662667 -0.01221041
v 0.04064219 -0.02808147 -0.01141399
v 0.00069891 -0.03001681 -0.00102274
v 0.04783051 -0.02783970 -0.00741113
v 0.03419498 -0.02844546 -0.01087668
v 0.04716005 -0.02753956 -0.00918169
v 0.00776568 -0.01110647 -0.02791091
v 0.00750292 -0.00651613 -0.02928206
v 0.03320694 -0.02889977 -0.00963825
v 0.03360477 -0.03046937 -0.00066458
v 0.03887313 -0.02861784 -0.01024535
v 0.00447542 -0.00913729 -0.02859000
v 0.00137424 -0.02715251 -0.01371661
v 0.00151896 -0.02902131 -0.00927176
v 0.04978409 -0.02647860 -0.00928660
v 0.02963920 -0.02962668 -0.00716166
v 0.04054764 -0.03024913 -0.00173042
v 0.03910447 -0.02954515 -0.00723703
v 0.04169635 -0.02706844 -0.01338259
v 0.04570417 -0.02788313 -0.00949797
v 0.00073817 -0.02946708 -0.00602137
v 0.00798043 -0.01703807 -0.02491745
v 0.04062003 -0.03004959 -0.00397280
v 0.03267061 -0.02845900 -0.01085635
v 0.00883334 -0.01693297 -0.02498013
v 0.04442898 -0.02784934 -0.01049087
v 0.04478208 -0.02725791 -0.01173549
v 0.03679418 -0.02491967 -0.01739137
v 0.00718595 -0.02080046 -0.02204698
v 0.04797739 -0.02870734 -0.00097225
v 0.03339357 -0.02886568 -0.00973250
v 0.00053120 -0.00814907 -0.02838502
v 0.00268922 -0.02805998 -0.01182429
v 0.04922061 -0.02371201 -0.01404171
v 0.00142174 -0.01290764 -0.02715545
v 0.03957397 -0.02912373 -0.00861444
v 0.04266987 -0.02682366 -0.01360148
v 0.04080199 -0.02879260 -0.00946697
v 0.04269171 -0.02916799 -0.00742003
v 0.04451763 -0.02888021 -0.00713524
v 0.04366202 -0.02570042 -0.01525269
v 0.02214434 -0.02811363 -0.01171118
v 0.04035740 -0.03027419 -0.00133490
v 0.00561537 -0.00569630 -0.02945106
v 0.00099190 -0.02226877 -0.02040814
v 0.04376082 -0.02533670 -0.01581226
v 0.03911172 -0.02655476 -0.01474891
v 0.00732559 -0.03035997 -0.00268541
v 0.03876986 -0.02663227 -0.01464013
v 0.04862893 -0.02568124 -0.01237655
v 0.04921533 -0.02812710 -0.00299036
v 0.00069717 -0.01434019 -0.02609406
v 0.00033465 -0.00137009 -0.02930169
v 0.03828676 -0.03034889 -0.00226568
v 0.00054774 -0.01793001 -0.02364375
v 0.04388007 -0.02855327 -0.00879023
v 0.04054068 -0.02547834 -0.01639486
v 0.00857279 -0.01128437 -0.02783750
v 0.00207164 -0.01119180 -0.02787350
v 0.04791940 -0.02871920 -0.00123309
v 0.04053799 -0.02993311 -0.00497556
v 0.03343306 -0.02551728 -0.01653750
v 0.00019278 -0.02872346 -0.00567772
v 0.04540047 -0.02528753 -0.01520842
v 0.00813398 -0.01093537 -0.02797051
v 0.00149291 -0.00388193 -0.02973526
v 0.00080599 -0.02187606 -0.02061402
v 0.03825501 -0.03002280 -0.00507513
v 0.01357328 -0.02396433 -0.01868447
v 0.00107472 -0.02982033 -0.00564473
v 0.03882195 -0.02719871 -0.01358033
v 0.04767365 -0.02829381 -0.00574073
v 0.00072680 -0.01021275 -0.02793418
v 0.00245994 -0.00480774 -0.02960946
v 0.03751437 -0.02883204 -0.00977200
v 0.03452413 -0.02532046 -0.01681897
v 0.04882928 -0.02565777 -0.01224866
v 0.00962476 -0.02897986 -0.00940895
v 0.03938791 -0.02976215 -0.00612672
v 0.04334911 -0.02979554 -0.00317991
v 0.00433945 -0.02899161 -0.00937128
v 0.00091511 -0.02797588 -0.01147969
v 0.00100384 -0.02749879 -0.01266357
v 0.03244826 -0.03042857 -0.00197994
v 0.04624767 -0.02569349 -0.01404662
v 0.02925594 -0.03049328 -0.00002431
v 0.00203666 -0.02614757 -0.01552022
v 0.00276596 -0.01555084 -0.02581907
v 0.04819042 -0.02757547 -0.00789394
v 0.03636805 -0.02711123 -0.01383918
v 0.03433903 -0.02992884 -0.00568485
v 0.04962988 -0.02716008 -0.00733440
v 0.03833740 -0.02865916 -0.01020036
v 0.04933417 -0.02737141 -0.00699512
v 0.00080551 -0.02773222 -0.01179272
v 0.03919446 -0.02957148 -0.00711630
v 0.00161039 -0.00406189 -0.02971161
v 0.00115405 -0.02000321 -0.02265080
v 0.03738068 -0.02964124 -0.00700113
v 0.03908699 -0.02929095 -0.00811635
v 0.04057606 -0.03010748 -0.00348257
v 0.04041936 -0.03030237 -0.00042826
v 0.04299625 -0.02541543 -0.01594885
v 0.04595057 -0.02796014 -0.00905153
v 0.04783123 -0.02694297 -0.01019039
v 0.00150013 -0.02642114 -0.00000678
v 0.00644334 -0.02586711 -0.01600662
v 0.00133493 -0.03010874 -0.00463604
v 0.01022079 -0.02578916 -0.01612586
v 0.04765026 -0.02531492 -0.01384523
v 0.04354085 -0.02847174 -0.00926213
v 0.04968712 -0.02645894 -0.00035007
v 0.00158145 -0.02857605 -0.01053209
v 0.00224827 -0.03049001 -0.00011079
v 0.00039563 -0.00245611 -0.02928436
v 0.04659017 -0.02832874 -0.00715114
v 0.03849960 -0.02941314 -0.00778863
v 0.00121035 -0.02950062 -0.00739339
v 0.00111955 -0.01233829 -0.02734912
v 0.04824038 -0.02574205 -0.01258298
v 0.04491479 -0.02610173 -0.01402525
v 0.00193652 -0.01972533 -0.02296319
v 0.00193748 -0.02907663 -0.00909188
v 0.00195760 -0.00945260 -0.02848860
v 0.03924875 -0.03037644 -0.00015274
v 0.04062812 -0.02577117 -0.01594849
v 0.00433572 -0.02709545 -0.01386871
v 0.00007369 -0.01327340 -0.02586275
v 0.00008343 -0.02178334 -0.01929494
v 0.00752463 -0.02795766 -0.01204346
v 0.00026844 -0.00078620 -0.02925040
v 0.02212368 -0.03012062 -0.00470009
v 0.03290701 -0.02941741 -0.00796248
v 0.00216077 -0.01720606 -0.02480929
v 0.00065033 -0.00296535 -0.02949966
v 0.00110540 -0.02626840 -0.01512457
v 0.00103750 -0.02926596 -0.00793258
v 0.00139599 -0.02756566 -0.01284988
v 0.03912603 -0.03035622 -0.00092690
v 0.04998775 -0.02317428 -0.01127325
v 0.00051259 -0.02423930 -0.01717840
v 0.00148245 -0.00016641 -0.02999950
v 0.03501248 -0.03038426 -0.00227512
v 0.00086424 -0.01287566 -0.02696710
v 0.00163620 -0.03026953 -0.00345886
v 0.00085771 -0.00710908 -0.02896967
v 0.00010044 -0.02885084 -0.00412824
v 0.04542612 -0.02556647 -0.01471370
v 0.04119262 -0.02869438 -0.00961532
v 0.03833883 -0.03038611 -0.00121837
v 0.04088288 -0.02725007 -0.01319669
v 0.00136491 -0.02444051 -0.01804681
v 0.00000020 -0.01554367 -0.02443438
v 0.04147672 -0.03010692 -0.00257496
v 0.00089074 -0.01861185 -0.02358039
v 0.04710685 -0.02807411 -0.00747476
v 0.00315214 -0.02846981 -0.01082652
v 0.00112393 -0.02054874 -0.02216397
v 0.03653849 -0.02586412 -0.01602605
v 0.00110025 -0.01094918 -0.02790005
v 0.00113317 -0.00468787 -0.02957777
v 0.04351359 -0.02880887 -0.00819095
v 0.00033970 -0.02706012 -0.01172413
v 0.00009936 -0.02852387 -0.00598972
v 0.00479845 -0.02594497 -0.01587259
v 0.00997735 -0.02192944 -0.02097298
v 0.00000020 -0.02574919 -0.01308739
v 0.00927975 -0.02022528 -0.02254829
v 0.00128905 -0.03017189 -0.00402454
v 0.00888241 -0.00802806 -0.02889407
v 0.00078171 -0.02980144 -0.00451332
v 0.00849134 -0.00759024 -0.02901167
v 0.00125948 -0.02158870 -0.02124971
v 0.04823126 -0.02532900 -0.01339526
v 0.00150000 -0.00243496 -0.00001991
v 0.03407967 -0.03039755 -0.00221234
v 0.03332159 -0.02951482 -0.00759000
v 0.00468028 -0.00189670 -0.02993787
v 0.00998108 -0.02172268 -0.02117776
v 0.01483752 -0.02447379 -0.01802712
v 0.00128676 -0.00117767 -0.02995586
v 0.03812015 -0.02751350 -0.01297020
v 0.04730721 -0.02744118 -0.00932700
v 0.04184652 -0.02900174 -0.00838876
v 0.04834286 -0.02826353 -0.00456914
v 0.04099399 -0.03019609 -0.00193499
v 0.04384967 -0.02854623 -0.00883175
v 0.00139137 -0.02331195 -0.01945823
v 0.03993032 -0.03000995 -0.00469118
v 0.00130565 -0.01857992 -0.02382495
v 0.00211380 -0.03012416 -0.00468873
v 0.03825170 -0.02666428 -0.01462381
v 0.00889695 -0.00907319 -0.02860766
v 0.04163958 -0.02912374 -0.00804477
v 0.04322979 -0.02983653 -0.00294611
v 0.04956174 -0.02642705 -0.00970847
v 0.00030879 -0.02789754 -0.00942919
v 0.00105263 -0.03024395 -0.00261839
v 0.00177950 -0.00057910 -0.02999213
v 0.00119314 -0.00689798 -0.02916956
v 0.00098288 -0.02838476 -0.01052924
v 0.00322483 -0.00335758 -0.02980288
v 0.00147561 -0.02495472 -0.01732722
v 0.04235536 -0.02469582 -0.01718119
v 0.03834750 -0.03012396 -0.00433777
v 0.00010118 -0.02787845 -0.00847860
v 0.00919019 -0.02107927 -0.02179041
v 0.00080153 -0.02956718 -0.00584865
v 0.04016759 -0.02951938 -0.00715411
v 0.00036218 -0.00252973 -0.02924526
v 0.00894712 -0.01856990 -0.02385767
v 0.03923093 -0.03019555 -0.00335030
v 0.00011991 -0.00798498 -0.02800069
v 0.04908736 -0.02831385 -0.00014615
v 0.04898596 -0.02816497 -0.00351236
v 0.04444799 -0.02808415 -0.00983139
v 0.00822073 -0.00895996 -0.02864510
v 0.04378807 -0.02745451 -0.01179895
v 0.04722610 -0.02525100 -0.01424959
v 0.04591348 -0.02900808 -0.00486202
v 0.00015079 -0.02792755 -0.00857836
v 0.04860978 -0.02658571 -0.01035289
v 0.04561161 -0.02521758 -0.01521609
v 0.03830505 -0.03041239 -0.00056967
v 0.00075851 -0.00354811 -0.02953705
v 0.04230839 -0.03000182 -0.00270176
v 0.04299381 -0.03000031 -0.00012031
v 0.03818409 -0.02885112 -0.00970573
v 0.01004080 -0.02194966 -0.02095292
v 0.00148637 -0.00759057 -0.02902833
v 0.04835536 -0.02719165 -0.00895686
v 0.04454096 -0.02527825 -0.01560756
v 0.04620821 -0.02924862 -0.00141228
v 0.04403849 -0.02975140 -0.00198131
v 0.04311682 -0.02522110 -0.01620728
v 0.04662288 -0.02647668 -0.01228198
v 0.01532133 -0.03027761 -0.00337743
v 0.03364645 -0.02793978 -0.01208414
v 0.04681743 -0.02663892 -0.01179873
v 0.03651641 -0.02876294 -0.00997756
v 0.00559352 -0.02815619 -0.01160755
v 0.04261439 -0.02528494 -0.01625144
v 0.04700519 -0.02692699 -0.01096964
v 0.00032094 -0.01808176 -0.02317277
v 0.01592670 -0.02445018 -0.01805851
v 0.04718539 -0.02889373 -0.00254436
v 0.04490543 -0.02926869 -0.00484092
v 0.03775962 -0.03011498 -0.00447180
v 0.01233866 -0.02440853 -0.01811337
v 0.04076776 -0.02763609 -0.01239210
v 0.00000012 -0.00010783 -0.02798069
v 0.04414064 -0.02953378 -0.00419764
v 0.03315440 -0.02808741 -0.01177037
v 0.00079646 -0.02769255 -0.01185544
v 0.00141847 -0.01793181 -0.02430953
v 0.00045018 -0.02966207 -0.00054233
v 0.00879336 -0.01342245 -0.02691633
v 0.00086852 -0.02917445 -0.00781566
v 0.04747176 -0.02886723 -0.00099812
v 0.04687161 -0.02799064 -0.00802430
v 0.00565458 -0.01527256 -0.02597560
v 0.00024481 -0.02618613 -0.01325977
v 0.00087841 -0.02259980 -0.01992302
v 0.04544546 -0.02656617 -0.01284946
v 0.02359485 -0.02899418 -0.00000180
v 0.04336177 -0.02503063 -0.01641731
v 0.03880874 -0.02469435 -0.01768214
v 0.00129123 -0.01329397 -0.02696277
v 0.04521974 -0.02789061 -0.00985053
v 0.04230588 -0.02854143 -0.00966781
v 0.01139931 -0.02355050 -0.01919160
v 0.00004078 -0.02576450 -0.01342122
v 0.04539356 -0.02738463 -0.01104547
v 0.04892309 -0.02353503 -0.01428815
v 0.00750474 -0.00877224 -0.02869867
v 0.03744750 -0.02478962 -0.01757716
v 0.00242922 -0.02841992 -0.01096023
v 0.04240455 -0.02842699 -0.00996671
v 0.00106411 -0.00140280 -0.02989378
v 0.03069954 -0.02895625 -0.00948185
v 0.00060945 -0.00776973 -0.02856247
v 0.04606704 -0.02716593 -0.01112653
v 0.04969316 -0.02374929 -0.01363982
v 0.04310597 -0.02995976 -0.00110094
v 0.04787445 -0.02817095 -0.00597706
v 0.04340218 -0.02945091 -0.00562485
v 0.00003948 -0.00800770 -0.02790750
v 0.00536317 -0.02816020 -0.01159771
v 0.04588818 -0.02558535 -0.01444753
v 0.02096541 -0.02470431 -0.01770006
v 0.00119151 -0.01811681 -0.02413903
v 0.04964136 -0.02561686 -0.01157031
v 0.04489742 -0.02803992 -0.00965174
v 0.00117596 -0.02911703 -0.00869461
v 0.04146843 -0.02486804 -0.01711311
v 0.03025919 -0.03007611 -0.00499004
v 0.00846461 -0.01821938 -0.02411582
v 0.00907123 -0.00046676 -0.02991220
v 0.03727372 -0.02809879 -0.01171701
v 0.00597696 -0.01545896 -0.02586855
v 0.04818327 -0.02763042 -0.00770574
v 0.04102391 -0.02581060 -0.01579955
v 0.00028858 -0.02662219 -0.01249521
v 0.04558646 -0.02330714 -0.01627244
v 0.04650422 -0.02914249 -0.00182902
v 0.03270926 -0.03049062 -0.00010027
v 0.00094498 -0.01512798 -0.02589960
v 0.02193378 -0.03021493 -0.00390203
v 0.04592940 -0.02930592 -0.00184569
v 0.03337246 -0.02996818 -0.00551661
v 0.03323951 -0.02969801 -0.00681825
v 0.04933718 -0.02430812 -0.01395665
v 0.04788985 -0.02865853 -0.00270075
v 0.04839973 -0.02721503 -0.00884059
v 0.04403536 -0.02709650 -0.01248130
v 0.04807073 -0.02822676 -0.00535892
v 0.04793981 -0.02791598 -0.00696132
v 0.00043180 -0.02187668 -0.01991019
v 0.00904149 -0.02299700 -0.01983246
v 0.04856526 -0.02675254 -0.00996340
v 0.00014238 -0.02726640 -0.01043880
v 0.00176861 -0.02356107 -0.01917112
v 0.00074409 -0.01714400 -0.02447302
v 0.00681120 -0.02814757 -0.01162864
v 0.04750761 -0.02491349 -0.01463358
v 0.04785849 -0.02746441 -0.00866886
v 0.04492819 -0.02694112 -0.01234843
v 0.04980614 -0.02735184 -0.00624681
v 0.00651990 -0.01528448 -0.02596880
v 0.03932963 -0.02641671 -0.01497376
v 0.04245787 -0.02970811 -0.00507581
v 0.04929488 -0.02498168 -0.01318000
v 0.04921453 -0.02676264 -0.00919054
v 0.04961176 -0.02764759 -0.00518873
v 0.04052844 -0.03028532 -0.00074520
v 0.04468282 -0.02480447 -0.01627710
v 0.00053343 -0.02311680 -0.01869301
v 0.00129416 -0.01408785 -0.02657546
v 0.04053682 -0.02821240 -0.01109868
v 0.00900050 -0.00602423 -0.02938009
v 0.04702780 -0.02878393 -0.00408252
v 0.00074492 -0.01576576 -0.02534441
v 0.04366896 -0.02490331 -0.01650506
v 0.04131164 -0.02506708 -0.01685056
v 0.04575628 -0.02934415 -0.00199457
v 0.00025930 -0.00307590 -0.02909597
v 0.04320272 -0.02787354 -0.01108803
v 0.00057450 -0.02840023 -0.00916699
v 0.04110984 -0.02957959 -0.00647022
v 0.04899189 -0.02753732 -0.00689317
v 0.00571785 -0.00910568 -0.02860040
v 0.00382216 -0.01610672 -0.02548470
v 0.00102770 -0.01944046 -0.02305389
v 0.00017823 -0.02876164 -0.00534569
v 0.04333847 -0.02812419 -0.01036496
v 0.03460730 -0.02931675 -0.00827574
v 0.03880889 -0.03039896 -0.00020163
v 0.03923643 -0.02799419 -0.01182989
v 0.00072183 -0.01824441 -0.02367396
v 0.04530635 -0.02779230 -0.01007248
v 0.04664840 -0.02531225 -0.01449281
v 0.04903698 -0.02505871 -0.01325698
v 0.00000020 -0.01266931 -0.02603730
v 0.00530501 -0.00688253 -0.02920253
v 0.00135278 -0.01991939 -0.02278527
v 0.00548486 -0.01362343 -0.02682288
v 0.00149609 -0.02418581 -0.01839015
v 0.00222147 -0.01581004 -0.02566537
v 0.04200775 -0.02672725 -0.01395912
v 0.00100602 -0.02255881 -0.02009869
v 0.00097968 -0.02775906 -0.01207629
v 0.00631283 -0.01048321 -0.02812845
v 0.03472175 -0.02858045 -0.01050433
v 0.00175293 -0.02826839 -0.01133230
v 0.00030624 -0.02727742 -0.01108474
v 0.03912622 -0.02819265 -0.01134298
v 0.00102508 -0.01769435 -0.02434513
v 0.04019170 -0.02730311 -0.01322340
v 0.03848578 -0.03034170 -0.00219119
v 0.03959662 -0.02575073 -0.01608777
v 0.03717340 -0.02971992 -0.00662401
v 0.00030340 -0.02938376 -0.00193135
v 0.00117502 -0.02840920 -0.01074561
v 0.03773430 -0.03035224 -0.00238175
v 0.03822058 -0.02965574 -0.00690329
v 0.04961736 -0.02502678 -0.01281162
v 0.04459325 -0.02752171 -0.01120831
v 0.04880955 -0.02637239 -0.01066570
v 0.04983638 -0.02534597 -0.01196577
v 0.00084575 -0.01883017 -0.02337056
v 0.04701922 -0.02551417 -0.01390142
v 0.00858614 -0.01987489 -0.02284709
v 0.04271740 -0.02713836 -0.01295957
v 0.04054750 -0.02977580 -0.00576715
v 0.01241697 -0.02940224 -0.00801996
v 0.03346073 -0.02758293 -0.01284577
v 0.03271259 -0.02939270 -0.00805107
v 0.00031420 -0.02419425 -0.01675904
v 0.04935865 -0.02814419 -0.00203321
v 0.04659612 -0.02876477 -0.00509969
v 0.04529429 -0.02643832 -0.01319042
v 0.04379243 -0.02745979 -0.01178441
v 0.00309688 -0.02342893 -0.01933665
v 0.04798026 -0.02673414 -0.01059558
v 0.04996627 -0.02616277 -0.00298029
v 0.03114257 -0.02843621 -0.01091941
v 0.04119425 -0.03022594 -0.00048939
v 0.02968036 -0.02941011 -0.00799037
v 0.00279885 -0.00080218 -0.02998625
v 0.04257450 -0.02817672 -0.01056612
v 0.03320216 -0.03004814 -0.00513095
v 0.04651026 -0.02894954 -0.00404016
v 0.03971639 -0.02887295 -0.00945245
v 0.03744844 -0.02955198 -0.00737557
v 0.00022365 -0.02526631 -0.01486698
v 0.04570375 -0.02868427 -0.00673050
v 0.04328398 -0.02801975 -0.01066542
v 0.03340077 -0.03039107 -0.00230926
v 0.03792806 -0.03019000 -0.00380637
v 0.04723674 -0.02855751 -0.00510962
v 0.04484115 -0.02945457 -0.00356612
v 0.04599902 -0.02632894 -0.01299150
v 0.00774765 -0.02203672 -0.02086314
v 0.00060768 -0.01899781 -0.02291754
v 0.00208159 -0.00766312 -0.02900977
v 0.00150604 -0.02512419 -0.01708411
v 0.03345388 -0.02960783 -0.00723352
v 0.00309889 -0.01844241 -0.02395747
v 0.04669128 -0.02827346 -0.00725514
v 0.00001353 -0.02248584 -0.01833038
v 0.04717314 -0.02680673 -0.01112526
v 0.03737434 -0.03035846 -0.00235311
v 0.03547274 -0.02827835 -0.01129093
v 0.00118414 -0.01477058 -0.02619643
v 0.04349727 -0.02883875 -0.00809430
v 0.04980203 -0.02604676 -0.01041193
v 0.00068856 -0.00275155 -0.02955691
v 0.00188341 -0.02432607 -0.01821881
v 0.00013903 -0.02067009 -0.02058351
v 0.04430749 -0.02963442 -0.00298622
v 0.04679305 -0.02787042 -0.00851583
v 0.04507320 -0.02678455 -0.01260417
v 0.04528077 -0.02563210 -0.01467382
v 0.04968309 -0.02539525 -0.01201123
v 0.00051036 -0.01239563 -0.02680635
v 0.00122677 -0.03038713 -0.00147568
v 0.04830811 -0.02703046 -0.00946661
v 0.04855442 -0.02310392 -0.01456230
v 0.00594994 -0.03038382 -0.00248125
v 0.04742155 -0.02765047 -0.00856020
v 0.04529251 -0.02846838 -0.00797569
v 0.04979520 -0.02370263 -0.01355078
v 0.00125835 -0.02271727 -0.02007803
v 0.00022512 -0.01408807 -0.02563329
v 0.04791256 -0.02865986 -0.00259429
v 0.00095016 -0.02809751 -0.01123513
v 0.04896463 -0.02778937 -0.00584768
v 0.00111013 -0.01980393 -0.02279841
v 0.04028743 -0.02475212 -0.01748202
v 0.03362054 -0.03042650 -0.00195848
v 0.04087147 -0.02897678 -0.00883260
v 0.00121136 -0.02361207 -0.01902960
v 0.04410767 -0.02895395 -0.00718653
v 0.00495635 -0.03036659 -0.00263439
v 0.04838579 -0.02835497 -0.00380596
v 0.00266626 -0.02899691 -0.00935414
v 0.04015137 -0.02626736 -0.01516582
v 0.04704524 -0.02633473 -0.01228008
v 0.00203667 -0.01870376 -0.02375885
v 0.00059936 -0.02372787 -0.01806660
v 0.00182745 -0.03040753 -0.00225594
v 0.00978428 -0.00002639 -0.02921506
v 0.03453361 -0.02809194 -0.01175391
v 0.03951107 -0.03025486 -0.00266696
v 0.00092742 -0.00984806 -0.02821321
v 0.04891731 -0.02703593 -0.00873731
v 0.04119197 -0.03016850 -0.00210984
v 0.04542357 -0.02590579 -0.01412895
v 0.00897481 -0.01565767 -0.02574369
v 0.00140273 -0.00948717 -0.02847759
v 0.00237208 -0.00708520 -0.02915362
v 0.04522998 -0.02522616 -0.01539381
v 0.04261142 -0.02461677 -0.01724185
v 0.04741020 -0.02866993 -0.00403591
v 0.04715698 -0.02674739 -0.01127863
v 0.00000020 -0.01935965 -0.02148316
v 0.04037785 -0.02859314 -0.01011529
v 0.04207722 -0.02952419 -0.00625114
v 0.00019153 -0.00301120 -0.02903485
v 0.00144442 -0.01887923 -0.02362485
v 0.01159585 -0.02388870 -0.01877712
v 0.00481905 -0.01193791 -0.02756998
v 0.04655167 -0.02669686 -0.01186207
v 0.03430079 -0.03011489 -0.00468147
v 0.04051906 -0.03030889 -0.00001689
v 0.04719866 -0.02601982 -0.01282977
v 0.03887172 -0.02901061 -0.00911293
v 0.00126574 -0.01018656 -0.02822725
v 0.01071097 -0.02896302 -0.00946068
v 0.00055047 -0.02487645 -0.01635502
v 0.00150000 -0.00032690 -0.00017799
v 0.04871702 -0.02777351 -0.00636639
v 0.00542278 -0.02843866 -0.01091283
v 0.03876088 -0.02539951 -0.01666483
v 0.04581964 -0.02907410 -0.00464294
v 0.04589597 -0.02892735 -0.00531400
v 0.00866081 -0.03033843 -0.00286924
v 0.00124148 -0.00648717 -0.02926491
v 0.04587592 -0.02680013 -0.01208536
v 0.03533398 -0.03046679 -0.00010041
v 0.00072044 -0.02770227 -0.01162725
v 0.04928109 -0.02622947 -0.01053147
v 0.00122185 -0.02895749 -0.00930403
v 0.00641194 -0.00415918 -0.02969677
v 0.04370027 -0.02462798 -0.01690371
v 0.00080045 -0.02851731 -0.00974050
v 0.04925543 -0.02496115 -0.01325073
v 0.03354061 -0.02943836 -0.00788015
v 0.04537450 -0.02639965 -0.01321947
v 0.00886495 -0.01502664 -0.02610203
v 0.02569336 -0.02843118 -0.01093245
v 0.03774985 -0.02589798 -0.01597311
v 0.03565984 -0.02950639 -0.00758456
v 0.04667902 -0.02569611 -0.01378819
v 0.04175467 -0.03012464 -0.00174092
v 0.00136288 -0.02282656 -0.01998784
v 0.00206046 -0.02973467 -0.00663889
v 0.00017450 -0.02631736 -0.01275169
v 0.00106796 -0.02438567 -0.01796700
v 0.04896430 -0.02682174 -0.00931722
v 0.00099990 -0.02594100 -0.01558280
v 0.03829100 -0.02995047 -0.00543110
v 0.00589668 -0.00841442 -0.02879939
v 0.00140058 -0.00590336 -0.02940856
v 0.00999234 -0.02351798 -0.01923102
v 0.00345471 -0.02224529 -0.02064885
v 0.00077156 -0.02553750 -0.01589294
v 0.00364520 -0.01447551 -0.02639737
v 0.04219707 -0.02905888 -0.00805686
v 0.04046792 -0.02850634 -0.01033587
v 0.00437520 -0.02811251 -0.01171288
v 0.04202949 -0.02873982 -0.00918300
v 0.04283096 -0.02955891 -0.00560528
v 0.00154933 -0.02993394 -0.00564733
v 0.04420781 -0.02645119 -0.01370245
v 0.00158333 -0.02240679 -0.02047502
v 0.00696325 -0.01350505 -0.02687990
v 0.04501346 -0.02846477 -0.00822972
v 0.00111546 -0.02508223 -0.01699608
v 0.00166348 -0.02931120 -0.00831975
v 0.00808078 -0.00685723 -0.02920739
v 0.00122632 -0.02993955 -0.00536501
v 0.00180667 -0.02582209 -0.01607109
v 0.04896537 -0.02611172 -0.01113593
v 0.03308531 -0.03048748 -0.00020018
v 0.04773577 -0.02613521 -0.01217475
v 0.04318582 -0.02983782 -0.00303015
v 0.04716170 -0.02659096 -0.01163948
v 0.02526316 -0.02963076 -0.00714545
v 0.04776221 -0.02804266 -0.00670438
v 0.00416782 -0.03049168 -0.00006726
v 0.03806498 -0.02926926 -0.00832863
v 0.04147086 -0.02990418 -0.00448896
v 0.00169234 -0.02017493 -0.02258577
v 0.00204710 -0.02342979 -0.01933477
v 0.01251244 -0.03049375 -0.00001299
v 0.03635713 -0.02907936 -0.00903157
v 0.04050295 -0.02856247 -0.01017444
v 0.04037093 -0.02779310 -0.01214328
v 0.00845033 -0.00531111 -0.02952499
v 0.00068706 -0.02482324 -0.01676988
v 0.00001688 -0.00953650 -0.02740136
v 0.01663565 -0.03011867 -0.00472177
v 0.04138037 -0.02890709 -0.00888565
v 0.00039734 -0.02875384 -0.00695786
v 0.00111456 -0.02770349 -0.01236669
v 0.03394966 -0.03048391 -0.00009597
v 0.04906852 -0.02786277 -0.00530343
v 0.00000020 -0.02784160 -0.00790417
v 0.03741060 -0.02959565 -0.00721395
v 0.00094565 -0.01910881 -0.02324913
v 0.04418043 -0.02975968 -0.00077668
v 0.04072498 -0.02486124 -0.01725800
v 0.04556306 -0.02775872 -0.00996905
v 0.00099128 -0.00535953 -0.02941683
v 0.03802107 -0.02478233 -0.01758661
v 0.04517826 -0.02685249 -0.01239439
v 0.00074770 -0.00141868 -0.02970542
v 0.03831085 -0.03032709 -0.00258034
v 0.03028157 -0.02940060 -0.00802520
v 0.00812229 -0.00552464 -0.02948306
v 0.00091474 -0.02740727 -0.01271402
v 0.00000020 -0.02775168 -0.00006777
v 0.00694528 -0.00514362 -0.02955370
v 0.00803307 -0.00026358 -0.02999246
v 0.00000020 -0.02384381 -0.01634279
v 0.04987667 -0.02478980 -0.01302992
v 0.03416297 -0.02897335 -0.00941398
v 0.04768190 -0.02807734 -0.00667727
v 0.00037164 -0.02483724 -0.01595192
v 0.03814398 -0.02894803 -0.00943136
v 0.00019783 -0.02858446 -0.00639301
v 0.01833374 -0.02574878 -0.01619124
v 0.04657764 -0.02497630 -0.01509356
v 0.00743339 -0.00694996 -0.02918465
v 0.00107854 -0.02043091 -0.02224015
v 0.04957087 -0.02785123 -0.00409267
v 0.04835066 -0.02772069 -0.00715208
v 0.00807624 -0.01817442 -0.02415048
v 0.00202000 -0.02939809 -0.00803366
v 0.00119515 -0.02865150 -0.01011914
v 0.04995795 -0.02548024 -0.01155232
v 0.00033017 -0.00139510 -0.02929542
v 0.01969247 -0.02450205 -0.01798930
v 0.03785599 -0.02492658 -0.01737982
v 0.03406801 -0.02790060 -0.01216590
v 0.04152279 -0.02940388 -0.00707893
v 0.04715002 -0.02459668 -0.01538026
v 0.03378147 -0.02812768 -0.01167330
v 0.04644236 -0.02829091 -0.00745466
v 0.04516036 -0.02555493 -0.01486797
v 0.00674645 -0.02129408 -0.02159239
v 0.00104814 -0.02790992 -0.01185413
v 0.04992948 -0.02612282 -0.01007322
v 0.00195319 -0.02012405 -0.02263049
v 0.00338255 -0.01974828 -0.02294915
v 0.00917105 -0.02248964 -0.02038910
v 0.00765478 -0.00644962 -0.02929541
v 0.00745906 -0.01989714 -0.02282950
v 0.04385600 -0.02906384 -0.00696660
v 0.04571769 -0.02939273 -0.00075901
v 0.00354104 -0.00001539 -0.02999998
v 0.00109313 -0.02859354 -0.01015064
v 0.00751152 -0.01503685 -0.02610086
v 0.04639999 -0.02556636 -0.01418442
v 0.04587265 -0.02557843 -0.01446734
v 0.00085384 -0.02910748 -0.00800389
v 0.04721225 -0.02593869 -0.01298028
v 0.04442831 -0.02812809 -0.00972094
v 0.00100459 -0.00445362 -0.02956357
v 0.04049932 -0.03001135 -0.00443012
v 0.02303750 -0.03012128 -0.00469374
v 0.01261995 -0.02376333 -0.01893289
v 0.03874432 -0.03039335 -0.00046479
v 0.03444728 -0.02450623 -0.01798332
v 0.00093670 -0.02637909 -0.01473607
v 0.04307050 -0.02993952 -0.00178512
v 0.04621814 -0.02925515 -0.00111813
v 0.04265497 -0.02613014 -0.01487970
v 0.00820097 -0.01712095 -0.02486599
v 0.00000020 -0.01472758 -0.02494004
v 0.03692412 -0.02892667 -0.00951998
v 0.00276027 -0.01427883 -0.02649983
v 0.04896769 -0.02487178 -0.01365464
v 0.02521685 -0.02741530 -0.01320225
v 0.00000020 -0.00919890 -0.02739218
v 0.03316723 -0.02902092 -0.00927003
v 0.04399144 -0.02788959 -0.01063932
v 0.04754443 -0.02802794 -0.00705959
v 0.01452285 -0.02423335 -0.01834246
v 0.04418764 -0.02918527 -0.00613963
v 0.00725550 -0.03011254 -0.00476784
v 0.04703079 -0.02424536 -0.01555934
v 0.00110337 -0.02125462 -0.02150122
v 0.04283657 -0.02758145 -0.01193146
v 0.00079413 -0.02331567 -0.01899006
v 0.00162705 -0.02219057 -0.02070057
v 0.03379711 -0.02924918 -0.00851543
v 0.04488523 -0.02961313 -0.00026201
v 0.04443629 -0.02920977 -0.00575172
v 0.04401217 -0.02653058 -0.01363946
v 0.01371797 -0.02421699 -0.01836319
v 0.03340240 -0.02959494 -0.00728360
v 0.00180911 -0.02343891 -0.01932323
v 0.04174032 -0.02698568 -0.01353860
v 0.00458392 -0.01104734 -0.02793363
v 0.00003036 -0.02302192 -0.01768240
v 0.03939740 -0.02732487 -0.01325668
v 0.00089169 -0.02640383 -0.01462154
v 0.00061713 -0.02568327 -0.01525863
v 0.04243904 -0.02757591 -0.01207785
v 0.00263943 -0.02603557 -0.01571505
v 0.03437432 -0.03005743 -0.00505159
v 0.04669983 -0.02417354 -0.01574559
v 0.00119276 -0.02937588 -0.00780921
v 0.04542727 -0.02929393 -0.00368071
v 0.04809569 -0.02809389 -0.00594899
v 0.03862899 -0.02785309 -0.01220030
v 0.00179604 -0.00162319 -0.02995540
v 0.04931818 -0.02822478 -0.00018022
v 0.00057922 -0.00068379 -0.02956390
v 0.04049918 -0.03015354 -0.00311940
v 0.00880376 -0.00189319 -0.02992833
v 0.03329455 -0.02960400 -0.00724893
v 0.03700437 -0.02809109 -0.01173797
v 0.04546908 -0.02944954 -0.00091137
v 0.04245290 -0.02779009 -0.01159950
v 0.04665463 -0.02712154 -0.01077889
v 0.04606524 -0.02670677 -0.01216891
v 0.00115312 -0.01872015 -0.02367090
v 0.04439089 -0.02565340 -0.01504296
v 0.00877344 -0.00022384 -0.02999205
v 0.03868371 -0.03030504 -0.00260762
v 0.00181487 -0.02447743 -0.01802142
v 0.00079844 -0.02027908 -0.02211967
v 0.00014393 -0.02701012 -0.01111567
v 0.00108340 -0.02131305 -0.02143221
v 0.04226717 -0.02525302 -0.01637416
v 0.00219226 -0.00616102 -0.02936050
v 0.00005492 -0.00150353 -0.02901234
v 0.04246406 -0.03001977 -0.00210579
v 0.00078368 -0.02533337 -0.01621314
v 0.04497196 -0.02650660 -0.01322565
v 0.04658059 -0.02673757 -0.01174770
v 0.04771691 -0.02658019 -0.01120535
v 0.04625099 -0.02886476 -0.00513316
v 0.04914016 -0.02334293 -0.01409910
v 0.00005003 -0.02672053 -0.01144450
v 0.00067735 -0.01979551 -0.02237213
v 0.00000014 -0.00046769 -0.00014268
v 0.00152355 -0.02485803 -0.01747198
v 0.04261423 -0.02990492 -0.00336469
v 0.03326472 -0.02752818 -0.01296271
v 0.00075665 -0.02892863 -0.00826386
v 0.03871540 -0.02456137 -0.01787646
v 0.03679021 -0.02809334 -0.01173411
v 0.00006677 -0.00735791 -0.02810907
v 0.04357463 -0.02739029 -0.01205086
v 0.00106694 -0.02298516 -0.01967605
v 0.00010344 -0.02754304 -0.00951635
v 0.03855551 -0.02668551 -0.01456353
v 0.00911324 -0.02140659 -0.02148388
v 0.00024716 -0.02931952 -0.00148902
v 0.00172490 -0.02386981 -0.01878672
v 0.00729484 -0.00204025 -0.02992664
v 0.03687490 -0.02823565 -0.01137204
v 0.04581520 -0.02938404 -0.00025887
v 0.00118656 -0.00548746 -0.02945984
v 0.00010196 -0.02872534 -0.00490442
v 0.04507199 -0.02622191 -0.01371701
v 0.04854092 -0.02330033 -0.01457658
v 0.00020431 -0.02463423 -0.01582187
v 0.02337119 -0.02843525 -0.01092214
v 0.03927709 -0.02765449 -0.01256097
v 0.04794433 -0.02594611 -0.01241414
v 0.02727972 -0.03014088 -0.00452384
v 0.00009920 -0.00605335 -0.02845686
v 0.00315213 -0.02964224 -0.00709831
v 0.04315432 -0.02910408 -0.00736607
v 0.00752900 -0.01709101 -0.02488514
v 0.04749854 -0.02654976 -0.01146616
v 0.04777366 -0.02860161 -0.00367751
v 0.04411843 -0.02885647 -0.00755688
v 0.00214116 -0.01255227 -0.02731695
v 0.00023589 -0.02787599 -0.00916761
v 0.00065333 -0.01500131 -0.02567895
v 0.04745531 -0.02664599 -0.01128055
v 0.00267360 -0.01095259 -0.02796764
v 0.04978094 -0.02744013 -0.00589559
v 0.03848836 -0.02952217 -0.00741584
v 0.04904468 -0.02459144 -0.01409690
v 0.04565319 -0.02941076 -0.00069424
v 0.01028877 -0.02299756 -0.01983255
v 0.03912696 -0.02886096 -0.00956185
v 0.04368690 -0.02957004 -0.00460100
v 0.04728998 -0.02653408 -0.01166250
v 0.04547009 -0.02569457 -0.01447022
v 0.04251512 -0.02989383 -0.00357693
v 0.03925925 -0.02819786 -0.01131310
v 0.00102814 -0.02958304 -0.00669271
v 0.04646302 -0.02745268 -0.01007154
v 0.03478782 -0.02540356 -0.01669944
v 0.00072954 -0.01638287 -0.02495444
v 0.04262470 -0.02789221 -0.01128268
v 0.04047598 -0.02934603 -0.00770227
v 0.04324357 -0.02804644 -0.01061610
v 0.03198008 -0.02809170 -0.01176106
v 0.00010997 -0.02852232 -0.00607112
v 0.00000020 -0.01311955 -0.00000973
v 0.00555134 -0.00029274 -0.02999595
v 0.03601215 -0.02574827 -0.01620246
v 0.00000020 -0.00577348 -0.02837495
v 0.03918199 -0.02858311 -0.01029897
v 0.00262932 -0.00473968 -0.02962066
v 0.04014929 -0.02529697 -0.01670790
v 0.04873096 -0.02554465 -0.01256734
v 0.03349622 -0.03031758 -0.00294941
v 0.04903979 -0.02620936 -0.01082749
v 0.04895528 -0.02722230 -0.00811981
v 0.00087206 -0.02947610 -0.00665762
v 0.04939515 -0.02671110 -0.00911656
v 0.02798778 -0.02716057 -0.01374344
v 0.00070943 -0.01944948 -0.02271524
v 0.03312575 -0.02833031 -0.01117961
v 0.00068555 -0.01573769 -0.02529537
v 0.01074720 -0.03011709 -0.00474054
v 0.00007069 -0.01643560 -0.02397893
v 0.04589319 -0.02820864 -0.00832134
v 0.04017573 -0.02454451 -0.01779380
v 0.00254358 -0.03011626 -0.00474118
v 0.03479292 -0.02998141 -0.00541386
v 0.04479847 -0.02869414 -0.00761094
v 0.01022000 -0.02290099 -0.01994154
v 0.03845125 -0.03005677 -0.00486472
v 0.00097081 -0.00873519 -0.02860007
v 0.01091682 -0.02316233 -0.01964619
v 0.00039831 -0.00241192 -0.02929034
v 0.04831827 -0.02783466 -0.00676536
v 0.00139594 -0.00104114 -0.02997888
v 0.04507057 -0.02857434 -0.00779933
v 0.03956343 -0.02953405 -0.00720113
v 0.04304898 -0.02525973 -0.01616898
v 0.00111989 -0.02429537 -0.01811731
v 0.00170232 -0.00508127 -0.02955857
v 0.03806960 -0.03015040 -0.00414441
v 0.04235662 -0.02725740 -0.01280406
v 0.04651508 -0.02783495 -0.00893096
v 0.00797506 -0.02176143 -0.02113615
v 0.00898100 -0.00110263 -0.02995800
v 0.03840953 -0.02941164 -0.00780785
v 0.01942137 -0.02457670 -0.01788255
v 0.00043813 -0.00695521 -0.02859336
v 0.00063442 -0.02459423 -0.01696845
v 0.00098698 -0.02966834 -0.00613809
v 0.00166779 -0.02296432 -0.01985564
v 0.03287991 -0.02838569 -0.01104389
v 0.00046344 -0.02513390 -0.01573828
v 0.00020563 -0.02144581 -0.01992847
v 0.00052527 -0.00543496 -0.02900690
v 0.03348791 -0.02748882 -0.01304630
v 0.04444344 -0.02963827 -0.00258282
v 0.00014551 -0.02454093 -0.01580880
v 0.04560994 -0.02899341 -0.00536895
v 0.03905946 -0.03039016 -0.00005268
v 0.00264273 -0.02118247 -0.02169804
v 0.04835278 -0.02407503 -0.01471163
v 0.00064659 -0.02817427 -0.01013689
v 0.04632868 -0.02844431 -0.00698741
v 0.03787158 -0.02939503 -0.00790208
v 0.03208571 -0.02723168 -0.01359471
v 0.03872310 -0.02940752 -0.00777293
v 0.04336766 -0.02767501 -0.01149407
v 0.03326881 -0.03032747 -0.00286855
v 0.00116535 -0.02984632 -0.00572558
v 0.00014824 -0.01428214 -0.02542882
v 0.04257604 -0.02734871 -0.01254209
v 0.04593140 -0.02677218 -0.01211118
v 0.03306149 -0.03041753 -0.00207814
v 0.00381871 -0.01603346 -0.02552866
v 0.00858088 -0.01320269 -0.02702613
v 0.00540337 -0.00665637 -0.02925284
v 0.03622545 -0.02827214 -0.01129016
v 0.00284219 -0.00023223 -0.02999799
v 0.04250980 -0.02980857 -0.00436498
v 0.00077785 -0.02270430 -0.01966850
v 0.00318832 -0.00001634 -0.02999997
v 0.04521725 -0.02903875 -0.00567464
v 0.00330132 -0.02806515 -0.01181366
v 0.02056166 -0.02572887 -0.01622214
v 0.03798899 -0.02564750 -0.01634418
v 0.00021138 -0.02916079 -0.00291788
v 0.01063840 -0.02300052 -0.01982939
v 0.04696735 -0.02844279 -0.00612915
v 0.00102157 -0.02410950 -0.01827191
v 0.04017417 -0.02890420 -0.00927452
v 0.00006452 -0.02538549 -0.01418941
v 0.00101677 -0.00184796 -0.02985677
v 0.00670372 -0.01534672 -0.02593372
v 0.00182108 -0.03048611 -0.00021203
v 0.04251480 -0.02877935 -0.00887455
v 0.00000020 -0.02188623 -0.01892517
v 0.04643549 -0.02509250 -0.01498636
v 0.00867623 -0.01278702 -0.02720246
v 0.00187035 -0.02232392 -0.02056732
v 0.04903352 -0.02816929 -0.00327913
v 0.00007284 -0.02865680 -0.00503642
v 0.04031440 -0.03000088 -0.00461464
v 0.04089670 -0.02924694 -0.00789341
v 0.04445430 -0.02652952 -0.01344369
v 0.03258896 -0.02967119 -0.00694620
v 0.04445969 -0.02738041 -0.01162875
v 0.00136200 -0.01361757 -0.02682390
v 0.00038199 -0.02936681 -0.00341096
v 0.00031611 -0.02134979 -0.02023907
v 0.04632438 -0.02895254 -0.00443318
v 0.04807608 -0.02852993 -0.00331738
v 0.00178451 -0.02107544 -0.02179546
v 0.00476480 -0.02940476 -0.00801118
v 0.03799411 -0.02518298 -0.01701135
v 0.04061281 -0.03015569 -0.00300348
v 0.00810786 -0.00230060 -0.02990659
v 0.00085542 -0.03008365 -0.00276963
v 0.04965628 -0.02806217 -0.00114197
v 0.00506674 -0.02339516 -0.01937654
v 0.04925396 -0.02600202 -0.01111162
v 0.04647903 -0.02855436 -0.00629936
v 0.03000593 -0.03049310 -0.00002877
v 0.00150000 -0.00006909 -0.00139448
v 0.00196595 -0.02802350 -0.01190118
v 0.04547468 -0.02774202 -0.01008144
v 0.01016063 -0.02449640 -0.01799704
v 0.02960132 -0.02725259 -0.01354934
v 0.04588677 -0.02777546 -0.00967432
v 0.04806294 -0.02810014 -0.00597779
v 0.00149783 -0.00257414 -0.02988101
v 0.00004232 -0.00945160 -0.02746173
v 0.00490475 -0.01559709 -0.02578791
v 0.00910756 -0.01900114 -0.02354010
v 0.00127064 -0.00073781 -0.02996652
v 0.00216061 -0.00621622 -0.02934931
v 0.00270317 -0.02448971 -0.01800587
v 0.04876034 -0.02778535 -0.00623272
v 0.04586170 -0.02629295 -0.01314322
v 0.04781925 -0.02539305 -0.01358534
v 0.00138833 -0.03014472 -0.00441442
v 0.00044357 -0.02933734 -0.00432928
v 0.04543269 -0.02948373 -0.00008028
v 0.00032578 -0.01985785 -0.02170509
v 0.00228558 -0.01537371 -0.02591892
v 0.03155643 -0.02564080 -0.01635909
v 0.00518262 -0.01553315 -0.02582566
v 0.03369506 -0.02911644 -0.00895226
v 0.04751548 -0.02745270 -0.00907452
v 0.04024393 -0.02665182 -0.01447857
v 0.03904342 -0.02702568 -0.01392297
v 0.04796798 -0.02868223 -0.00178757
v 0.04735342 -0.02612372 -0.01249513
v 0.00443072 -0.03011472 -0.00475240
v 0.04510053 -0.02592620 -0.01425699
v 0.00072867 -0.02768563 -0.01169297
v 0.03814078 -0.02817545 -0.01150260
v 0.00286727 -0.02222595 -0.02066785
v 0.00175968 -0.02632154 -0.01521757
v 0.00124313 -0.01673349 -0.02508391
v 0.04635828 -0.02815681 -0.00800429
v 0.00002705 -0.02358797 -0.01691902
v 0.04333760 -0.02902705 -0.00752246
v 0.03972313 -0.03023936 -0.00270646
v 0.04464344 -0.02889996 -0.00693787
v 0.00164049 -0.02729246 -0.01344986
v 0.00000020 -0.02840252 -0.00551389
v 0.00000217 -0.00314231 -0.02882607
v 0.04971729 -0.02776216 -0.00426150
v 0.04922816 -0.02695361 -0.00859056
v 0.00741430 -0.01675469 -0.02508967
v 0.00242552 -0.02331577 -0.01946603
v 0.04842118 -0.02701540 -0.00004446
v 0.00109256 -0.02962230 -0.00667321
v 0.00265323 -0.02894604 -0.00950668
v 0.03873247 -0.02802388 -0.01181977
v 0.00095020 -0.02649878 -0.01454864
v 0.00087267 -0.01631880 -0.02513682
v 0.00654480 -0.02414002 -0.01845713
v 0.04882070 -0.02734361 -0.00786917
v 0.04400139 -0.02970643 -0.00279482
v 0.04778121 -0.02810717 -0.00642417
v 0.03269709 -0.02736212 -0.01331669
v 0.03412732 -0.02971272 -0.00673117
v 0.04051051 -0.02984955 -0.00541126
v 0.00576233 -0.02345066 -0.01931119
v 0.03896076 -0.02858310 -0.01032695
v 0.04299009 -0.02997273 -0.00142427
v 0.04896713 -0.02627348 -0.01074604
v 0.00804738 -0.01113132 -0.02790088
v 0.04333851 -0.02557050 -0.01557986
v 0.04763176 -0.02743530 -0.00900527
v 0.03980243 -0.02832824 -0.01090038
v 0.00762962 -0.00682605 -0.02921538
v 0.00155656 -0.02963680 -0.00711900
v 0.00000020 -0.00338711 -0.02867363
v 0.00133452 -0.03005821 -0.00491905
v 0.04826128 -0.02815681 -0.00535187
v 0.00690145 -0.00654866 -0.02927614
f 330 159 707
f 39 337 1113
f 476 330 707
f 476 637 1606
f 707 607 476
f 476 607 637
f 625 476 1606
f 330 476 625
f 1606 637 1209
f 195 625 1606
f 707 159 176
f 176 160 707
f 848 1113 337
f 1606 1209 848
f 848 195 1606
f 337 195 848
f 973 322 394
f 973 558 322
f 672 558 1203
f 394 322 814
f 637 607 1301
f 322 558 883
f 625 195 1180
f 159 330 1180
f 330 625 1180
f 397 959 160
f 397 176 159
f 160 176 397
f 365 959 679
f 160 959 365
f 365 1071 160
f 251 1209 820
f 251 848 1209
f 1113 848 251
f 251 470 1113
f 820 68 251
f 68 470 251
f 558 672 1655
f 1655 883 558
f 820 1209 1655
f 707 160 173
f 160 520 173
f 1487 814 322
f 1487 1301 814
f 822 1301 607
f 1428 1487 322
f 1428 1209 637
f 637 1301 1428
f 1301 1487 1428
f 655 195 337
f 337 1180 655
f 655 1180 195
f 1650 365 679
f 39 1113 596
f 1113 470 596
f 596 147 39
f 269 147 596
f 596 635 269
f 1651 635 596
f 683 1651 596
f 596 470 683
f 685 1655 1209
f 883 1655 685
f 1209 1428 685
f 322 883 685
f 685 1428 322
f 1398 68 820
f 820 1655 1398
f 39 147 1320
f 607 478 1577
f 1577 822 607
f 814 1301 1269
f 1301 822 1269
f 3 1180 337
f 850 512 1561
f 679 959 850
f 959 397 850
f 365 1650 1678
f 935 1377 1625
f 1625 672 1203
f 332 1625 1203
f 935 1625 332
f 935 332 634
f 922 1655 672
f 922 1398 1655
f 68 1398 922
f 1539 568 1148
f 565 484 537
f 537 1430 565
f 788 1430 537
f 1332 1320 147
f 542 1527 628
f 266 542 628
f 447 1507 149
f 1228 1507 1187
f 1599 542 514
f 10 1544 167
f 223 1371 1392
f 113 1230 619
f 68 922 256
f 683 470 759
f 394 814 307
f 307 1274 394
f 814 1269 307
f 313 973 394
f 394 1274 313
f 1203 558 313
f 558 973 313
f 1504 899 1508
f 899 1252 1508
f 633 3 337
f 633 337 39
f 39 501 633
f 237 1392 1371
f 10 1371 652
f 1340 397 159
f 159 512 1340
f 201 1399 679
f 679 850 201
f 679 1399 839
f 839 578 679
f 1399 578 839
f 148 266 1048
f 1048 1278 148
f 160 1071 371
f 579 241 385
f 447 766 653
f 1590 129 1558
f 438 332 1203
f 138 634 438
f 438 634 332
f 1115 438 1203
f 138 438 1115
f 138 1233 142
f 142 634 138
f 142 1670 935
f 935 634 142
f 1233 1185 142
f 1290 1377 935
f 1290 290 1377
f 1218 1542 1285
f 1218 155 1542
f 1542 155 559
f 565 1430 1562
f 568 576 903
f 57 1148 484
f 1539 1148 57
f 484 1148 431
f 431 537 484
f 484 955 1213
f 960 955 484
f 994 562 230
f 403 237 527
f 527 1371 10
f 527 237 1371
f 1401 542 1599
f 1527 542 1401
f 1488 512 159
f 1561 512 1488
f 468 1371 223
f 1410 1006 1527
f 326 1507 447
f 447 266 326
f 965 149 1507
f 965 1507 1228
f 965 152 1558
f 247 542 136
f 148 1278 136
f 136 266 148
f 542 266 136
f 910 542 247
f 910 514 542
f 10 167 457
f 457 1469 10
f 457 261 501
f 167 261 457
f 688 430 113
f 113 619 688
f 688 619 430
f 609 1045 1138
f 1315 1651 683
f 683 704 1315
f 1315 704 1651
f 1042 635 1651
f 1651 704 1042
f 193 200 1173
f 68 256 1601
f 1601 256 470
f 1107 759 470
f 470 256 1107
f 1238 1041 1022
f 723 1332 147
f 968 1158 864
f 864 1158 479
f 1282 1169 746
f 746 1169 253
f 744 342 1468
f 707 173 1287
f 1287 173 520
f 1545 1056 660
f 1463 660 1056
f 1605 1542 1203
f 1285 1542 1605
f 1224 1056 1545
f 1545 243 1224
f 689 1221 1319
f 1179 519 478
f 1179 391 519
f 87 1221 689
f 87 705 1221
f 991 261 1020
f 1371 468 1156
f 1564 850 397
f 397 1340 1564
f 512 850 1564
f 1564 1340 512
f 1071 365 1364
f 843 1145 933
f 1418 1650 679
f 679 578 1418
f 85 1364 1490
f 1650 109 1490
f 1490 109 1455
f 1490 1678 1650
f 365 1678 1490
f 1490 1364 365
f 1359 861 160
f 160 371 1359
f 170 1642 1142
f 199 396 842
f 579 1616 919
f 919 1433 579
f 1507 1433 471
f 1433 919 471
f 579 937 887
f 642 1073 582
f 1228 262 1342
f 1228 1187 135
f 135 262 1228
f 908 604 670
f 1206 670 1188
f 1188 670 604
f 1558 239 1074
f 1074 1590 1558
f 239 1590 1074
f 146 852 206
f 852 107 206
f 269 635 695
f 695 644 269
f 1022 1041 1184
f 1184 636 1497
f 269 644 436
f 664 1356 672
f 862 581 934
f 862 1185 581
f 725 127 581
f 581 1185 725
f 1355 263 1670
f 935 1670 992
f 992 1290 935
f 942 263 568
f 942 568 1539
f 1670 263 942
f 581 127 1598
f 127 74 1598
f 127 725 751
f 762 127 1087
f 762 1297 127
f 565 1562 1039
f 934 581 669
f 669 1430 934
f 1265 1430 788
f 934 1430 1265
f 1265 1419 934
f 903 1419 1265
f 1663 1148 568
f 568 903 1663
f 1394 487 541
f 1129 57 484
f 1120 487 1394
f 1394 1213 1120
f 530 463 626
f 626 587 530
f 565 994 1473
f 1473 484 565
f 1473 960 484
f 955 960 1473
f 955 1473 1378
f 83 1469 99
f 1320 1332 1144
f 1144 1603 1320
f 1320 1603 1000
f 1000 1603 333
f 1305 1040 501
f 1305 501 39
f 39 114 1305
f 1305 114 1094
f 1373 1436 1550
f 1055 1405 1550
f 1055 1118 1482
f 1482 1405 1055
f 746 591 1250
f 1578 1250 591
f 1326 527 10
f 302 527 628
f 403 527 302
f 940 1190 6
f 628 527 1223
f 1223 266 628
f 472 468 223
f 159 1410 1303
f 1255 239 1558
f 1558 152 1255
f 491 1433 1507
f 1599 514 368
f 1443 1401 1599
f 627 910 247
f 561 619 1230
f 1433 491 673
f 1641 1230 113
f 1230 1489 690
f 690 1489 1568
f 690 561 1230
f 277 561 690
f 299 1353 579
f 294 276 1405
f 294 1482 1118
f 1405 1482 294
f 980 698 205
f 205 520 160
f 205 698 520
f 200 704 923
f 923 1173 200
f 923 704 683
f 683 759 923
f 923 759 1583
f 1460 200 193
f 1460 893 200
f 611 470 68
f 68 1601 611
f 611 1601 470
f 193 923 1594
f 1594 923 1583
f 238 1107 1634
f 238 1163 151
f 151 1107 238
f 759 1107 151
f 1583 759 151
f 404 723 147
f 1525 1158 1149
f 1158 968 1149
f 452 479 1022
f 1022 1184 452
f 452 1184 1497
f 864 479 797
f 797 452 1497
f 479 452 797
f 1155 22 1028
f 1022 479 552
f 552 22 1022
f 203 1158 1525
f 566 1102 186
f 917 566 186
f 1057 566 917
f 1309 1205 101
f 699 1282 536
f 536 1282 746
f 746 1250 536
f 1468 1549 808
f 808 744 1468
f 872 1287 64
f 1438 1287 1426
f 175 607 707
f 707 1287 175
f 216 1287 520
f 216 1426 1287
f 980 1426 216
f 1154 1179 478
f 391 1179 1154
f 914 929 544
f 64 1287 914
f 914 1287 1438
f 905 20 1545
f 905 1463 1438
f 1438 1426 1029
f 1029 1426 1414
f 603 1218 1285
f 1203 313 794
f 794 1605 1203
f 1285 1605 1014
f 270 1224 243
f 605 1224 270
f 309 605 1221
f 1221 705 439
f 1504 1508 1636
f 1636 1370 1504
f 1636 1508 1252
f 1504 1370 331
f 331 665 1504
f 519 391 1172
f 478 519 792
f 792 1577 478
f 822 1577 792
f 792 1269 822
f 501 261 1160
f 261 991 1160
f 1160 633 501
f 1449 167 1544
f 1449 1544 10
f 10 652 1449
f 1449 652 1371
f 1371 1156 1449
f 982 261 167
f 167 1449 982
f 982 1449 1156
f 1399 201 1296
f 201 550 1296
f 623 550 201
f 1145 843 271
f 1650 1418 1197
f 1145 271 1197
f 1278 1048 460
f 1048 448 460
f 1676 360 1681
f 1071 19 836
f 781 107 411
f 411 107 555
f 125 19 1071
f 1071 1364 125
f 125 1364 85
f 52 1490 1455
f 854 639 908
f 854 366 639
f 861 1359 300
f 861 300 640
f 1536 1147 1592
f 616 1147 1194
f 1194 1579 160
f 160 861 1194
f 1046 170 1142
f 1590 170 1046
f 465 1590 239
f 465 170 1590
f 1642 170 210
f 210 170 1627
f 1627 1076 210
f 508 396 199
f 199 1642 508
f 1085 1660 1642
f 1642 999 1085
f 1085 656 1660
f 327 999 1642
f 733 1187 1507
f 1507 471 733
f 701 937 579
f 915 241 579
f 579 887 915
f 1061 1314 676
f 676 1289 1061
f 328 642 806
f 1073 642 328
f 579 385 876
f 876 66 579
f 174 1616 579
f 579 66 174
f 50 1198 1616
f 50 126 1198
f 1616 174 50
f 1198 126 1334
f 582 1073 1272
f 1558 49 1581
f 1581 965 1558
f 149 965 1581
f 1581 766 447
f 447 149 1581
f 1072 360 1676
f 1072 1559 360
f 908 670 267
f 267 670 482
f 267 854 908
f 482 854 267
f 482 670 1513
f 1513 854 482
f 901 266 447
f 229 691 1206
f 1188 1466 229
f 531 1188 653
f 531 1466 1188
f 1206 691 868
f 743 11 691
f 1036 695 635
f 636 1184 1652
f 615 636 147
f 1497 636 615
f 1662 797 1497
f 800 345 269
f 269 436 800
f 800 436 345
f 672 1625 1445
f 1445 664 672
f 894 1185 1233
f 894 725 1185
f 28 1115 1203
f 516 920 1297
f 668 1039 1562
f 809 1598 1400
f 1400 1598 74
f 1646 74 127
f 127 1182 1646
f 1297 920 1411
f 127 1297 1411
f 1411 1182 127
f 1043 751 725
f 1203 810 1043
f 725 28 1043
f 1043 28 1203
f 858 762 1087
f 1274 307 257
f 257 307 1269
f 1269 792 257
f 257 313 1274
f 155 1218 1168
f 1218 603 1168
f 603 257 1168
f 1168 792 1556
f 1168 257 792
f 565 1039 297
f 297 1102 566
f 566 1057 297
f 1476 1562 1430
f 1430 669 1476
f 1 903 576
f 1 1419 903
f 142 1419 1
f 1670 142 1
f 1 1355 1670
f 238 157 401
f 401 541 238
f 105 541 487
f 1539 57 246
f 246 1017 1053
f 541 1017 246
f 1394 541 246
f 1290 942 433
f 290 1290 433
f 1404 456 1053
f 484 1213 388
f 71 1213 1394
f 1525 1149 1506
f 1506 1149 968
f 968 91 1506
f 1525 1506 812
f 1159 1506 513
f 1137 968 864
f 513 1506 1137
f 1124 463 530
f 1124 1159 513
f 1593 1120 1213
f 1213 399 1593
f 1593 399 77
f 955 1378 172
f 172 1213 955
f 172 928 1213
f 172 1541 928
f 994 1378 680
f 680 1473 994
f 680 1378 1473
f 46 289 31
f 10 1469 119
f 119 83 10
f 1469 83 119
f 818 83 1622
f 1622 524 818
f 1332 723 904
f 723 404 904
f 1603 1144 1220
f 1220 1144 1332
f 1332 904 1220
f 333 114 1152
f 1152 1000 333
f 1320 1000 1152
f 333 650 758
f 758 650 55
f 496 114 333
f 333 1494 496
f 496 1494 99
f 1094 114 496
f 99 1070 496
f 496 1070 1040
f 356 83 99
f 197 1405 1373
f 1373 1550 197
f 197 1550 1405
f 1101 1436 1373
f 677 940 6
f 6 1190 677
f 1190 1329 677
f 122 1578 986
f 986 294 1118
f 1055 1366 370
f 154 1366 1055
f 1457 419 562
f 363 10 563
f 563 1033 363
f 1033 1326 497
f 628 1527 258
f 258 1006 494
f 1527 1006 258
f 1044 1223 527
f 1044 527 1190
f 1190 940 1044
f 468 472 169
f 169 1156 468
f 1006 1410 169
f 1180 3 169
f 3 1156 169
f 159 1180 169
f 169 1410 159
f 1012 302 494
f 1012 472 302
f 494 1006 1012
f 1006 169 1012
f 1012 169 472
f 1392 237 489
f 223 1392 489
f 489 472 223
f 489 237 403
f 403 302 489
f 302 472 489
f 1493 277 1088
f 907 850 1561
f 907 469 850
f 61 1488 159
f 159 1303 61
f 1302 136 1278
f 1492 1302 782
f 136 1302 1492
f 501 1040 1225
f 1040 1070 1225
f 99 1469 1362
f 1362 1070 99
f 1469 457 1362
f 1351 1353 777
f 1353 1368 777
f 795 1390 1230
f 1230 1641 795
f 1261 1390 795
f 795 1641 1261
f 224 1390 1261
f 1261 815 224
f 1230 1390 224
f 867 1489 1230
f 1230 815 867
f 867 815 1489
f 232 1489 1628
f 556 553 1628
f 314 1368 1353
f 1412 553 556
f 1433 673 975
f 1353 299 1322
f 553 1609 1322
f 1322 888 1353
f 1322 1609 888
f 1261 1641 535
f 132 294 710
f 294 986 710
f 746 253 1573
f 1573 253 1483
f 1483 342 1573
f 342 744 1573
f 689 124 1657
f 1082 1607 503
f 1082 846 1607
f 579 1353 75
f 100 1372 881
f 1254 100 881
f 191 642 582
f 582 881 191
f 191 881 1372
f 1644 205 1138
f 1138 1385 1644
f 595 1387 1659
f 1128 893 1192
f 893 1460 1192
f 1192 399 1128
f 77 399 1192
f 182 577 463
f 182 412 1424
f 1424 577 182
f 193 1594 1021
f 1021 1163 238
f 768 157 238
f 238 1634 768
f 1022 22 939
f 22 1155 939
f 1028 1022 939
f 939 1155 1028
f 1028 22 59
f 59 120 1028
f 1028 120 1112
f 1034 479 1158
f 1034 552 479
f 22 552 1034
f 1158 203 714
f 1288 1122 1468
f 917 186 375
f 375 804 917
f 1325 1057 917
f 917 1483 1325
f 1196 297 1057
f 507 1247 699
f 699 1247 902
f 1247 1325 902
f 902 1325 1483
f 1468 1122 1547
f 956 913 1523
f 1127 1202 1523
f 1297 1127 1523
f 1523 913 1297
f 1309 101 1528
f 1528 1270 1309
f 1528 1547 1270
f 1468 1547 1528
f 64 73 1486
f 1486 872 64
f 259 1426 980
f 1649 175 1287
f 1649 872 1584
f 1287 872 1649
f 875 698 980
f 980 216 875
f 520 698 875
f 875 216 520
f 499 771 872
f 872 1486 499
f 1584 855 264
f 264 1649 1584
f 544 929 343
f 929 377 343
f 244 377 929
f 929 914 244
f 244 1463 1056
f 1056 377 244
f 1438 1463 244
f 244 914 1438
f 595 1300 803
f 1079 1300 791
f 1079 1331 790
f 243 803 790
f 790 1300 1079
f 790 803 1300
f 790 270 243
f 970 259 980
f 92 905 1438
f 20 905 92
f 20 1029 283
f 283 1029 1414
f 1219 243 1545
f 1545 20 1219
f 718 603 1285
f 705 87 1258
f 1258 1677 705
f 689 1657 1207
f 1207 124 988
f 1207 1657 124
f 689 1207 789
f 1004 1636 1252
f 1370 1636 1004
f 519 1172 1157
f 317 1202 242
f 526 792 519
f 1556 792 526
f 742 991 1020
f 60 1296 1145
f 850 469 1517
f 550 623 987
f 708 622 933
f 708 109 1650
f 1145 1197 918
f 918 1197 1418
f 1650 1197 1054
f 1054 708 1650
f 622 708 1054
f 933 622 1054
f 1054 843 933
f 1278 460 1299
f 1259 1676 716
f 716 1048 1259
f 500 125 1614
f 781 411 500
f 411 125 500
f 19 125 329
f 329 125 411
f 411 121 329
f 85 1614 1280
f 1280 125 85
f 1614 125 1280
f 85 1490 995
f 189 708 933
f 109 708 189
f 188 52 1455
f 366 854 188
f 188 189 366
f 861 640 1505
f 1505 1194 861
f 616 1194 1505
f 361 952 1505
f 1481 640 534
f 1481 1660 1031
f 1660 656 1031
f 1138 205 1304
f 1304 1579 1138
f 1304 205 160
f 160 1579 1304
f 837 1194 1147
f 1579 1194 837
f 1138 1579 837
f 1147 1536 837
f 837 609 1138
f 837 1026 609
f 583 1536 1592
f 583 837 1536
f 1026 837 583
f 1045 1374 1178
f 1138 1045 1178
f 1178 1385 1138
f 849 1644 1178
f 161 153 775
f 775 676 161
f 1563 1026 775
f 1026 583 775
f 133 1427 616
f 616 1505 133
f 133 1505 952
f 763 952 361
f 616 1427 1626
f 1627 560 969
f 1627 170 34
f 34 560 1627
f 1246 574 187
f 796 1076 1627
f 796 135 1008
f 1576 135 796
f 1642 210 204
f 204 508 1642
f 999 327 255
f 963 255 327
f 999 255 963
f 199 842 963
f 842 632 963
f 963 1642 199
f 963 327 1642
f 612 632 842
f 703 701 1511
f 1375 881 582
f 1254 881 1375
f 1166 328 806
f 1061 328 1166
f 272 1372 161
f 161 676 272
f 272 676 1314
f 272 191 1372
f 656 1085 863
f 863 1289 1098
f 112 1085 999
f 1061 1289 112
f 112 863 1085
f 1289 863 112
f 1098 1289 1501
f 1427 133 1501
f 1198 328 898
f 898 963 1198
f 999 963 898
f 662 876 8
f 66 876 662
f 8 876 485
f 737 1272 485
f 241 737 485
f 485 385 241
f 485 876 385
f 1073 328 505
f 505 1272 1073
f 582 1272 675
f 675 1272 737
f 383 98 49
f 383 49 1558
f 1558 129 383
f 1559 1072 90
f 1522 782 1242
f 782 1302 1242
f 1242 1302 1278
f 659 1189 938
f 659 604 908
f 659 938 604
f 697 1681 360
f 1183 670 1206
f 1183 1513 670
f 1206 868 1183
f 781 1513 1183
f 720 284 604
f 613 1188 604
f 604 284 613
f 613 284 1188
f 653 1188 773
f 1188 1080 773
f 773 1080 447
f 447 653 773
f 1188 284 832
f 832 1080 1188
f 588 1133 938
f 1259 1048 878
f 878 1048 266
f 266 901 878
f 604 938 481
f 938 1133 481
f 604 983 925
f 983 878 925
f 925 878 901
f 691 229 767
f 767 229 1466
f 1206 1188 547
f 547 229 1206
f 1188 229 547
f 129 1590 325
f 1590 1046 325
f 325 1142 146
f 325 1046 1142
f 206 868 827
f 146 206 827
f 691 11 827
f 827 868 691
f 827 325 146
f 11 325 827
f 1200 511 691
f 766 190 1200
f 691 511 226
f 226 743 691
f 511 743 226
f 129 743 275
f 275 743 511
f 864 797 712
f 1497 615 143
f 143 615 345
f 143 436 1497
f 345 436 143
f 600 147 269
f 600 615 147
f 269 345 600
f 345 615 600
f 1356 664 941
f 664 1017 941
f 941 1017 541
f 941 541 1013
f 1349 731 809
f 809 1400 1349
f 425 731 1349
f 235 425 1349
f 1585 1349 516
f 235 1349 1585
f 1585 516 1297
f 661 1271 425
f 661 425 235
f 235 668 661
f 517 668 235
f 1039 668 517
f 932 559 155
f 762 858 932
f 155 1168 932
f 932 1168 762
f 1263 1014 1605
f 1263 257 603
f 1605 794 1263
f 1263 794 313
f 313 257 1263
f 603 718 1263
f 1285 1014 1263
f 1263 718 1285
f 1297 762 1092
f 1556 1126 884
f 884 1168 1556
f 1542 833 693
f 1203 1542 693
f 693 810 1203
f 1065 833 1542
f 1065 386 1352
f 559 386 1065
f 1542 559 1065
f 847 386 127
f 127 751 847
f 1352 386 847
f 562 994 1251
f 1251 297 562
f 1251 994 565
f 565 297 1251
f 118 1476 669
f 118 669 425
f 425 1271 118
f 1424 412 1108
f 1108 399 1424
f 1108 412 1128
f 1128 399 1108
f 1424 399 451
f 451 399 1213
f 238 541 954
f 954 105 238
f 541 105 954
f 538 105 487
f 538 1192 1460
f 538 1460 193
f 193 105 538
f 1539 246 667
f 456 433 667
f 1053 456 667
f 667 246 1053
f 667 942 1539
f 667 433 942
f 57 1129 17
f 17 246 57
f 17 1129 1394
f 1394 246 17
f 1339 1404 1053
f 664 1445 1470
f 1470 1339 664
f 1404 1339 1470
f 674 388 1213
f 1213 71 674
f 674 1129 484
f 484 388 674
f 1525 812 1611
f 1611 203 1525
f 734 1068 924
f 1366 154 734
f 734 154 287
f 376 924 1347
f 1347 1068 376
f 924 1068 1347
f 513 1137 1328
f 824 1137 592
f 1571 1604 592
f 592 1604 824
f 463 1124 1546
f 824 1604 1546
f 1604 182 1546
f 1546 182 463
f 1546 1137 824
f 1546 1328 1137
f 211 1124 530
f 530 587 211
f 587 1647 211
f 211 1510 1124
f 1647 1510 211
f 347 1378 587
f 347 172 1378
f 587 626 347
f 626 1565 347
f 1565 577 347
f 972 31 1109
f 31 1421 1109
f 927 1033 563
f 83 818 927
f 927 1326 1033
f 563 10 927
f 10 83 927
f 1041 904 1499
f 1499 904 404
f 1499 404 147
f 147 636 1499
f 636 1652 1499
f 1499 1184 1041
f 1499 1652 1184
f 282 1220 904
f 282 1022 1028
f 282 1238 1022
f 1041 1238 282
f 282 904 1041
f 1320 1152 1097
f 1097 1152 114
f 39 1320 1097
f 1097 114 39
f 785 1494 333
f 333 758 785
f 464 1453 55
f 882 1453 1622
f 1622 83 882
f 83 356 882
f 1494 758 828
f 99 1494 828
f 828 758 55
f 55 1453 828
f 828 356 99
f 828 882 356
f 1453 882 828
f 926 1550 1436
f 1436 1589 926
f 1373 1405 1554
f 1554 1101 1373
f 1637 677 1329
f 978 1578 591
f 978 986 1578
f 1479 248 36
f 36 1611 1479
f 203 1611 36
f 36 248 13
f 1479 1611 474
f 55 650 551
f 551 1459 55
f 735 1035 1295
f 735 1589 289
f 735 289 46
f 46 1035 735
f 1484 1118 1055
f 409 1369 230
f 409 654 1369
f 419 654 409
f 230 562 409
f 562 419 409
f 1369 654 139
f 139 1378 1369
f 587 1378 139
f 139 1647 587
f 1338 654 419
f 772 1329 1190
f 1190 931 772
f 931 997 772
f 772 997 638
f 374 76 1580
f 1580 997 374
f 374 997 931
f 1580 76 671
f 1190 527 37
f 37 931 1190
f 37 374 931
f 76 374 37
f 407 1326 10
f 407 497 1326
f 395 302 628
f 628 258 395
f 494 302 395
f 395 258 494
f 515 1044 940
f 515 754 373
f 940 754 515
f 5 673 491
f 1291 1167 1507
f 1507 326 1291
f 859 958 163
f 805 782 1522
f 805 1492 782
f 550 987 1575
f 1575 987 889
f 933 1145 1575
f 1145 1296 1575
f 1575 1296 550
f 639 366 1293
f 1401 1443 1117
f 469 61 1117
f 1117 61 1303
f 1117 1303 1410
f 1117 1410 1527
f 1527 1401 1117
f 1613 1517 1397
f 1599 368 1613
f 889 1517 1613
f 1613 1575 889
f 643 1117 1443
f 643 273 1397
f 136 1492 1222
f 247 136 1222
f 1222 627 247
f 1222 805 627
f 1492 805 1222
f 873 815 1230
f 1230 224 873
f 873 224 815
f 312 314 1353
f 1368 314 245
f 690 1212 486
f 1088 277 486
f 277 690 486
f 673 1212 236
f 236 1212 690
f 236 975 673
f 553 1322 1529
f 1529 1322 299
f 510 1659 844
f 250 844 1239
f 535 844 250
f 1261 535 250
f 250 1134 1261
f 543 1412 1429
f 1429 1412 556
f 556 1628 1429
f 1261 1134 1429
f 1396 1452 1658
f 1658 415 1396
f 1248 589 1675
f 1658 1084 1639
f 1639 1084 32
f 1639 415 1658
f 78 415 1639
f 1121 1573 1205
f 1121 1205 1309
f 1284 510 335
f 335 846 1284
f 113 430 835
f 1007 415 78
f 1249 1082 503
f 689 1319 631
f 631 1319 1091
f 846 1082 631
f 1091 1331 631
f 631 1331 1284
f 1284 846 631
f 413 75 1353
f 1234 100 1254
f 1254 696 1234
f 543 1146 222
f 1368 245 222
f 222 314 543
f 222 245 314
f 1199 777 1661
f 1351 777 1199
f 1239 233 298
f 599 1387 595
f 595 379 599
f 1354 1387 1239
f 1239 1659 1354
f 1354 1659 1387
f 487 77 1049
f 77 1192 1049
f 1049 538 487
f 1192 538 1049
f 928 1541 1214
f 1424 928 1214
f 1214 577 1424
f 1214 347 577
f 89 105 193
f 193 1021 89
f 238 105 89
f 89 1021 238
f 672 221 967
f 967 768 672
f 738 922 672
f 672 768 738
f 738 768 1634
f 738 1634 1107
f 738 256 922
f 738 1107 256
f 156 22 13
f 156 59 22
f 120 59 156
f 110 248 392
f 1112 156 110
f 13 248 110
f 110 156 13
f 1028 1112 930
f 930 282 1028
f 1220 282 930
f 48 551 650
f 1674 1034 1158
f 22 1034 1674
f 22 714 891
f 891 714 203
f 1093 1288 1468
f 1093 804 117
f 1468 726 1093
f 1093 726 804
f 1105 214 1226
f 776 1093 1240
f 1240 1093 117
f 1057 1325 405
f 405 1196 1057
f 562 297 405
f 297 1196 405
f 699 747 426
f 426 507 699
f 1325 507 426
f 426 1457 562
f 747 1457 426
f 892 1282 699
f 699 902 892
f 1586 902 1483
f 825 1549 1468
f 1468 1528 825
f 1432 357 544
f 1432 1224 605
f 544 1056 1432
f 1056 1224 1432
f 906 879 301
f 692 264 855
f 879 521 1624
f 1624 499 879
f 1624 692 855
f 906 1154 72
f 72 1154 478
f 1447 855 1584
f 1447 1624 855
f 499 1624 1447
f 729 499 73
f 544 357 729
f 1310 1486 73
f 73 499 1310
f 1310 499 1486
f 213 178 607
f 607 175 213
f 213 692 506
f 264 692 213
f 175 1649 213
f 1649 264 213
f 544 343 286
f 286 343 377
f 286 1056 544
f 286 377 1056
f 702 510 1284
f 1284 1331 702
f 1091 1319 1341
f 605 909 1341
f 1221 605 1341
f 1341 1319 1221
f 1164 790 1331
f 1164 1341 909
f 1164 909 605
f 1164 1331 1091
f 1091 1341 1164
f 605 270 1164
f 270 790 1164
f 379 970 369
f 369 599 379
f 81 599 369
f 259 970 51
f 177 283 1414
f 1083 283 177
f 1414 1426 177
f 20 283 220
f 220 1219 20
f 220 283 1083
f 1083 1219 220
f 1221 439 104
f 439 1002 104
f 104 309 1221
f 104 1002 309
f 1252 1677 450
f 450 1004 1252
f 988 1365 96
f 96 1207 988
f 1174 789 1105
f 689 789 1174
f 1119 1004 1456
f 597 1202 317
f 597 80 268
f 1391 80 597
f 597 1119 1391
f 557 268 956
f 956 1523 557
f 557 1523 1202
f 1202 597 557
f 557 597 268
f 1512 913 956
f 956 268 1512
f 1512 268 776
f 1512 897 913
f 776 1240 1512
f 1215 420 756
f 756 1172 1215
f 756 1157 1172
f 945 420 1215
f 665 317 840
f 1126 242 1495
f 991 742 1425
f 1425 742 982
f 3 633 1425
f 1425 1156 3
f 1425 982 1156
f 1296 60 761
f 761 1418 578
f 761 578 1399
f 1399 1296 761
f 1397 1517 569
f 569 1517 469
f 569 643 1397
f 469 1117 569
f 1117 643 569
f 1617 1517 889
f 1617 623 201
f 1617 201 850
f 850 1517 1617
f 1617 987 623
f 889 987 1617
f 1515 1418 1145
f 1278 1299 752
f 752 1242 1278
f 145 1242 752
f 1676 1681 620
f 620 716 1676
f 1336 448 1048
f 1048 716 1336
f 580 852 146
f 146 432 580
f 1142 1642 1015
f 1642 1660 1015
f 146 1142 1015
f 1015 432 146
f 280 411 555
f 280 121 411
f 171 19 9
f 121 280 9
f 1490 52 1435
f 1435 995 1490
f 989 188 854
f 1455 109 274
f 109 189 274
f 1537 188 1455
f 189 188 1537
f 1455 274 1537
f 1537 274 189
f 651 371 1071
f 1071 836 651
f 651 1359 371
f 651 300 1359
f 432 1015 585
f 585 1015 1660
f 116 640 300
f 116 534 640
f 1050 1660 1481
f 265 640 1481
f 1481 1031 265
f 1045 609 219
f 609 1026 219
f 219 1026 1563
f 219 1374 1045
f 384 1644 1385
f 1385 1178 384
f 384 1178 1644
f 1563 775 971
f 971 775 153
f 971 219 1563
f 1374 219 971
f 676 775 539
f 1147 165 539
f 539 775 583
f 1592 1147 539
f 539 583 1592
f 1415 1372 100
f 100 753 1415
f 161 1372 1415
f 616 1626 295
f 295 1147 616
f 295 165 1147
f 262 969 610
f 610 969 560
f 1037 969 262
f 262 135 1037
f 1037 135 1576
f 706 574 1246
f 1342 574 706
f 1228 1342 706
f 1246 187 1361
f 1361 187 465
f 170 465 69
f 465 187 69
f 733 730 1653
f 396 508 1458
f 1615 1557 1076
f 1198 963 12
f 12 963 1136
f 1005 471 919
f 1317 963 632
f 632 612 1317
f 1136 963 1317
f 1616 1136 1317
f 1317 612 471
f 471 1005 1317
f 1317 1005 919
f 1317 919 1616
f 701 703 1335
f 166 1314 1061
f 1061 1166 166
f 642 191 866
f 191 272 866
f 866 1166 806
f 866 166 1166
f 1408 112 999
f 1061 112 1408
f 1408 328 1061
f 999 898 1408
f 1408 898 328
f 352 863 1098
f 656 863 352
f 352 1031 656
f 352 265 1031
f 952 763 417
f 8 485 1333
f 1333 485 1272
f 1198 1334 185
f 185 328 1198
f 830 1334 8
f 830 505 1334
f 8 1333 830
f 1272 505 830
f 830 1333 1272
f 1189 90 341
f 341 90 1072
f 310 1242 145
f 349 868 206
f 349 1183 868
f 781 1183 349
f 349 107 781
f 349 206 107
f 1241 481 1133
f 1059 291 284
f 284 720 1059
f 901 291 1059
f 1059 720 604
f 1059 925 901
f 604 925 1059
f 1466 531 1384
f 1384 767 1466
f 1384 531 653
f 691 767 1384
f 129 325 976
f 976 325 11
f 976 743 129
f 11 743 976
f 98 383 421
f 421 383 129
f 129 275 421
f 1462 275 511
f 511 1200 1462
f 1462 1200 190
f 695 1036 63
f 644 427 1058
f 1497 436 281
f 281 1662 1497
f 1009 712 797
f 682 712 1009
f 414 712 682
f 762 1168 1140
f 1140 1092 762
f 1297 1092 1140
f 1129 674 422
f 422 674 71
f 376 1068 1001
f 1001 641 376
f 1068 641 1001
f 1506 1159 131
f 131 641 533
f 131 812 1506
f 131 1611 812
f 376 641 131
f 977 641 1068
f 1068 1611 977
f 293 1124 513
f 513 1328 293
f 1643 1506 91
f 1643 694 1506
f 42 1137 1506
f 1506 694 42
f 666 1510 1461
f 1461 419 666
f 376 131 666
f 1647 654 748
f 748 1510 1647
f 1461 1510 748
f 1159 1124 1518
f 1124 1510 1518
f 1518 131 1159
f 1587 1421 31
f 1023 1589 1436
f 1436 249 1023
f 289 1589 1023
f 1023 249 289
f 1448 1109 1421
f 1421 1587 1448
f 1186 1109 1448
f 972 1109 21
f 21 209 972
f 1621 1130 1227
f 1186 1621 1227
f 1227 1109 1186
f 1227 21 1109
f 1130 21 1227
f 686 1130 1621
f 1186 997 111
f 1232 686 111
f 111 1621 1186
f 111 686 1621
f 1326 927 323
f 1232 927 1099
f 1099 818 524
f 1099 927 818
f 545 758 1494
f 1494 785 545
f 545 785 758
f 1453 464 1204
f 162 441 1204
f 1110 926 1589
f 304 445 745
f 1405 276 1389
f 1389 1554 1405
f 859 163 727
f 727 163 1383
f 540 163 254
f 1383 163 540
f 1101 1554 1524
f 1292 1611 1068
f 1292 474 1611
f 55 1266 1264
f 1264 464 55
f 55 1459 1474
f 1474 1266 55
f 1459 1266 1474
f 972 209 168
f 168 31 972
f 1095 154 1589
f 1589 735 1095
f 287 154 1095
f 1095 735 287
f 1055 370 1125
f 1125 1484 1055
f 122 986 1063
f 1063 370 122
f 1063 986 1118
f 1118 1484 1063
f 1063 1125 370
f 1484 1125 1063
f 699 1578 194
f 198 666 194
f 194 1578 122
f 122 819 194
f 194 819 198
f 410 654 1647
f 1647 139 410
f 410 139 654
f 389 419 1461
f 389 1338 419
f 1580 671 1312
f 1312 671 1326
f 305 671 76
f 305 37 527
f 76 37 305
f 527 1326 305
f 1326 671 305
f 266 1223 974
f 974 1191 266
f 398 754 940
f 277 1493 834
f 212 515 373
f 1044 515 212
f 373 1223 212
f 1223 1044 212
f 629 5 491
f 1088 5 629
f 629 1493 1088
f 443 779 509
f 443 509 430
f 1277 163 958
f 1277 294 132
f 1277 958 294
f 1575 1613 406
f 406 1613 368
f 406 368 514
f 908 639 564
f 639 1293 564
f 366 189 288
f 288 1293 366
f 288 189 933
f 1397 273 886
f 886 1613 1397
f 886 643 1443
f 273 643 886
f 886 1443 1599
f 1599 1613 886
f 351 1628 1489
f 351 1429 1628
f 44 815 1261
f 1489 815 44
f 44 1311 1489
f 543 314 957
f 314 312 957
f 1619 1412 543
f 543 957 1619
f 1619 957 312
f 1619 1609 553
f 553 1412 1619
f 888 1609 62
f 1609 1619 62
f 62 1619 312
f 1294 299 579
f 1294 984 299
f 770 1480 1489
f 770 1489 232
f 299 984 736
f 553 1529 998
f 232 1628 321
f 321 1628 553
f 510 844 29
f 29 844 535
f 29 1641 113
f 29 535 1641
f 94 1659 1239
f 1239 844 94
f 94 844 1659
f 1257 250 1239
f 1239 298 1257
f 1257 298 1237
f 100 1234 1161
f 41 250 621
f 1134 250 41
f 509 1396 890
f 890 1396 415
f 430 509 890
f 1452 1396 1086
f 1086 1396 163
f 1047 1248 1675
f 1675 86 1047
f 1047 710 986
f 986 1248 1047
f 132 710 1047
f 746 1248 857
f 857 1248 986
f 801 1639 32
f 936 1639 801
f 1477 1066 132
f 132 1047 1477
f 1477 1047 86
f 1658 1066 1477
f 1477 1084 1658
f 504 717 739
f 504 38 717
f 988 717 1306
f 717 38 1306
f 1306 1365 988
f 1306 1630 1365
f 1114 584 732
f 1534 584 1114
f 1309 936 1472
f 1472 1121 1309
f 746 1573 346
f 1573 1121 346
f 1114 739 1451
f 846 335 721
f 721 335 510
f 510 29 721
f 721 29 113
f 658 835 430
f 7 721 113
f 1111 1243 1351
f 896 1234 696
f 896 1161 1234
f 1533 696 1254
f 1533 896 696
f 1382 896 1533
f 1351 1243 979
f 979 1353 1351
f 979 413 1353
f 570 777 1368
f 1368 1380 570
f 372 1178 1374
f 1574 599 81
f 81 369 1574
f 980 205 1574
f 1574 970 980
f 1574 369 970
f 1535 1208 1245
f 1387 599 1245
f 1239 1387 1245
f 1245 233 1239
f 205 1644 47
f 47 1540 205
f 1308 1208 1535
f 1535 43 1308
f 339 221 1013
f 339 967 221
f 1013 541 339
f 813 1112 120
f 120 156 813
f 813 156 1112
f 1465 110 392
f 1112 110 1465
f 392 1266 1465
f 1465 1266 1459
f 1496 359 1603
f 1603 1220 1496
f 1262 48 292
f 292 48 650
f 292 532 1262
f 292 650 333
f 1603 532 292
f 333 1603 292
f 1631 714 22
f 22 1674 1631
f 917 804 1519
f 804 726 1519
f 260 1226 214
f 1105 1226 841
f 207 405 1325
f 1325 426 207
f 1483 253 88
f 88 1586 1483
f 1365 1630 95
f 45 1064 95
f 95 1064 214
f 95 214 1105
f 1345 1432 605
f 357 1432 1345
f 309 1002 845
f 845 24 309
f 1002 24 845
f 1591 1624 521
f 692 1624 1591
f 1600 879 906
f 1600 521 879
f 771 499 1062
f 499 1447 1062
f 544 729 1283
f 1283 729 73
f 1283 914 544
f 1283 73 64
f 64 914 1283
f 499 729 554
f 554 729 916
f 879 499 554
f 554 916 879
f 108 1659 510
f 510 702 108
f 595 1659 108
f 108 1300 595
f 108 791 1300
f 108 702 1331
f 380 970 379
f 380 51 970
f 1011 709 259
f 51 380 1011
f 93 1219 1083
f 1083 177 93
f 93 177 1426
f 1677 1456 1235
f 1235 450 1677
f 1456 1004 1235
f 1004 450 1235
f 786 789 1207
f 1207 96 786
f 1105 789 786
f 786 96 1105
f 689 1174 722
f 722 1174 831
f 722 87 689
f 722 1258 87
f 722 831 1258
f 1004 1119 285
f 285 597 317
f 1119 597 285
f 787 1512 1240
f 1016 945 1215
f 1215 442 1016
f 1016 442 106
f 590 442 1454
f 1454 318 590
f 590 318 317
f 106 442 590
f 1504 665 1281
f 665 840 1281
f 317 318 1350
f 1350 840 317
f 1551 242 1126
f 1551 296 242
f 1145 1418 240
f 1145 918 823
f 823 1515 1145
f 555 107 340
f 340 580 555
f 340 107 852
f 852 580 340
f 364 19 171
f 364 836 19
f 171 9 1153
f 1153 9 280
f 52 188 1530
f 1530 1435 52
f 740 522 1614
f 854 1513 740
f 740 989 854
f 534 116 1503
f 1481 534 1503
f 1503 1050 1481
f 1503 116 300
f 215 585 1660
f 1660 1050 215
f 432 585 215
f 1050 1503 215
f 361 1505 348
f 265 352 348
f 348 1505 640
f 640 265 348
f 1572 1374 1437
f 1374 971 1437
f 1437 753 100
f 100 1161 1437
f 676 539 1413
f 1427 1501 1413
f 1289 676 1413
f 1413 1501 1289
f 23 539 165
f 23 1413 539
f 161 1415 208
f 208 1415 753
f 208 153 161
f 208 753 153
f 315 34 170
f 170 69 315
f 1060 1653 730
f 1076 1557 1060
f 467 1458 730
f 467 733 471
f 467 730 733
f 1629 1615 1076
f 1629 796 1008
f 1076 796 1629
f 1198 12 1177
f 1177 12 1136
f 1616 1198 1177
f 1177 1136 1616
f 1254 1375 1582
f 1511 1254 1582
f 1582 703 1511
f 1582 1335 703
f 701 1335 1582
f 874 887 937
f 1375 334 1640
f 1640 1582 1375
f 593 1582 1640
f 1440 546 915
f 1440 915 887
f 582 675 1595
f 1595 675 737
f 408 1543 630
f 324 1543 887
f 324 334 1375
f 324 1595 1543
f 324 1375 582
f 582 1595 324
f 806 642 278
f 278 866 806
f 642 866 278
f 150 133 952
f 952 417 150
f 150 1501 133
f 1067 417 763
f 1098 1501 1067
f 1067 352 1098
f 400 174 66
f 66 1100 400
f 66 662 1337
f 1337 1100 66
f 1334 505 594
f 594 185 1334
f 594 505 328
f 328 185 594
f 1618 310 145
f 1681 697 1618
f 492 90 1189
f 1189 659 492
f 1242 310 492
f 492 659 908
f 1133 588 1313
f 1313 70 1133
f 316 70 1259
f 1133 70 316
f 481 1241 14
f 14 983 604
f 604 481 14
f 14 1241 878
f 14 878 983
f 715 1384 653
f 691 1384 715
f 103 421 275
f 275 1462 103
f 98 421 103
f 1467 1036 635
f 1467 63 1036
f 635 1042 1467
f 1042 63 1467
f 1286 1042 704
f 1286 63 1042
f 802 436 644
f 644 1058 802
f 802 1058 436
f 436 1058 440
f 440 1058 427
f 440 281 436
f 427 414 440
f 440 414 281
f 1316 414 682
f 1662 281 1316
f 281 414 1316
f 1168 884 851
f 851 1140 1168
f 851 884 1126
f 533 1611 728
f 728 131 533
f 1611 131 728
f 1328 1546 649
f 649 293 1328
f 649 1546 1124
f 1124 293 649
f 1510 666 320
f 419 1457 1645
f 1645 666 419
f 764 666 198
f 376 666 764
f 1256 1518 1510
f 131 1518 1256
f 1510 320 1256
f 1256 666 131
f 1256 320 666
f 1253 445 677
f 677 1587 1253
f 336 1587 31
f 336 31 289
f 289 249 336
f 677 1637 829
f 829 1637 1186
f 1186 1448 829
f 829 1587 677
f 1232 111 793
f 793 111 997
f 1151 1637 1329
f 1475 1151 856
f 1637 1151 1475
f 1069 927 1232
f 1069 323 927
f 1069 793 997
f 1580 323 1069
f 1069 997 1580
f 1635 1204 464
f 1346 1099 524
f 1232 1099 1346
f 1346 524 1622
f 1346 1204 686
f 1346 686 1232
f 1622 1453 1346
f 1453 1204 1346
f 1055 1550 354
f 354 154 1055
f 1550 926 354
f 926 1110 354
f 1589 154 354
f 354 1110 1589
f 1101 727 657
f 657 727 1383
f 657 745 1101
f 1383 745 657
f 1077 540 304
f 1383 540 1077
f 304 745 1077
f 1077 745 1383
f 294 958 473
f 1524 473 218
f 218 473 958
f 218 727 1101
f 1101 1524 218
f 474 990 1406
f 1406 248 1479
f 1479 474 1406
f 1406 951 248
f 1422 1406 990
f 458 735 1295
f 1608 990 474
f 474 1292 1608
f 1608 1292 1068
f 1150 1035 46
f 46 31 1150
f 31 168 1150
f 571 924 376
f 895 819 571
f 122 370 571
f 571 819 122
f 571 734 924
f 376 764 571
f 571 764 895
f 571 370 1366
f 1366 734 571
f 418 819 895
f 198 819 418
f 1461 748 1171
f 1171 389 1461
f 943 754 811
f 943 974 754
f 1191 974 943
f 1051 1223 373
f 1051 974 1223
f 373 754 1051
f 754 974 1051
f 940 677 1409
f 1409 398 940
f 677 398 1409
f 677 445 65
f 65 398 677
f 65 462 811
f 811 462 424
f 1632 540 254
f 765 1493 1167
f 765 834 1493
f 1167 1291 765
f 765 1291 326
f 1003 326 266
f 1003 765 326
f 254 163 137
f 163 1386 137
f 619 561 900
f 430 619 900
f 900 443 430
f 163 1396 123
f 123 1386 163
f 774 406 514
f 514 910 774
f 774 805 1522
f 1522 406 774
f 910 627 774
f 627 805 774
f 1522 1242 428
f 428 406 1522
f 30 492 908
f 1242 492 30
f 1293 288 1348
f 1348 288 933
f 933 1575 1348
f 1348 406 303
f 1575 406 1348
f 1489 1311 1567
f 1567 351 1489
f 1311 608 1567
f 1429 351 1567
f 1261 1429 1567
f 1567 608 1261
f 1261 608 817
f 817 44 1261
f 817 608 1311
f 1311 44 817
f 888 62 953
f 953 62 312
f 1353 888 953
f 953 312 1353
f 984 1294 1323
f 784 770 232
f 232 321 784
f 784 321 299
f 1480 770 784
f 299 736 784
f 231 1529 299
f 299 321 231
f 231 998 1529
f 553 998 231
f 231 321 553
f 621 250 429
f 250 1257 429
f 429 1257 1237
f 1237 1521 429
f 911 1429 1134
f 1134 41 911
f 15 1306 38
f 455 584 1502
f 584 1534 1502
f 446 949 1534
f 446 1534 1114
f 1141 713 584
f 1141 1444 1560
f 1141 548 1444
f 1639 548 1141
f 78 1639 1141
f 936 801 719
f 719 1472 936
f 746 346 1195
f 589 1248 1195
f 846 721 1648
f 1607 846 1648
f 721 7 1648
f 113 835 130
f 130 7 113
f 455 228 1327
f 1327 228 961
f 961 1181 1327
f 1327 584 455
f 750 228 455
f 455 1502 750
f 750 1502 1534
f 624 961 946
f 624 1181 961
f 1403 1181 415
f 415 1007 1403
f 1249 750 498
f 498 750 1534
f 985 865 821
f 821 124 689
f 988 124 821
f 821 865 988
f 1082 985 821
f 689 631 821
f 821 631 1082
f 4 985 1082
f 1273 1111 1351
f 1351 1199 1273
f 1273 1199 1382
f 1442 1199 1661
f 1075 1146 543
f 1075 1442 1146
f 1075 896 1382
f 621 429 860
f 860 429 1521
f 896 1075 860
f 860 1075 543
f 543 1429 860
f 1429 911 860
f 860 41 621
f 860 911 41
f 528 1654 1382
f 1382 1533 528
f 1243 1111 1668
f 82 979 1243
f 413 979 82
f 115 1644 849
f 849 1106 115
f 2 298 233
f 2 372 1374
f 2 1374 1572
f 1572 1237 2
f 1237 298 2
f 849 1178 1531
f 1178 372 1531
f 1208 1106 523
f 523 1106 849
f 1535 1245 1388
f 1388 1245 599
f 1388 43 1535
f 1123 1574 205
f 205 1540 1123
f 1540 43 1123
f 599 1574 1123
f 1123 1388 599
f 43 1388 1123
f 1450 43 1540
f 1450 1308 43
f 1112 1465 1423
f 1423 1465 1459
f 1459 551 1423
f 551 48 1423
f 1220 930 1671
f 1671 1496 1220
f 423 260 1122
f 1122 1288 423
f 885 1226 1381
f 885 841 1226
f 1667 186 1102
f 897 1512 459
f 1585 897 459
f 235 1585 459
f 562 405 367
f 405 207 367
f 367 426 562
f 367 207 426
f 164 95 1105
f 1365 95 164
f 1105 96 164
f 164 96 1365
f 966 1345 605
f 357 1345 966
f 605 309 966
f 309 357 966
f 350 1002 1393
f 350 24 1002
f 350 357 309
f 309 24 350
f 1498 729 357
f 916 729 1498
f 357 350 1498
f 879 916 1498
f 899 853 1623
f 1623 816 899
f 1623 853 391
f 53 1252 899
f 899 816 53
f 53 1677 1252
f 53 381 1677
f 906 301 387
f 607 178 964
f 964 478 607
f 614 378 692
f 906 72 306
f 306 1600 906
f 378 614 306
f 306 614 1600
f 709 575 681
f 1426 259 681
f 259 709 681
f 681 93 1426
f 1219 93 102
f 595 962 102
f 102 379 595
f 102 962 243
f 259 51 1236
f 1236 1011 259
f 51 1011 1236
f 1267 724 1019
f 1267 1456 1677
f 1512 787 40
f 40 787 375
f 40 375 186
f 317 242 184
f 184 590 317
f 242 296 184
f 1418 761 1321
f 1321 240 1418
f 555 580 700
f 700 280 555
f 300 651 1553
f 1553 1503 300
f 760 580 432
f 760 700 580
f 432 215 760
f 188 989 687
f 687 1530 188
f 781 500 606
f 606 1513 781
f 606 740 1513
f 522 740 606
f 1614 522 606
f 606 500 1614
f 85 995 921
f 921 1614 85
f 1078 971 153
f 1078 1437 971
f 153 753 1078
f 753 1437 1078
f 477 1626 1427
f 1427 1413 477
f 1413 23 477
f 144 1060 1557
f 1653 1060 144
f 396 1458 1358
f 1458 467 1358
f 701 1582 344
f 344 1582 593
f 408 546 453
f 546 1440 453
f 453 1440 887
f 529 737 241
f 529 1595 737
f 334 324 1526
f 1501 150 1132
f 1132 150 417
f 1132 1067 1501
f 417 1067 1132
f 648 1067 763
f 352 1067 648
f 648 763 361
f 648 348 352
f 97 662 8
f 97 1337 662
f 549 1618 697
f 310 1618 549
f 145 752 1417
f 1417 1618 145
f 1259 878 880
f 880 316 1259
f 766 1200 1672
f 1672 653 766
f 1672 715 653
f 691 715 1672
f 1672 1200 691
f 202 704 200
f 202 1286 704
f 63 1286 1165
f 1516 414 427
f 1297 1140 26
f 1140 851 26
f 26 1495 242
f 26 1127 1297
f 1126 1495 26
f 26 851 1126
f 26 1202 1127
f 26 242 1202
f 870 194 666
f 445 1253 1379
f 1379 1253 1587
f 1587 336 1379
f 1344 1475 856
f 1344 856 638
f 638 997 1344
f 1232 793 1343
f 1343 1069 1232
f 793 1069 1343
f 1176 1264 1266
f 1204 1635 1176
f 1406 1422 1193
f 944 686 441
f 1130 686 944
f 944 441 162
f 1295 209 1217
f 1217 458 1295
f 287 735 475
f 735 458 475
f 1520 943 811
f 1191 943 1520
f 18 445 304
f 18 65 445
f 1673 65 811
f 437 1673 754
f 65 1673 437
f 462 65 1357
f 1010 462 1357
f 1357 18 304
f 65 18 1357
f 67 462 1010
f 67 424 462
f 1010 834 67
f 266 424 362
f 254 137 1633
f 1633 137 779
f 779 443 1633
f 757 443 1439
f 443 900 1439
f 181 1038 757
f 192 1038 181
f 277 834 181
f 755 443 757
f 757 1038 755
f 1446 428 1242
f 1242 30 1446
f 1446 30 454
f 908 564 1446
f 1446 564 1293
f 303 406 869
f 406 428 869
f 1216 30 908
f 454 30 1216
f 908 1446 1216
f 1216 1446 454
f 1597 1323 1294
f 1480 784 480
f 480 784 736
f 1548 1610 1500
f 1500 647 1548
f 835 658 1500
f 1500 798 647
f 430 798 1500
f 1500 658 430
f 1566 838 1249
f 1309 45 1275
f 1275 15 1309
f 678 936 1309
f 948 353 678
f 713 353 1081
f 1081 353 948
f 1081 732 584
f 584 713 1081
f 949 446 996
f 1082 1249 996
f 1249 949 996
f 27 1141 1560
f 713 1141 27
f 1472 719 1491
f 1669 86 1675
f 1675 1491 1669
f 1669 1491 719
f 1276 1248 746
f 746 1195 1276
f 1276 1195 1248
f 1485 750 1249
f 961 228 1485
f 228 750 1485
f 1434 1327 1181
f 1181 1403 1434
f 1032 949 1249
f 1249 498 1032
f 1534 949 1032
f 1032 498 1534
f 1211 4 1451
f 1211 1451 739
f 1211 865 985
f 985 4 1211
f 739 717 1211
f 1211 717 988
f 988 865 1211
f 1451 4 1229
f 1114 1451 1229
f 1229 446 1114
f 1229 4 1082
f 1082 996 1229
f 1229 996 446
f 1111 1273 252
f 579 75 1514
f 179 1442 1661
f 1146 1442 179
f 1661 777 179
f 777 570 179
f 179 222 1146
f 179 570 1380
f 1368 222 179
f 179 1380 1368
f 1030 1075 1382
f 1442 1075 1030
f 1382 1199 1030
f 1199 1442 1030
f 1170 860 1521
f 896 860 1170
f 1572 1437 1170
f 1161 896 1170
f 1170 1437 1161
f 1170 1237 1572
f 1170 1521 1237
f 1602 1668 1111
f 1243 1668 183
f 183 82 1243
f 233 1245 1420
f 1420 2 233
f 1208 523 1279
f 1279 1245 1208
f 1279 1420 1245
f 372 2 1279
f 2 1420 1279
f 1112 1423 449
f 449 1423 48
f 449 930 1112
f 449 48 1262
f 449 1096 930
f 1496 1096 449
f 359 1496 449
f 1226 260 1231
f 260 423 1231
f 841 885 1596
f 1596 885 1381
f 769 1667 1102
f 769 297 235
f 1102 297 769
f 227 1667 769
f 769 459 227
f 235 459 769
f 826 350 1393
f 1677 381 826
f 1393 1002 826
f 826 1002 439
f 826 439 705
f 705 1677 826
f 1656 826 381
f 350 826 1656
f 879 1498 1532
f 1532 301 879
f 1532 778 301
f 16 1154 906
f 391 1154 16
f 16 1623 391
f 1679 53 816
f 381 53 1679
f 816 387 1679
f 1679 387 381
f 906 387 877
f 877 387 816
f 877 16 906
f 816 1623 877
f 1623 16 877
f 506 1090 1441
f 178 213 1441
f 1441 213 506
f 1441 964 178
f 1569 1090 506
f 378 1090 1569
f 506 692 1569
f 692 378 1569
f 692 1591 279
f 279 614 692
f 279 1591 521
f 521 614 279
f 521 1600 319
f 319 614 521
f 1600 614 319
f 711 306 72
f 711 72 478
f 478 964 711
f 378 306 711
f 964 1441 711
f 575 102 871
f 871 681 575
f 93 681 871
f 871 102 93
f 243 1219 1638
f 1638 102 243
f 1219 102 1638
f 1381 1226 1135
f 1288 1093 807
f 1509 196 1089
f 1391 1119 1509
f 1119 196 1509
f 171 700 180
f 180 364 171
f 700 760 180
f 1503 1553 1464
f 1464 215 1503
f 1464 760 215
f 364 180 390
f 390 180 760
f 760 1464 645
f 1435 1530 495
f 1530 687 495
f 495 687 989
f 995 1435 495
f 495 921 995
f 740 921 495
f 989 740 495
f 567 740 1614
f 1614 921 567
f 567 921 740
f 1131 874 937
f 937 402 1131
f 1131 402 490
f 887 1543 1330
f 1330 453 887
f 1330 1543 408
f 408 453 1330
f 1595 529 308
f 1543 1595 308
f 308 630 1543
f 338 324 887
f 338 1526 324
f 8 1334 79
f 79 97 8
f 63 1165 1210
f 572 893 1128
f 572 1024 893
f 893 1024 518
f 200 893 518
f 518 202 200
f 1286 202 518
f 1025 1516 1367
f 414 1516 1025
f 1307 618 1367
f 1664 1516 427
f 666 1645 1143
f 1143 870 666
f 602 1457 747
f 602 747 699
f 699 194 602
f 1436 1101 225
f 225 249 1436
f 225 336 249
f 225 1379 336
f 947 1176 1266
f 947 1266 392
f 392 1193 947
f 947 1193 1422
f 1139 1193 392
f 392 248 1139
f 248 951 1139
f 1407 21 1130
f 1130 944 1407
f 209 21 1407
f 56 458 990
f 287 475 56
f 56 1608 1068
f 990 1608 56
f 56 734 287
f 1068 734 56
f 1191 1520 950
f 266 1191 950
f 950 424 266
f 811 424 950
f 950 1520 811
f 811 754 35
f 35 1673 811
f 754 1673 35
f 754 398 749
f 749 437 754
f 598 1357 304
f 304 540 598
f 1010 1357 598
f 598 540 1010
f 1632 54 586
f 540 1632 586
f 1010 540 586
f 586 834 1010
f 586 54 834
f 912 1003 266
f 266 362 912
f 912 362 1003
f 1416 362 424
f 1003 362 1416
f 1416 1052 1003
f 1003 1052 358
f 834 765 358
f 765 1003 358
f 192 181 1175
f 834 54 1175
f 1175 181 834
f 303 869 416
f 416 1348 303
f 1293 1348 416
f 416 869 428
f 416 1446 1293
f 428 1446 416
f 617 1597 1294
f 617 1294 466
f 617 466 690
f 617 690 1568
f 946 961 1104
f 1548 647 663
f 741 1249 503
f 741 1566 1249
f 45 95 1376
f 1376 1275 45
f 1360 678 1309
f 1309 15 1360
f 1360 15 38
f 783 678 353
f 732 1081 58
f 58 739 1114
f 1114 732 58
f 1324 624 946
f 1324 33 624
f 624 33 25
f 25 33 430
f 430 890 25
f 483 252 1273
f 1382 1654 483
f 483 1273 1382
f 1654 528 483
f 483 528 1533
f 483 1533 1254
f 75 382 525
f 525 1514 75
f 579 1514 1570
f 1570 701 579
f 1511 701 1570
f 1111 252 488
f 488 1602 1111
f 252 525 488
f 488 525 382
f 1677 1258 1318
f 841 1596 1116
f 1552 1656 381
f 1552 387 301
f 301 778 1552
f 778 1656 1552
f 1478 1498 350
f 1478 1532 1498
f 350 1656 1478
f 1478 1656 778
f 778 1532 1478
f 84 1441 1090
f 84 711 1441
f 1381 1135 1402
f 1402 1135 724
f 1402 1596 1381
f 724 1596 1402
f 1019 724 1588
f 1588 1135 1019
f 217 807 1093
f 1089 807 217
f 1288 807 684
f 684 1135 1288
f 1019 1135 684
f 435 807 1089
f 1089 196 435
f 1018 1119 1456
f 1019 461 1018
f 1456 1267 1018
f 1018 1267 1019
f 1162 1553 651
f 1162 390 760
f 760 645 1162
f 1162 1464 1553
f 1162 645 1464
f 490 402 1244
f 1640 490 1244
f 593 1640 1244
f 1128 412 780
f 780 572 1128
f 1024 572 780
f 573 1165 1286
f 1286 518 573
f 1620 1210 1165
f 1367 1516 1268
f 1268 1307 1367
f 194 870 646
f 646 602 194
f 158 225 1101
f 1379 225 158
f 1101 745 158
f 158 745 445
f 445 1379 158
f 1201 947 1422
f 1201 1422 990
f 990 458 1201
f 458 1217 1201
f 1217 1407 1201
f 1555 1217 209
f 209 1407 1555
f 1555 1407 1217
f 981 475 458
f 458 56 981
f 1431 1104 961
f 1538 1104 1431
f 838 1566 601
f 1548 140 1363
f 1363 1610 1548
f 140 601 1363
f 1363 601 1566
f 936 678 134
f 678 783 134
f 739 58 128
f 128 504 739
f 252 483 502
f 502 1254 1511
f 502 483 1254
f 1677 1318 355
f 355 1267 1677
f 724 1267 355
f 1298 1116 1596
f 1105 841 1298
f 841 1116 1298
f 1258 831 1298
f 1298 1174 1105
f 831 1174 1298
f 493 1552 381
f 387 1552 493
f 724 1135 311
f 311 1588 724
f 1135 1588 311
f 1666 461 1019
f 1019 684 1666
f 799 1018 461
f 799 196 1119
f 1119 1018 799
f 434 780 412
f 434 182 1571
f 412 182 434
f 1571 592 434
f 434 592 1137
f 434 1137 864
f 434 1664 427
f 864 1367 434
f 1367 618 434
f 1024 780 993
f 780 434 993
f 993 434 427
f 427 1210 993
f 1210 1620 993
f 993 1620 1612
f 1680 518 1024
f 1680 573 518
f 444 1407 944
f 444 1201 1407
f 947 1201 444
f 1176 947 444
f 1204 1176 444
f 162 1204 444
f 444 944 162
f 141 56 475
f 475 981 141
f 141 981 56
f 1538 1431 1665
f 1665 663 1538
f 1548 663 1665
f 393 58 1081
f 393 128 58
f 1027 502 1511
f 234 1318 1596
f 234 355 1318
f 234 1596 724
f 724 355 234
f 381 387 1260
f 1260 493 381
f 387 493 1260
f 1395 993 1612
f 573 993 1395
f 1165 573 1395
f 1511 1570 1471
f 1471 1027 1511
f 1258 1298 1103
f 1103 1318 1258
f 1103 1298 1596
f 1596 1318 1103
f 942 992 1670
f 1290 992 942
f 809 731 669
f 581 1598 669
f 669 731 425
f 669 1598 809
f 1419 142 1185
f 1419 862 934
f 1185 862 1419
f 1663 431 1148
f 788 537 1663
f 1663 1265 788
f 537 431 1663
f 903 1265 1663
f 230 1369 1378
f 1378 994 230
f 193 1173 923
f 1250 1578 536
f 536 1578 699
f 660 1463 905
f 1545 660 905
f 138 1115 28
f 28 1233 138
f 28 894 1233
f 725 894 28
f 568 263 1
f 1 576 568
f 263 1355 1
f 487 1120 1593
f 1593 77 487
f 496 1305 1094
f 1040 1305 496
f 1561 1488 61
f 61 907 1561
f 469 907 61
f 501 1225 1362
f 1362 457 501
f 1362 1225 1070
f 577 1565 626
f 577 626 463
f 182 1604 1571
f 1583 151 1021
f 1021 1594 1583
f 1021 151 1163
f 507 1325 1247
f 243 962 803
f 803 962 595
f 92 1029 20
f 1438 1029 92
f 261 982 742
f 1020 261 742
f 1054 1197 271
f 1054 271 843
f 291 901 447
f 447 1080 291
f 291 832 284
f 1080 832 291
f 941 221 672
f 672 1356 941
f 1013 221 941
f 1349 1411 920
f 74 1646 1349
f 920 516 1349
f 1349 1400 74
f 1349 1646 1182
f 1182 1411 1349
f 517 297 1039
f 235 297 517
f 127 386 932
f 1087 127 932
f 932 858 1087
f 932 386 559
f 847 1065 1352
f 847 1043 810
f 751 1043 847
f 810 693 847
f 847 693 833
f 833 1065 847
f 118 668 1562
f 1271 661 118
f 1562 1476 118
f 118 661 668
f 1213 928 451
f 451 928 1424
f 1339 1017 664
f 1053 1017 1339
f 1377 290 1470
f 1470 1625 1377
f 1470 1445 1625
f 290 433 1470
f 1470 433 456
f 456 1404 1470
f 1033 497 407
f 10 363 407
f 407 363 1033
f 486 1212 673
f 486 5 1088
f 673 5 486
f 172 347 1214
f 1541 172 1214
f 891 36 13
f 13 22 891
f 203 36 891
f 897 1585 1297
f 1297 913 897
f 825 1573 744
f 825 808 1549
f 825 101 1205
f 1205 1573 825
f 744 808 825
f 825 1528 101
f 1425 1160 991
f 633 1160 1425
f 9 329 121
f 19 329 9
f 1037 796 1627
f 1627 969 1037
f 1576 796 1037
f 152 965 1361
f 239 1255 1361
f 1361 965 1228
f 1361 1255 152
f 1361 465 239
f 1228 706 1361
f 1361 706 1246
f 1314 166 866
f 866 272 1314
f 422 71 1394
f 1394 1129 422
f 977 1611 533
f 533 641 977
f 968 1137 42
f 42 91 968
f 42 1643 91
f 694 1643 42
f 441 686 1204
f 1326 323 1312
f 1312 323 1580
f 1507 1167 629
f 629 491 1507
f 1167 1493 629
f 1433 975 1294
f 579 1433 1294
f 1294 236 690
f 690 466 1294
f 975 236 1294
f 1086 1066 1658
f 1658 1452 1086
f 132 1066 1086
f 1086 1277 132
f 163 1277 1086
f 857 978 591
f 857 591 746
f 986 978 857
f 541 401 339
f 339 401 157
f 157 768 339
f 768 967 339
f 1631 1674 1158
f 1158 714 1631
f 1519 1483 917
f 1468 342 1519
f 1519 342 1483
f 1519 726 1468
f 260 1547 1122
f 1309 1270 260
f 214 1064 260
f 1270 1547 260
f 260 45 1309
f 260 1064 45
f 88 253 1169
f 1169 1282 88
f 1282 892 88
f 88 892 902
f 902 1586 88
f 872 771 1062
f 1584 872 1062
f 1062 1447 1584
f 1079 791 108
f 108 1331 1079
f 285 317 665
f 285 331 1370
f 665 331 285
f 1370 1004 285
f 117 804 787
f 787 1240 117
f 804 375 787
f 1350 853 899
f 1350 899 1504
f 391 853 1350
f 1350 1172 391
f 1215 1172 1350
f 1350 442 1215
f 1350 318 1454
f 1454 442 1350
f 1504 1281 1350
f 1350 1281 840
f 1418 1515 823
f 823 918 1418
f 262 610 315
f 315 187 574
f 315 1342 262
f 560 34 315
f 315 574 1342
f 315 610 560
f 315 69 187
f 1060 204 210
f 1060 1458 508
f 1060 210 1076
f 730 1458 1060
f 508 204 1060
f 1313 1676 1259
f 938 1189 1313
f 1313 1072 1676
f 1189 341 1313
f 1313 588 938
f 1313 341 1072
f 1259 70 1313
f 766 1581 103
f 103 1462 190
f 103 1581 49
f 49 98 103
f 103 190 766
f 1316 1009 797
f 797 1662 1316
f 682 1009 1316
f 829 1448 1587
f 1151 772 638
f 1329 772 1151
f 638 856 1151
f 276 294 473
f 473 1524 1554
f 473 1389 276
f 1554 1389 473
f 859 727 218
f 218 958 859
f 1295 1035 1150
f 1150 209 1295
f 1150 168 209
f 418 764 198
f 895 764 418
f 1171 748 654
f 654 1338 1171
f 1338 389 1171
f 779 137 123
f 123 1396 509
f 509 779 123
f 123 137 1386
f 1450 47 1644
f 1208 1308 1450
f 1450 1106 1208
f 1540 47 1450
f 1644 115 1450
f 1450 115 1106
f 1671 1096 1496
f 930 1096 1671
f 102 575 709
f 709 1011 102
f 102 380 379
f 102 1011 380
f 186 1667 40
f 40 459 1512
f 40 1667 227
f 227 459 40
f 420 945 184
f 184 756 420
f 519 1157 184
f 184 1126 1556
f 184 526 519
f 1556 526 184
f 1157 756 184
f 106 590 184
f 184 1016 106
f 945 1016 184
f 184 1551 1126
f 296 1551 184
f 1321 761 60
f 1321 60 1145
f 1145 240 1321
f 171 1153 700
f 700 1153 280
f 477 295 1626
f 165 295 477
f 477 23 165
f 1187 733 144
f 144 135 1187
f 1008 135 144
f 733 1653 144
f 144 1629 1008
f 1557 1615 144
f 1615 1629 144
f 1358 842 396
f 1358 612 842
f 471 612 1358
f 1358 467 471
f 361 348 648
f 360 1559 549
f 549 697 360
f 1559 90 549
f 90 492 549
f 549 492 310
f 1417 460 448
f 1681 1618 1417
f 1417 620 1681
f 448 1336 1417
f 1417 1299 460
f 1417 1336 716
f 1417 752 1299
f 716 620 1417
f 878 1241 880
f 880 1241 1133
f 1133 316 880
f 1186 1637 1344
f 1344 997 1186
f 1637 1475 1344
f 464 1264 1176
f 1176 1635 464
f 757 1439 181
f 181 561 277
f 181 900 561
f 181 1439 900
f 589 1195 1491
f 1675 589 1491
f 1121 1472 1491
f 1491 346 1121
f 1491 1195 346
f 1669 801 32
f 32 1084 1669
f 1084 1477 1669
f 1669 1477 86
f 1669 719 801
f 1434 1141 584
f 1434 1007 78
f 78 1141 1434
f 584 1327 1434
f 1434 1403 1007
f 1279 1531 372
f 849 1531 1279
f 1279 523 849
f 449 532 1603
f 1262 532 449
f 1603 359 449
f 1135 423 1288
f 1226 1231 1135
f 1135 1231 423
f 915 546 308
f 241 915 308
f 308 546 408
f 408 630 308
f 308 529 241
f 887 874 338
f 874 1131 338
f 338 1640 334
f 338 490 1640
f 334 1526 338
f 338 1131 490
f 79 50 174
f 126 50 79
f 79 1334 126
f 174 400 79
f 79 400 1100
f 1100 1337 79
f 1337 97 79
f 1210 427 644
f 644 695 1210
f 695 63 1210
f 1025 1367 864
f 864 712 1025
f 712 414 1025
f 1406 1193 1139
f 951 1406 1139
f 65 437 749
f 398 65 749
f 358 67 834
f 358 1416 424
f 424 67 358
f 1052 1416 358
f 1175 1632 254
f 443 755 1175
f 254 1633 1175
f 1175 1038 192
f 1175 54 1632
f 1175 1633 443
f 1175 755 1038
f 617 736 984
f 1568 1489 617
f 1489 1480 617
f 1480 480 617
f 984 1323 617
f 1323 1597 617
f 617 480 736
f 1376 95 1630
f 1630 1306 1376
f 1306 15 1376
f 15 1275 1376
f 430 33 1324
f 1324 798 430
f 946 1104 1324
f 647 798 1324
f 1324 663 647
f 1324 1104 1538
f 1538 663 1324
f 415 1181 25
f 25 890 415
f 1181 624 25
f 75 413 488
f 413 82 488
f 488 183 1668
f 488 382 75
f 1668 1602 488
f 82 183 488
f 378 711 84
f 84 1090 378
f 776 268 217
f 217 80 1391
f 217 1093 776
f 268 80 217
f 1391 1509 217
f 217 1509 1089
f 836 364 1162
f 1162 651 836
f 364 390 1162
f 701 344 1244
f 937 701 1244
f 1244 344 593
f 1244 402 937
f 646 1143 1645
f 646 1645 1457
f 870 1143 646
f 1457 602 646
f 1607 1648 1363
f 503 1607 1363
f 1363 1500 1610
f 835 1500 1363
f 1363 1648 7
f 1363 130 835
f 7 130 1363
f 1363 741 503
f 1566 741 1363
f 134 548 1639
f 134 1639 936
f 1560 1444 134
f 134 27 1560
f 1444 548 134
f 134 353 713
f 713 27 134
f 134 783 353
f 799 435 196
f 807 435 799
f 799 684 807
f 461 1666 799
f 799 1666 684
f 434 1268 1516
f 618 1307 434
f 1516 1664 434
f 1307 1268 434
f 1680 993 573
f 1024 993 1680
f 1665 140 1548
f 1249 838 1665
f 961 1485 1665
f 1665 1485 1249
f 1665 1431 961
f 838 601 1665
f 1665 601 140
f 393 1360 38
f 38 504 393
f 948 678 393
f 393 1081 948
f 678 1360 393
f 504 128 393
f 1612 1620 1395
f 1395 1620 1165
f 1514 525 1471
f 1471 525 252
f 1471 1570 1514
f 252 502 1471
f 502 1027 1471

