# https://github.com/mikedh/trimesh
v 0.03591158 0.00772810 0.02891896
v 0.03161955 0.00533755 0.02951889
v 0.03985102 0.02533461 0.00235684
v 0.03064399 0.02079613 0.02161883
v 0.00048652 0.00534719 0.02949038
v 0.03676805 0.01715788 0.02403280
v 0.02382195 0.00901693 0.02860992
v 0.03815475 0.01307287 0.02448275
v 0.00803535 0.01139820 0.02774298
v 0.03623469 0.02230043 0.01983103
v 0.00283398 0.00247702 0.02988933
v 0.03774142 0.01415480 0.02452340
v 0.02905262 0.02906695 0.00739769
v 0.00045018 0.01321736 0.02689972
v 0.03607331 0.01824889 0.02366668
v 0.04100020 0.00723639 0.02275184
v 0.03827422 0.02730913 0.00389334
v 0.03886425 0.01981327 0.01802655
v 0.01030781 0.00154945 0.02995938
v 0.03591816 0.01541717 0.02566975
v 0.03696994 0.00110756 0.02930459
v 0.03639395 0.00546621 0.02925372
v 0.03933904 0.02123600 0.01524631
v 0.04042265 0.02381071 0.00643084
v 0.00428975 0.00304592 0.02982394
v 0.00411408 0.01547840 0.02568849
v 0.00503519 0.01572319 0.02554268
v 0.02930314 0.02577965 0.01533448
v 0.00435531 0.00217527 0.02991747
v 0.03894695 0.02658168 0.00223637
v 0.04150020 0.02220782 0.00077128
v 0.03671711 0.02955901 0.00092317
v 0.03572090 0.00146957 0.02992916
v 0.03840971 0.01809951 0.02057045
v 0.03784135 0.00682724 0.02733438
v 0.00008337 0.00323805 0.02978866
v 0.03485379 0.01947313 0.02281564
v 0.02819507 0.00329194 0.02981466
v 0.02483914 0.00317274 0.02982658
v 0.00151336 0.00034877 0.02998165
v 0.03676460 0.01675021 0.02430612
v 0.03579482 0.01418530 0.02638359
v 0.03015414 0.02469161 0.01702741
v 0.00740553 0.00003446 0.02999954
v 0.03651767 0.02155575 0.02041319
v 0.03736638 0.02548652 0.01346419
v 0.03539921 0.02980076 0.00345389
v 0.03632468 0.00331550 0.02960504
v 0.04026405 0.01934644 0.01564936
v 0.04100020 0.00964563 0.02174907
v 0.03698393 0.02731482 0.01062946
v 0.03954284 0.01614441 0.02020852
v 0.03236166 0.02831549 0.00990190
v 0.03093284 0.02823965 0.01012440
v 0.03785099 0.02259241 0.01681642
v 0.04069592 0.00284125 0.02413052
v 0.03551862 0.00038376 0.02999354
v 0.03669725 0.00607584 0.02893729
v 0.03675229 0.00923928 0.02806272
v 0.03734136 0.01488755 0.02471693
v 0.02901362 0.02868383 0.00877051
v 0.03584678 0.00795750 0.02886621
v 0.03615645 0.00380399 0.02961495
v 0.03714136 0.02799997 0.00804367
v 0.03582628 0.00149825 0.02990793
v 0.03123040 0.02979293 0.00351829
v 0.03501930 0.00255911 0.02989004
v 0.03465351 0.02464851 0.01708477
v 0.00947027 0.00699158 0.02916906
v 0.00443696 0.00378688 0.02973263
v 0.00926029 0.00710603 0.02914504
v 0.04100020 0.00001630 0.02138141
v 0.00488635 0.01383282 0.02661643
v 0.03634672 0.01636870 0.02487483
v 0.03591435 0.02594045 0.01492840
v 0.03644679 0.02881853 0.00736169
v 0.03484619 0.02975298 0.00381288
v 0.03315419 0.02831754 0.00989934
v 0.03469673 0.01168909 0.02762973
v 0.01640881 0.00847039 0.02877890
v 0.03036587 0.02683120 0.01341992
v 0.00572083 0.01143335 0.02772801
v 0.00489710 0.01213959 0.02741484
v 0.00688261 0.01476856 0.02611241
v 0.01122266 0.00941199 0.02848461
v 0.00785807 0.00243011 0.02990134
v 0.03765769 0.02762171 0.00672077
v 0.02795085 0.02183274 0.02056858
v 0.03542693 0.02823578 0.01013701
v 0.03372889 0.02773563 0.01141497
v 0.02503024 0.01791408 0.02406864
v 0.03642073 0.02935819 0.00481333
v 0.02156525 0.01180839 0.02757831
v 0.00162053 0.00932569 0.02850303
v 0.03934823 0.00827202 0.02477958
v 0.00362566 0.00802762 0.02889790
v 0.03560484 0.02460367 0.01713444
v 0.03624699 0.02537361 0.01569359
v 0.03722690 0.01293017 0.02597259
v 0.03853227 0.01509724 0.02267360
v 0.00160420 0.00750450 0.02903191
v 0.03820258 0.00482554 0.02726137
v 0.03409433 0.02036548 0.02202723
v 0.03660780 0.02839718 0.00846579
v 0.03738629 0.01586981 0.02403185
v 0.00093991 0.00178282 0.02992244
v 0.00470933 0.00870133 0.02870521
v 0.03021453 0.02680134 0.01347895
v 0.03665607 0.02471678 0.01629905
v 0.03622458 0.02984819 0.00070097
v 0.04150020 0.00022872 0.01766619
v 0.03615805 0.02080931 0.02143566
v 0.01522197 0.00449249 0.02965465
v 0.01563722 0.00152842 0.02996068
v 0.04149944 0.00745954 0.01897396
v 0.02239433 0.01812299 0.02391414
v 0.03848416 0.00985040 0.02546404
v 0.03576008 0.01861751 0.02347252
v 0.04070245 0.02391442 0.00420789
v 0.01870579 0.00216870 0.02992013
v 0.00771624 0.01390978 0.02657937
v 0.03644801 0.02550466 0.01528111
v 0.03642193 0.00015776 0.02975866
v 0.03063552 0.02866283 0.00884033
v 0.03500306 0.00336678 0.02980776
v 0.03523118 0.00162133 0.02995551
v 0.03972692 0.02465710 0.00693610
v 0.04007238 0.01347351 0.02122331
v 0.03639682 0.01631248 0.02488462
v 0.03685802 0.02537273 0.01492991
v 0.02880339 0.01061755 0.02805243
v 0.01835363 0.01479386 0.02609871
v 0.03975537 0.02196738 0.01308347
v 0.03162136 0.02898557 0.00769873
v 0.03753088 0.00996964 0.02681022
v 0.03789665 0.00485699 0.02767994
v 0.03913421 0.02464517 0.00951814
v 0.04038706 0.01199995 0.02159408
v 0.03557097 0.02903290 0.00751680
v 0.01908016 0.01625428 0.02521273
v 0.03616080 0.02987010 0.00082254
v 0.03041947 0.02998677 0.00046863
v 0.00640703 0.00943367 0.02847744
v 0.03341916 0.02768957 0.01153000
v 0.03628061 0.02019882 0.02192276
v 0.03727724 0.00443042 0.02860374
v 0.03429001 0.02840612 0.00963627
v 0.03951175 0.02344462 0.01102109
v 0.00645482 0.00844027 0.02878679
v 0.00025163 0.01711196 0.02100000
v 0.00479508 0.01460380 0.02620230
v 0.00074651 0.00515833 0.02952984
v 0.03647981 0.01591730 0.02509215
v 0.03522634 0.02945103 0.00565663
v 0.03933734 0.02542232 0.00609771
v 0.03251920 0.02045608 0.02194549
v 0.03626887 0.00896511 0.02844433
v 0.03598970 0.00771130 0.02890536
v 0.00099763 0.01391322 0.02657199
v 0.03701393 0.00245714 0.02919314
v 0.03548923 0.00921340 0.02854888
v 0.03680385 0.02950204 0.00042728
v 0.03339944 0.02748441 0.01201484
v 0.02919742 0.02994250 0.00182291
v 0.03650897 0.02866299 0.00780350
v 0.04093162 0.00682334 0.02297251
v 0.00788841 0.00143635 0.02996502
v 0.03651755 0.00227223 0.02961025
v 0.02788319 0.02139694 0.02102476
v 0.03686999 0.02639564 0.01301239
v 0.03714305 0.02908227 0.00157089
v 0.02694197 0.01799796 0.02400458
v 0.03621952 0.00473401 0.02947468
v 0.00000024 0.00353893 0.02975209
v 0.03528266 0.02712338 0.01279281
v 0.04063428 0.01111531 0.02168790
v 0.03558123 0.02494301 0.01664736
v 0.02537177 0.01494676 0.02601105
v 0.03840423 0.02741310 0.00029663
v 0.03588465 0.00089473 0.02992628
v 0.00161471 0.01773944 0.02418428
v 0.03584468 0.02890192 0.00787667
v 0.03191167 0.02995068 0.00172371
v 0.04046083 0.02371157 0.00660636
v 0.03666745 0.02313405 0.01845487
v 0.00299064 0.01770902 0.02420955
v 0.03913252 0.01644607 0.02068348
v 0.03078196 0.02042179 0.02197749
v 0.00002962 0.00552649 0.02795712
v 0.02684251 0.00859651 0.02874144
v 0.03759010 0.02846374 0.00176126
v 0.04038681 0.02456376 0.00272353
v 0.03781444 0.01407620 0.02445385
v 0.03664954 0.01132846 0.02737502
v 0.02522758 0.01801743 0.02399136
v 0.03071049 0.02683513 0.01341181
v 0.02367273 0.01819723 0.02385593
v 0.03749000 0.02843513 0.00357789
v 0.03666270 0.00058237 0.02960265
v 0.03655638 0.00172341 0.02961319
v 0.01887719 0.01794316 0.02404828
v 0.04100020 0.00333612 0.02353618
v 0.03379571 0.01490193 0.02603680
v 0.03672204 0.00058274 0.02955482
v 0.03616467 0.00801714 0.02875978
v 0.04019963 0.00042335 0.02496779
v 0.02924174 0.02543905 0.01588304
v 0.03730218 0.02551791 0.01358723
v 0.03238266 0.02674875 0.01358346
v 0.00383624 0.00716206 0.02913030
v 0.01881183 0.00088429 0.02998034
v 0.00404672 0.01135045 0.02775674
v 0.00883587 0.01601481 0.02536693
v 0.02949765 0.02603132 0.01491689
v 0.03070128 0.02677571 0.01352977
v 0.03534466 0.02985488 0.00290437
v 0.03126847 0.02811293 0.01047036
v 0.03653584 0.02794080 0.01003519
v 0.03654930 0.02107166 0.02089832
v 0.03737938 0.02855835 0.00378829
v 0.03708072 0.01154092 0.02684020
v 0.03446701 0.02411036 0.01785000
v 0.03716313 0.02474206 0.01532057
v 0.00481312 0.01481987 0.02608302
v 0.01022250 0.00946992 0.02846593
v 0.03966230 0.01600958 0.02010890
v 0.02539603 0.01185921 0.02755603
v 0.00141272 0.01798033 0.02401500
v 0.03558616 0.02830987 0.00991262
v 0.03631494 0.02147293 0.02065537
v 0.03931026 0.01482150 0.02157512
v 0.03754171 0.01794434 0.02225464
v 0.03596711 0.02953477 0.00481087
v 0.03458786 0.00866666 0.02872078
v 0.00569786 0.00488415 0.02959827
v 0.00250779 0.00579197 0.02940865
v 0.03359516 0.02986612 0.00276226
v 0.03549272 0.02844234 0.00952429
v 0.03836964 0.02739879 0.00174421
v 0.03457932 0.01511177 0.02591471
v 0.02943220 0.02922872 0.00674033
v 0.03600238 0.00307825 0.02975606
v 0.03365017 0.02994781 0.00176929
v 0.01570814 0.01729667 0.02450153
v 0.03954238 0.01588751 0.02041036
v 0.03958982 0.02509788 0.00597630
v 0.04085022 0.00098842 0.02405371
v 0.04007254 0.02448297 0.00571929
v 0.03416369 0.02733803 0.01233026
v 0.03925256 0.00231711 0.02614802
v 0.03620330 0.00512714 0.02941213
v 0.03792310 0.02522442 0.01231506
v 0.04060053 0.02427860 0.00265456
v 0.03531180 0.00194272 0.02993592
v 0.03644224 0.02296468 0.01888819
v 0.03708469 0.01234995 0.02645935
v 0.03724301 0.02767832 0.00864070
v 0.00370179 0.00817782 0.02885689
v 0.03955027 0.00991455 0.02388087
v 0.02862976 0.02050440 0.02190007
v 0.02814998 0.01189839 0.02753876
v 0.00472849 0.00033358 0.02999187
v 0.03554469 0.02508004 0.01645433
v 0.03644454 0.02515927 0.01587937
v 0.03780368 0.02297265 0.01640646
v 0.00392023 0.00945599 0.02846844
v 0.03708549 0.02387864 0.01680173
v 0.03720961 0.01205724 0.02641060
v 0.03960985 0.01913707 0.01725937
v 0.03149962 0.02994651 0.00178097
v 0.04099063 0.02361923 0.00351529
v 0.03685064 0.02816550 0.00858611
v 0.03889957 0.02463225 0.01038393
v 0.03657292 0.00960316 0.02806453
v 0.02921618 0.02809427 0.00003405
v 0.04150020 0.01085646 0.01776334
v 0.04048589 0.01917030 0.01538455
v 0.02612251 0.01794395 0.02404587
v 0.03114637 0.02823408 0.01014019
v 0.03396987 0.00925848 0.02853457
v 0.00000080 0.01623236 0.02341555
v 0.03766930 0.01768351 0.02224416
v 0.02486386 0.00402219 0.02972165
v 0.03531574 0.02966852 0.00437915
v 0.03756895 0.00654081 0.02779275
v 0.03612654 0.02625558 0.01426578
v 0.00305677 0.00097848 0.02997120
v 0.00778961 0.00137154 0.02996682
v 0.03530953 0.02982637 0.00322356
v 0.03589487 0.00195022 0.02987275
v 0.03652488 0.02689939 0.01255650
v 0.00739380 0.00494813 0.02958909
v 0.03777706 0.01665292 0.02283893
v 0.03576708 0.02073353 0.02163799
v 0.00623420 0.00819811 0.02885493
v 0.03664501 0.00343832 0.02940838
v 0.03716020 0.00518413 0.02864262
v 0.03590514 0.02967499 0.00392376
v 0.04052554 0.01708989 0.01758995
v 0.03592034 0.02658359 0.01377465
v 0.03547819 0.02536233 0.01602159
v 0.03545729 0.00068400 0.02998588
v 0.03806491 0.00142485 0.02783902
v 0.03216216 0.00149954 0.02996225
v 0.03705390 0.02414471 0.01647811
v 0.00413579 0.00299123 0.02983043
v 0.03895951 0.02197526 0.01509190
v 0.03950026 0.00806919 0.00001434
v 0.03784762 0.00828441 0.02692605
v 0.03434840 0.00258753 0.02988796
v 0.03720104 0.00343634 0.02884910
v 0.00766233 0.00253247 0.02989063
v 0.00803362 0.00130591 0.02996859
v 0.03913995 0.02259082 0.01368706
v 0.03692480 0.01249801 0.02658045
v 0.01635161 0.00848779 0.02877359
v 0.03569487 0.02741659 0.01214225
v 0.00006978 0.01206861 0.02744126
v 0.03806948 0.01705105 0.02204484
v 0.03723295 0.02899317 0.00076547
v 0.03712201 0.01445621 0.02532105
v 0.04030252 0.01157872 0.02196793
v 0.04088663 0.01278760 0.02033536
v 0.04048591 0.01689052 0.01785669
v 0.00833900 0.01598366 0.02538679
v 0.00577515 0.01755431 0.02432055
v 0.03690926 0.02032033 0.02124293
v 0.03862677 0.02612612 0.00724236
v 0.03737421 0.01822259 0.02232104
v 0.03559143 0.02574780 0.01537240
v 0.03802608 0.02687653 0.00759595
v 0.03869403 0.02410214 0.01221063
v 0.03463191 0.02923573 0.00670558
v 0.02948156 0.02813404 0.01041515
v 0.03622972 0.01002572 0.02809847
v 0.03996233 0.02340582 0.00956110
v 0.03267494 0.02757391 0.01181874
v 0.03837091 0.02353315 0.01414979
v 0.02800020 0.02752418 0.00049279
v 0.00880673 0.01161159 0.02766080
v 0.03893451 0.00958369 0.02490828
v 0.04044371 0.00261653 0.02449430
v 0.00002083 0.00809260 0.02885165
v 0.03811265 0.02149153 0.01765419
v 0.03685092 0.02763720 0.01017720
v 0.03162537 0.01022973 0.02820066
v 0.01379092 0.00493730 0.02959086
v 0.03561471 0.02623579 0.01452520
v 0.03730898 0.00824740 0.02770203
v 0.00086796 0.00725026 0.02909779
v 0.00410506 0.01171193 0.02761561
v 0.03581517 0.01654349 0.02496314
v 0.03571247 0.01094271 0.02790337
v 0.03671153 0.00289352 0.02942559
v 0.03938616 0.02110067 0.01532268
v 0.03737414 0.01042444 0.02686148
v 0.03551959 0.01321771 0.02692219
v 0.03959033 0.01410475 0.02160175
v 0.03702123 0.00646368 0.02855465
v 0.00456139 0.00784953 0.02894839
v 0.02913294 0.02768278 0.01154482
v 0.03465899 0.02995836 0.00148054
v 0.03648043 0.00713042 0.02886058
v 0.04150020 0.00938914 0.01829456
v 0.03686024 0.02903221 0.00491980
v 0.03429052 0.02670755 0.01366352
v 0.00622144 0.01596153 0.02540038
v 0.03906797 0.02023409 0.01712803
v 0.00378499 0.00131199 0.02996389
v 0.03982677 0.01548826 0.02022227
v 0.00483386 0.01462813 0.02618903
v 0.03927563 0.02609426 0.00263449
v 0.03497671 0.02224303 0.02011794
v 0.04096214 0.02362337 0.00375348
v 0.03269594 0.02818654 0.01027322
v 0.00014896 0.00073189 0.02995817
v 0.03963915 0.01952438 0.01676284
v 0.03628871 0.02532151 0.01574528
v 0.04082316 0.01518517 0.01873433
v 0.03297880 0.00355754 0.02978621
v 0.01542286 0.00505332 0.02957090
v 0.00049350 0.01632801 0.02514828
v 0.00218280 0.01787623 0.02409182
v 0.02466294 0.01867522 0.02348048
v 0.03992589 0.02293408 0.01077864
v 0.04100020 0.02133970 0.01061931
v 0.03441278 0.02809518 0.01051594
v 0.01555393 0.00708795 0.02914993
v 0.04090246 0.02391801 0.00213166
v 0.03519384 0.02984817 0.00298579
v 0.03619663 0.01940597 0.02269459
v 0.03537675 0.02960868 0.00478033
v 0.03903226 0.02206470 0.01477956
v 0.03616992 0.02113920 0.02109986
v 0.03685668 0.02936887 0.00206839
v 0.00534536 0.00964054 0.02840298
v 0.03894064 0.02036266 0.01724451
v 0.03540362 0.00943895 0.02847498
v 0.03992228 0.00084642 0.02533301
v 0.03744179 0.02116142 0.01942516
v 0.03822139 0.00318659 0.02747953
v 0.00010816 0.00776277 0.02894735
v 0.03619204 0.01874711 0.02323106
v 0.00265494 0.00214992 0.02991382
v 0.00472126 0.01132322 0.02776875
v 0.02922207 0.02638879 0.01426012
v 0.03616494 0.02850750 0.00887495
v 0.03525836 0.02663659 0.01379415
v 0.04150020 0.00202110 0.00015556
v 0.03031922 0.02999801 0.00007231
v 0.00385370 0.01536216 0.02575772
v 0.04031430 0.00087796 0.02479604
v 0.04091287 0.00950011 0.02202985
v 0.04003360 0.02344807 0.00921037
v 0.04095057 0.01324046 0.01994981
v 0.03651729 0.01902392 0.02281221
v 0.02955446 0.02349763 0.01864629
v 0.03961215 0.02574489 0.00073728
v 0.00369250 0.01731389 0.02448228
v 0.04016005 0.02483980 0.00300501
v 0.03550794 0.02765433 0.01161764
v 0.03974327 0.02405385 0.00873455
v 0.03680188 0.02816355 0.00872731
v 0.03594038 0.02903918 0.00726178
v 0.03969113 0.01626614 0.01984508
v 0.03640403 0.00791027 0.02868165
v 0.03697225 0.01192966 0.02678857
v 0.03596042 0.02787704 0.01086983
v 0.00999367 0.00685836 0.02919707
v 0.04068955 0.01809932 0.01620968
v 0.03702888 0.00690507 0.02845450
v 0.03021289 0.02803295 0.01067000
v 0.02923971 0.02996195 0.00131377
v 0.03545895 0.01977688 0.02254727
v 0.03206302 0.02045442 0.02194704
v 0.03488826 0.01689826 0.02477841
v 0.03277597 0.00494860 0.02958910
v 0.03534815 0.00490449 0.02959564
v 0.00225825 0.00206717 0.02991794
v 0.04010450 0.01218503 0.02193356
v 0.00499168 0.00240318 0.02990352
v 0.00940132 0.01614082 0.02528435
v 0.04061908 0.01501529 0.01922724
v 0.04100020 0.01857330 0.01492096
v 0.03517960 0.02342772 0.01871848
v 0.02944586 0.02817586 0.01030111
v 0.04075147 0.00742603 0.02304779
v 0.02329082 0.01806934 0.02395379
v 0.03527779 0.00329185 0.02981556
v 0.00008750 0.00838935 0.02876672
v 0.03542188 0.02807465 0.01056766
v 0.00474964 0.00175995 0.02994512
v 0.03132404 0.00519047 0.02954720
v 0.01175329 0.01132318 0.02777401
v 0.03737595 0.01636239 0.02371336
v 0.02933650 0.02998404 0.00055391
v 0.00226120 0.00954585 0.02843154
v 0.03145204 0.02753319 0.01190904
v 0.03850103 0.02714581 0.00271376
v 0.00006624 0.01793285 0.02100000
v 0.04100020 0.00010253 0.02330792
v 0.03627881 0.02494254 0.01633706
v 0.03617822 0.02667462 0.01341167
v 0.03707897 0.02911265 0.00245465
v 0.04079965 0.01914523 0.01471921
v 0.03244006 0.02915549 0.00706672
v 0.03745102 0.02562332 0.01295463
v 0.00254667 0.01540507 0.02573057
v 0.03106274 0.02604539 0.01489653
v 0.03554906 0.02762292 0.01168701
v 0.03569631 0.02802880 0.01061431
v 0.03018207 0.00000722 0.02999998
v 0.03867678 0.00507765 0.02656056
v 0.04079949 0.00244512 0.02401901
v 0.00168086 0.00008365 0.02998865
v 0.03638824 0.01149111 0.02747169
v 0.04150020 0.00027748 0.01822243
v 0.02978961 0.00176465 0.02994760
v 0.03570908 0.02964698 0.00436644
v 0.04084613 0.02175778 0.01033087
v 0.03164663 0.02999789 0.00007639
v 0.03485536 0.01537458 0.02575860
v 0.00012045 0.01776942 0.02415894
v 0.03607086 0.00787085 0.02883279
v 0.03943126 0.02513686 0.00669965
v 0.04035478 0.02100805 0.01310252
v 0.00415742 0.00005367 0.02999729
v 0.03694444 0.02922675 0.00283827
v 0.03774451 0.02730305 0.00749019
v 0.03791370 0.02808199 0.00030381
v 0.03777247 0.00591217 0.02765090
v 0.03434311 0.00152616 0.02996077
v 0.03829510 0.01419425 0.02362068
v 0.04150020 0.02091496 0.00746843
v 0.03473909 0.01180276 0.02758116
v 0.03655232 0.01508555 0.02555330
v 0.03730180 0.00715477 0.02800745
v 0.03594603 0.01949631 0.02271670
v 0.03700544 0.00057357 0.02929408
v 0.03918678 0.00586113 0.02568773
v 0.03638712 0.02027580 0.02178705
v 0.04100020 0.00003095 0.02233933
v 0.04100020 0.02372458 0.00031437
v 0.03653111 0.02346029 0.01818718
v 0.03645449 0.00215930 0.02965458
v 0.03566688 0.02459235 0.01713516
v 0.03739328 0.02743471 0.00873004
v 0.03505601 0.02770673 0.01148777
v 0.03932744 0.02339042 0.01170657
v 0.00821725 0.00965876 0.02839826
v 0.03491939 0.00496185 0.02958681
v 0.04029412 0.01386251 0.02060797
v 0.03004847 0.00704299 0.02916107
v 0.02896727 0.02992934 0.00127306
v 0.03406884 0.02833813 0.00984121
v 0.03508906 0.00678184 0.02921749
v 0.02436558 0.00066088 0.02998654
v 0.03266467 0.02288058 0.01940177
v 0.04100020 0.01185959 0.02057273
v 0.03790055 0.02267824 0.01659225
v 0.03492576 0.02603813 0.01489464
v 0.01838518 0.01624352 0.02521965
v 0.03765853 0.00020217 0.02842694
v 0.00061316 0.01348943 0.02677157
v 0.04150020 0.00011622 0.00074475
v 0.01039717 0.00004516 0.02999969
v 0.04100020 0.02270586 0.00014277
v 0.03550377 0.01364688 0.02671320
v 0.04046300 0.02371097 0.00659706
v 0.02639062 0.01968645 0.02263112
v 0.04076156 0.02415984 0.00104454
v 0.04023600 0.00696797 0.02391674
v 0.00060418 0.01347632 0.02677774
v 0.03941682 0.02142761 0.01478563
v 0.03721441 0.00147889 0.02899273
v 0.03092952 0.00026907 0.02999702
v 0.03715640 0.02183264 0.01926026
v 0.00466226 0.00044083 0.02998925
v 0.02916364 0.02915188 0.00708276
v 0.03064952 0.02498470 0.01660263
v 0.03704703 0.02052072 0.02085183
v 0.04064846 0.00959248 0.02238521
v 0.02882293 0.02414618 0.01779368
v 0.03546136 0.00242501 0.02990000
v 0.03639007 0.01254397 0.02698550
v 0.02958935 0.02833204 0.00983892
v 0.03085326 0.02795970 0.01085344
v 0.04073504 0.02273166 0.00841731
v 0.00345302 0.00987339 0.02831134
v 0.03711997 0.02712170 0.01070127
v 0.03613812 0.01170528 0.02748937
v 0.03641168 0.02826588 0.00929744
v 0.03640075 0.01336842 0.02660014
v 0.03045499 0.02869331 0.00874577
v 0.03654205 0.01293427 0.02671036
v 0.04070496 0.02234753 0.00945212
v 0.03682146 0.02126815 0.02040035
v 0.03572195 0.02230360 0.02002624
v 0.03950031 0.00114307 0.00010895
v 0.01292083 0.00965908 0.02840013
v 0.03674197 0.02880993 0.00649347
v 0.03499663 0.02399359 0.01800130
v 0.04049360 0.01920932 0.01531720
v 0.02451554 0.01858882 0.02354926
v 0.00464828 0.00742854 0.02906121
v 0.03708404 0.00907415 0.02775689
v 0.03816155 0.02262189 0.01606021
v 0.03553458 0.02967688 0.00430386
v 0.03361756 0.01680434 0.02484374
v 0.03755360 0.01981353 0.02058784
v 0.02933274 0.02747419 0.01203523
v 0.03711439 0.01708289 0.02364558
v 0.02979641 0.02690045 0.01327085
v 0.04096873 0.00895392 0.02217745
v 0.03542603 0.02381428 0.01822992
v 0.02921847 0.02949386 0.00545170
v 0.03601036 0.00562999 0.02937259
v 0.00104082 0.01574140 0.02552767
v 0.03414117 0.01496801 0.02599890
v 0.03948847 0.02160590 0.01434658
v 0.03721792 0.02075437 0.02028318
v 0.03666917 0.02120190 0.02064956
v 0.03705408 0.01541280 0.02485072
v 0.03440368 0.02996514 0.00123977
v 0.00445123 0.01630335 0.02517081
v 0.03504052 0.01652152 0.02504010
v 0.02495603 0.01790230 0.02407731
v 0.04100020 0.02374016 0.00172473
v 0.03060803 0.02917366 0.00699147
v 0.03645613 0.02787259 0.01034426
v 0.04068048 0.01658653 0.01777057
v 0.03519112 0.01470329 0.02614748
v 0.04100020 0.00436342 0.02337546
v 0.03409027 0.02046458 0.02193687
v 0.03541350 0.00098047 0.02997764
v 0.00122449 0.01638662 0.02511000
v 0.03591372 0.02414447 0.01770848
v 0.03700774 0.02616796 0.01315630
v 0.03524627 0.02957395 0.00501320
v 0.03673552 0.01479932 0.02556704
v 0.03833312 0.01817796 0.02064041
v 0.03780600 0.00507577 0.02776802
v 0.01397814 0.00109453 0.02997451
v 0.03804940 0.01305210 0.02465836
v 0.03376183 0.02503190 0.01653308
v 0.00352564 0.00170706 0.02994519
v 0.03005416 0.02812800 0.01043184
v 0.03685452 0.01808294 0.02323404
v 0.01374036 0.00968898 0.02838970
v 0.01874954 0.00295421 0.02984826
v 0.03731744 0.02883719 0.00173601
v 0.00003154 0.01494983 0.02597547
v 0.04150020 0.01930802 0.00004267
v 0.01874626 0.00911662 0.02857816
v 0.04078666 0.00692989 0.02314928
v 0.02932457 0.00013940 0.02999953
v 0.03635797 0.02847087 0.00870987
v 0.03565365 0.02892601 0.00790562
v 0.03505797 0.00537253 0.02951282
v 0.03699593 0.00434461 0.02898093
v 0.02908502 0.02794825 0.01088121
v 0.03738990 0.02635699 0.01158837
v 0.03272388 0.02754152 0.01189162
v 0.01593582 0.01782468 0.02413268
v 0.03720662 0.02221378 0.01871109
v 0.03216622 0.01473873 0.02612849
v 0.03508819 0.01563477 0.02560270
v 0.03724227 0.00825510 0.02779408
v 0.03701847 0.00785475 0.02820108
v 0.02642145 0.00201044 0.02993141
v 0.04095681 0.00351389 0.02366074
v 0.03369048 0.02885128 0.00819524
v 0.03942895 0.00831760 0.02464830
v 0.04150020 0.00686193 0.01903148
v 0.03419877 0.00870621 0.02870848
v 0.03667319 0.00348622 0.02938196
v 0.00372625 0.01002204 0.02825611
v 0.03612416 0.01694864 0.02460016
v 0.04088239 0.01678648 0.01720224
v 0.03970766 0.02194826 0.01325068
v 0.03584215 0.01868489 0.02340033
v 0.01944004 0.00251176 0.02989438
v 0.01307248 0.01165297 0.02764454
v 0.03686600 0.02941825 0.00120178
v 0.04100020 0.02294689 0.00018311
v 0.03664091 0.00885855 0.02826411
v 0.04006037 0.01187991 0.02217888
v 0.03308158 0.02999732 0.00009643
v 0.04150020 0.01397226 0.01601980
v 0.03695851 0.01765592 0.02343193
v 0.03631404 0.00065402 0.02979570
v 0.00001650 0.01448772 0.02624069
v 0.03485000 0.02994394 0.00181863
v 0.03492562 0.01169568 0.02762692
v 0.04150020 0.02241258 0.00116628
v 0.03604839 0.01591338 0.02531485
v 0.00936705 0.00834927 0.02881466
v 0.01204367 0.01745833 0.02438914
v 0.03557632 0.02991959 0.00203805
v 0.03729158 0.02562169 0.01343104
v 0.03555680 0.00313972 0.02982807
v 0.03671339 0.01243264 0.02681402
v 0.03030608 0.00935429 0.02850414
v 0.03681101 0.01044222 0.02756657
v 0.03759935 0.01674545 0.02307190
v 0.03519419 0.02823323 0.01014411
v 0.03618664 0.01442218 0.02613382
v 0.00229037 0.01378879 0.02663320
v 0.03977942 0.01554464 0.02026141
v 0.04098378 0.02145180 0.01053172
v 0.03640260 0.02555908 0.01523317
v 0.03611352 0.02984704 0.00140823
v 0.03678540 0.01613109 0.02469605
v 0.03713196 0.02910008 0.00150698
v 0.02861176 0.02220525 0.02016932
v 0.00400043 0.00100308 0.02997361
v 0.02932360 0.02554190 0.01571998
v 0.03706707 0.02733012 0.01035671
v 0.03606122 0.00785458 0.02884064
v 0.03465901 0.00689244 0.02919424
v 0.00395139 0.01447576 0.02627095
v 0.03715989 0.00039941 0.02909849
v 0.03623056 0.02803449 0.01022286
v 0.03627514 0.00836070 0.02861414
v 0.02342385 0.01845555 0.02365660
v 0.04100020 0.00707191 0.02280362
v 0.03551500 0.02637991 0.01426537
v 0.03182801 0.02046206 0.02193990
v 0.03663058 0.01838354 0.02322211
v 0.03166129 0.02875251 0.00856006
v 0.03650075 0.02717549 0.01201923
v 0.02899443 0.02998987 0.00014881
v 0.03941783 0.01574583 0.02072609
v 0.03775826 0.00968295 0.02658344
v 0.03636809 0.02897172 0.00685042
v 0.03987957 0.01421025 0.02105601
v 0.04100020 0.02252485 0.00781625
v 0.03696510 0.00165042 0.02928303
v 0.02907615 0.02716620 0.01269836
v 0.03702647 0.00532024 0.02878334
v 0.04150020 0.00003485 0.00910135
v 0.00941005 0.01781761 0.02413764
v 0.00358896 0.01529517 0.02579750
v 0.04016607 0.00705623 0.02399225
v 0.03824390 0.00566619 0.02704574
v 0.00034247 0.00257950 0.02986897
v 0.03652018 0.02552063 0.01516528
v 0.03549276 0.01466186 0.02616966
v 0.00466331 0.00287612 0.02984553
v 0.02906040 0.02988660 0.00246184
v 0.03878986 0.01263186 0.02373908
v 0.03477850 0.02999292 0.00025221
v 0.03968802 0.02463353 0.00720146
v 0.04150020 0.00456867 0.01920836
v 0.03670919 0.00772089 0.02853547
v 0.03654724 0.02342730 0.01821225
v 0.03035247 0.02048207 0.02192108
v 0.03757788 0.02765437 0.00705083
v 0.03724376 0.02807531 0.00723806
v 0.03630539 0.02967491 0.00284011
v 0.02479973 0.00011937 0.02999960
v 0.03539463 0.02001796 0.02233427
v 0.03322542 0.02998630 0.00048800
v 0.03211541 0.02997557 0.00086827
v 0.03734001 0.02630064 0.01189239
v 0.00382957 0.01495886 0.02599827
v 0.01933408 0.00008968 0.02999970
v 0.04097874 0.02179823 0.00978034
v 0.03437955 0.02874472 0.00858607
v 0.02882554 0.01795555 0.02403486
v 0.03604491 0.00026069 0.02991257
v 0.02962876 0.02045467 0.02194679
v 0.03418291 0.01031013 0.02817228
v 0.03613983 0.02931028 0.00577513
v 0.03713745 0.02891056 0.00364285
v 0.00030071 0.00056958 0.02847571
v 0.03550662 0.01622385 0.02522876
v 0.03669478 0.02002056 0.02176388
v 0.00289078 0.00883050 0.02866053
v 0.00455298 0.01395749 0.02655449
v 0.03601187 0.02626678 0.01431921
v 0.03662179 0.02846547 0.00821262
v 0.02723796 0.00176216 0.02994757
v 0.03512988 0.00160487 0.02995642
v 0.03764298 0.01073609 0.02634656
v 0.03644445 0.02903877 0.00638352
v 0.03696385 0.02855631 0.00669863
v 0.03781813 0.02638095 0.01000318
v 0.02341303 0.01795934 0.02403598
v 0.03738853 0.02476361 0.01469316
v 0.03666453 0.02190934 0.01990459
v 0.04150020 0.00102880 0.01920245
v 0.03611883 0.02317305 0.01884945
v 0.04000517 0.01896657 0.01664818
v 0.00337432 0.01468021 0.02615491
v 0.04025777 0.00292745 0.02472084
v 0.03740670 0.02788497 0.00709046
v 0.04071518 0.02403765 0.00325364
v 0.03230796 0.02819194 0.01025833
v 0.03662339 0.02951194 0.00265106
v 0.03755876 0.00967525 0.02687494
v 0.02963718 0.01776531 0.02417481
v 0.03536877 0.02911102 0.00723332
v 0.03951948 0.02392613 0.00988255
v 0.01282572 0.01484875 0.02606721
v 0.00270436 0.00177445 0.02993681
v 0.04004068 0.01898026 0.01655926
v 0.00126601 0.00059655 0.02997247
v 0.00066956 0.00675220 0.02920583
v 0.03735016 0.01444406 0.02497246
v 0.03100284 0.02991991 0.00210403
v 0.03616161 0.01346664 0.02666933
v 0.03095799 0.01785207 0.02411137
v 0.03541447 0.00379498 0.02975475
v 0.03624553 0.00699309 0.02901023
v 0.03655066 0.02915300 0.00557323
v 0.03974098 0.02123308 0.01428409
v 0.01174655 0.00841682 0.02879476
v 0.03759149 0.01286000 0.02545560
v 0.03277389 0.01676020 0.02487445
v 0.03896123 0.02211369 0.01488086
v 0.00770064 0.00690691 0.02918626
v 0.02955457 0.01565803 0.02558840
v 0.01016749 0.01791617 0.02406543
v 0.04051482 0.01971170 0.01461743
v 0.00236911 0.00598774 0.02936826
v 0.00266038 0.00342843 0.02977380
v 0.04150020 0.01768403 0.01272270
v 0.03834647 0.00688201 0.02660691
v 0.03702721 0.02705303 0.01117632
v 0.00749333 0.01614395 0.02528111
v 0.03501835 0.02669061 0.01369479
v 0.03107861 0.02991559 0.00215676
v 0.02461302 0.01806400 0.02395675
v 0.00846404 0.00948319 0.02846145
v 0.00033882 0.00950868 0.02844018
v 0.03571888 0.00988196 0.02829539
v 0.03119767 0.02998449 0.00055279
v 0.03574260 0.02854776 0.00910375
v 0.04083169 0.00036702 0.02410822
v 0.03565967 0.00036459 0.02998649
v 0.03569641 0.02998334 0.00026438
v 0.00519917 0.00497048 0.02958450
v 0.03624066 0.01601327 0.02516836
v 0.04150020 0.00370276 0.00005121
v 0.01073000 0.00002930 0.02999990
v 0.01395035 0.00275929 0.02986805
v 0.02159808 0.00306473 0.02983711
v 0.02797828 0.01999017 0.02236611
v 0.03648458 0.01606485 0.02499091
v 0.03573566 0.02624551 0.01447103
v 0.03532511 0.02617791 0.01463743
v 0.02926544 0.02931761 0.00630833
v 0.03962107 0.01255617 0.02248218
v 0.03670605 0.00739730 0.02863056
v 0.02747626 0.02121239 0.02121173
v 0.03779923 0.02801075 0.00357712
v 0.00525204 0.00002711 0.02999943
v 0.03381009 0.00346252 0.02979769
v 0.03440040 0.00365833 0.02977434
v 0.01605004 0.00160437 0.02995648
v 0.03423083 0.02683846 0.01340582
v 0.02987446 0.02949378 0.00545200
v 0.00765988 0.01480150 0.02609429
v 0.03688075 0.00834978 0.02820741
v 0.03590624 0.01009959 0.02817708
v 0.03681078 0.00423667 0.02917568
v 0.03648979 0.02459747 0.01665283
v 0.02665847 0.00174902 0.02994836
v 0.03169964 0.02980944 0.00337413
v 0.02430087 0.01775117 0.02418493
v 0.01761889 0.00001838 0.02999994
v 0.03731004 0.00574969 0.02832430
v 0.03349025 0.01504508 0.02595422
v 0.03655102 0.02968605 0.00007229
v 0.03395179 0.02933110 0.00624165
v 0.03515598 0.00023997 0.02999822
v 0.03058964 0.02424253 0.01766811
v 0.02675559 0.01637613 0.02513421
v 0.04051841 0.02393423 0.00539443
v 0.00112808 0.00913463 0.02856049
v 0.03098456 0.02948498 0.00549416
v 0.00632653 0.01797611 0.02401977
v 0.03335805 0.00709874 0.02914572
v 0.04029299 0.02482352 0.00052520
v 0.03852251 0.02443870 0.01206388
v 0.00441158 0.00724328 0.02911027
v 0.03618978 0.02181247 0.02037644
v 0.03616024 0.02513610 0.01614158
v 0.03546361 0.02832964 0.00987240
v 0.03890157 0.00788917 0.02554774
v 0.03704024 0.02028638 0.02108811
v 0.04087593 0.02268196 0.00799559
v 0.03636346 0.01970940 0.02231647
v 0.03656281 0.02532330 0.01545245
v 0.01735582 0.01176426 0.02759712
v 0.03211091 0.00142237 0.02996537
v 0.03706643 0.00747177 0.02825209
v 0.01878562 0.00990551 0.02831320
v 0.03950020 0.00000990 0.00842892
v 0.03015050 0.01781844 0.02413692
v 0.03147742 0.02903809 0.00750435
v 0.03540689 0.00624852 0.02932931
v 0.00021264 0.00128176 0.02993669
v 0.03710318 0.02868702 0.00536795
v 0.03718896 0.02658778 0.01174566
v 0.03616959 0.02974233 0.00269683
v 0.03624327 0.00157666 0.02978298
v 0.04100020 0.01794335 0.01566790
v 0.03615279 0.00781850 0.02882052
v 0.03640510 0.02431612 0.01714537
v 0.00794430 0.01482220 0.02608227
v 0.03510069 0.02937780 0.00601342
v 0.03484832 0.02033631 0.02205300
v 0.04149996 0.01923666 0.01076822
v 0.04009818 0.02379929 0.00798689
v 0.00128847 0.01407353 0.02648517
v 0.03441089 0.02956688 0.00506057
v 0.04017609 0.01729568 0.01805874
v 0.04026170 0.00958511 0.02296935
v 0.02094493 0.00144533 0.02996475
v 0.03558454 0.00608700 0.02935640
v 0.03610157 0.01850303 0.02345754
v 0.03103725 0.02878955 0.00842310
v 0.03813701 0.01436433 0.02376854
v 0.03966845 0.00350294 0.02544839
v 0.01355938 0.00944028 0.02847587
v 0.03938243 0.01189279 0.02320982
v 0.03684776 0.00680778 0.02866375
v 0.02468360 0.00705757 0.02915788
v 0.04067073 0.01101723 0.02167920
v 0.03685150 0.02227262 0.01928576
v 0.03581937 0.02927216 0.00632410
v 0.02894722 0.00185908 0.02994150
v 0.03047474 0.02499975 0.01657986
v 0.03333823 0.02488928 0.01674251
v 0.04100020 0.02365854 0.00311220
v 0.03978722 0.02553193 0.00002760
v 0.00224412 0.00000744 0.02999231
v 0.03599150 0.02705259 0.01276616
v 0.04087927 0.01513327 0.01867780
v 0.03698071 0.02570251 0.01411153
v 0.03082959 0.02977090 0.00369210
v 0.03687096 0.02538018 0.01489147
v 0.03582765 0.00418039 0.02965522
v 0.03754358 0.02808579 0.00532728
v 0.03494943 0.02839775 0.00966266
v 0.03172720 0.02495344 0.01665028
v 0.03933511 0.02266109 0.01301718
v 0.03095060 0.02956328 0.00508478
v 0.03760434 0.02085515 0.01942841
v 0.02959295 0.02890135 0.00800975
v 0.00237070 0.00182936 0.02993196
v 0.03582117 0.02947958 0.00538456
v 0.03706376 0.02894313 0.00406260
v 0.03603709 0.01532920 0.02568270
v 0.03534137 0.01771909 0.02420754
v 0.03623214 0.00863464 0.02855624
v 0.02460482 0.01165414 0.02764437
v 0.03679464 0.02243143 0.01916201
v 0.04002598 0.02519173 0.00045055
v 0.02575170 0.00837545 0.02880699
v 0.00860429 0.01385134 0.02660986
v 0.04100020 0.02328222 0.00528807
v 0.03913825 0.02505844 0.00834740
v 0.03775040 0.01828497 0.02160484
v 0.03597824 0.02702054 0.01284223
v 0.03639344 0.00322379 0.02958492
v 0.04150020 0.00135299 0.01941679
v 0.02654114 0.01980063 0.02253087
v 0.00369120 0.00112996 0.02996953
v 0.03713552 0.01380334 0.02566354
v 0.03651272 0.00726492 0.02880150
v 0.03786263 0.01801769 0.02162898
v 0.00527614 0.00156696 0.02995767
v 0.03652721 0.01301689 0.02668232
v 0.00161045 0.00947964 0.02845469
v 0.04093421 0.01810237 0.01571337
v 0.03730633 0.02835445 0.00561215
v 0.03157510 0.02072735 0.02168464
v 0.04150020 0.02166391 0.00520279
v 0.04005847 0.00473663 0.02470359
v 0.00447937 0.01271794 0.02714180
v 0.01936632 0.00428800 0.02968397
v 0.03814541 0.00477885 0.02734837
v 0.00074039 0.00714780 0.02912450
v 0.00459006 0.00608213 0.02935509
v 0.03704289 0.02921576 0.00149722
v 0.03731552 0.00877380 0.02752497
v 0.03928431 0.02423406 0.00997729
v 0.03891956 0.00025687 0.02671200
v 0.00099396 0.01600907 0.02536658
v 0.03584038 0.02296993 0.01921621
v 0.04065153 0.00748023 0.02317352
v 0.03722734 0.00973017 0.02733155
v 0.04150020 0.00228347 0.01937836
v 0.04026305 0.02450389 0.00430967
v 0.03403649 0.00938316 0.02849442
v 0.03426497 0.02986315 0.00280159
v 0.03663394 0.02282095 0.01887844
v 0.03602365 0.02930422 0.00597149
v 0.03656620 0.02279996 0.01897079
v 0.03104201 0.02556765 0.01568323
v 0.03705010 0.02916444 0.00215237
v 0.03466335 0.02975630 0.00379059
v 0.03692775 0.02405165 0.01685254
v 0.03583374 0.01035796 0.02809605
v 0.02505853 0.01075884 0.02799648
v 0.03740289 0.02091455 0.01976165
v 0.01849178 0.00941789 0.02848328
v 0.01531322 0.00508400 0.02956495
v 0.03223891 0.02994799 0.00176438
v 0.03598078 0.02178544 0.02050233
v 0.00001158 0.01799266 0.02306575
v 0.03594301 0.00539878 0.02943865
v 0.03899115 0.00857784 0.02518907
v 0.03663128 0.01996487 0.02187673
v 0.03348467 0.01164948 0.02764660
v 0.04096481 0.02379851 0.00247045
v 0.03734893 0.02884731 0.00046565
v 0.03606091 0.02876725 0.00813722
v 0.03618415 0.02985975 0.00088545
v 0.04093883 0.01174919 0.02086581
v 0.02995194 0.02920343 0.00686320
v 0.03583119 0.02374924 0.01825344
v 0.00050152 0.01799271 0.02384137
v 0.03548722 0.02888474 0.00807095
v 0.00423928 0.00223280 0.02991339
v 0.02942767 0.02984484 0.00294593
v 0.01793428 0.01489851 0.02603869
v 0.03782786 0.02077568 0.01906818
v 0.03586421 0.02962275 0.00433847
v 0.03825908 0.01060872 0.02549604
v 0.03044080 0.02977882 0.00363617
v 0.03845919 0.01969346 0.01895319
v 0.04150020 0.02021774 0.00904349
v 0.00387821 0.00000423 0.02849982
v 0.03950020 0.00003084 0.00537174
v 0.03748701 0.02412395 0.01548020
v 0.01130711 0.00472592 0.02962116
v 0.04100020 0.00037263 0.02344017
v 0.03610087 0.02968854 0.00345377
v 0.03570082 0.02926948 0.00643340
v 0.03394788 0.02985123 0.00293799
v 0.03617652 0.02797186 0.01044149
v 0.02133147 0.01479300 0.02609922
v 0.03702204 0.01949389 0.02183586
v 0.00050644 0.01173893 0.02759750
v 0.03746914 0.02087494 0.01967339
v 0.04100020 0.01095078 0.02107656
v 0.01093334 0.00501202 0.02957804
v 0.04082029 0.02361766 0.00489569
v 0.00393516 0.01622952 0.02522038
v 0.03633407 0.00438603 0.02946576
v 0.03982037 0.01560367 0.02014858
v 0.03914131 0.01890094 0.01843333
v 0.04041326 0.00499041 0.02416954
v 0.03530883 0.02995191 0.00170883
v 0.02991563 0.01679206 0.02485232
v 0.03911156 0.01451580 0.02211238
v 0.04100020 0.01995242 0.01302598
v 0.04041909 0.00317581 0.02446205
v 0.03284203 0.00517970 0.02954907
v 0.04039286 0.01127818 0.02197529
v 0.03408437 0.02984054 0.00306256
v 0.03563447 0.02713954 0.01273866
v 0.03654313 0.01173951 0.02726033
v 0.03718052 0.02248143 0.01844557
v 0.03286659 0.01556313 0.02564589
v 0.00010287 0.00665783 0.02922259
v 0.03235881 0.02953908 0.00522973
v 0.04075388 0.01062996 0.02173650
v 0.03950748 0.02341718 0.01109298
v 0.00451333 0.01753443 0.02433329
v 0.03580272 0.01986591 0.02241754
v 0.00632938 0.01771617 0.02420987
v 0.03718150 0.01694019 0.02363573
v 0.04150020 0.02136887 0.00622424
v 0.00992375 0.01478626 0.02610295
v 0.03255456 0.02999300 0.00025030
v 0.04100020 0.00016696 0.02334186
v 0.03719031 0.02332399 0.01733839
v 0.03448803 0.02978094 0.00361924
v 0.02820419 0.02218184 0.02019309
v 0.02604767 0.01943989 0.02284663
v 0.02957629 0.02423916 0.01767041
v 0.00037149 0.01599373 0.02537596
v 0.03286924 0.02980108 0.00344977
v 0.03504302 0.01695072 0.02474193
v 0.03986435 0.00530704 0.02486895
v 0.03680416 0.01968299 0.02195160
v 0.04048775 0.02448747 0.00209514
v 0.03983047 0.01902556 0.01693805
v 0.03692867 0.02915519 0.00357707
v 0.03308918 0.01044716 0.02811958
v 0.03629434 0.01368370 0.02649139
v 0.00368477 0.00881441 0.02866761
v 0.04044506 0.02424412 0.00436682
v 0.02861947 0.02233562 0.02002105
v 0.03565186 0.02997201 0.00098186
v 0.02356439 0.01826498 0.02380425
v 0.00030674 0.00157433 0.02992574
v 0.03247242 0.02495805 0.01664377
v 0.03598932 0.00021004 0.02992893
v 0.03410571 0.01472279 0.02613703
v 0.03577232 0.00816374 0.02882197
v 0.03510894 0.02998855 0.00040733
v 0.03673331 0.00169256 0.02949146
v 0.03646252 0.02970040 0.00132806
v 0.01201789 0.00929907 0.02852023
v 0.03594613 0.01126117 0.02773854
v 0.03190033 0.00538223 0.02950978
v 0.02931138 0.02766819 0.01158138
v 0.02431016 0.00837246 0.02880787
v 0.03145196 0.02873840 0.00860580
v 0.03791563 0.02034914 0.01934145
v 0.00383006 0.00851641 0.02876041
v 0.03812203 0.01605408 0.02268946
v 0.03617891 0.00283267 0.02973014
v 0.03707685 0.01862958 0.02250826
v 0.04150020 0.02226969 0.00082788
v 0.03854886 0.02426618 0.01232432
v 0.03919566 0.02587672 0.00489735
v 0.03897969 0.01226892 0.02363827
v 0.00427901 0.01559201 0.02562071
v 0.03584253 0.02701601 0.01291347
v 0.03585979 0.00869151 0.02865374
v 0.03153957 0.02979379 0.00351116
v 0.00465584 0.00243748 0.02989973
v 0.02886306 0.02441165 0.01742981
v 0.03659683 0.00337555 0.02944616
v 0.00047689 0.00748430 0.02903054
v 0.03656389 0.02967567 0.00030994
v 0.03471202 0.02536976 0.01600801
v 0.00028898 0.00570485 0.02941691
v 0.04082430 0.02366178 0.00465428
v 0.03662160 0.01145157 0.02733994
v 0.03001558 0.02914539 0.00710755
v 0.03715622 0.02765776 0.00906990
v 0.03970709 0.01199778 0.02266350
v 0.02210568 0.00168824 0.02995176
v 0.03602298 0.02944331 0.00532054
v 0.03690089 0.02833763 0.00785164
v 0.03808503 0.01276963 0.02475035
v 0.04100020 0.01643366 0.01719881
v 0.04100020 0.00132786 0.02380143
v 0.03462340 0.00261415 0.02988568
v 0.00406621 0.00444736 0.02965035
v 0.03036700 0.02953101 0.00527040
v 0.00792651 0.00844237 0.02878637
v 0.03651373 0.02970751 0.00021629
v 0.03604469 0.02744940 0.01189221
v 0.03338311 0.02819950 0.01023809
v 0.02398511 0.01829251 0.02378241
v 0.03714509 0.02838939 0.00647252
v 0.00052370 0.01564828 0.02557806
v 0.03646353 0.01502918 0.02564724
v 0.03432636 0.01352571 0.02677841
v 0.03311393 0.02934118 0.00619310
v 0.04089473 0.02287628 0.00729924
v 0.03663639 0.02761095 0.01070824
v 0.03547545 0.01866806 0.02346812
v 0.02996396 0.02803412 0.01066698
v 0.03455763 0.02502028 0.01655105
v 0.03680875 0.00119413 0.02945505
v 0.04046438 0.02399153 0.00547555
v 0.03974863 0.01355442 0.02168993
v 0.00469867 0.00676592 0.02921418
v 0.04048044 0.02276794 0.00925253
v 0.03707904 0.01464278 0.02527793
v 0.03987023 0.00000353 0.02542118
v 0.03886834 0.02646726 0.00404249
v 0.03308596 0.02982686 0.00320500
v 0.03266193 0.00839384 0.02880154
v 0.00454080 0.00534037 0.02950786
v 0.03673584 0.01246223 0.02678048
v 0.03816503 0.00460220 0.02735041
v 0.03175562 0.01566177 0.02558624
v 0.03525485 0.02594983 0.01505082
v 0.03785798 0.00020028 0.02815607
v 0.03520892 0.01155909 0.02768221
v 0.00290679 0.00488281 0.02959449
v 0.02800986 0.02900571 0.00013428
v 0.03647466 0.01110783 0.02757136
v 0.03557506 0.01342207 0.02682182
v 0.02912077 0.02901906 0.00757468
v 0.03799605 0.02396578 0.01442297
v 0.03839160 0.01424188 0.02343701
v 0.04093662 0.01640823 0.01746142
v 0.00374034 0.00502095 0.02957047
v 0.03631874 0.02810507 0.00993190
v 0.03429437 0.00136875 0.02996686
v 0.00254605 0.00084101 0.02997287
v 0.02394371 0.01846495 0.02364838
v 0.03574865 0.02123022 0.02115796
v 0.03628988 0.01889162 0.02306343
v 0.03977339 0.02498054 0.00534777
v 0.00518924 0.00106544 0.02997407
v 0.03840033 0.00805372 0.02621107
v 0.03730111 0.02877374 0.00284507
v 0.03804735 0.01795624 0.02135288
v 0.03708445 0.00940601 0.02764532
v 0.03586598 0.02995406 0.00063200
v 0.00488761 0.01049772 0.02807979
v 0.03693785 0.02587199 0.01390819
v 0.03729788 0.02758318 0.00869540
v 0.03605576 0.00287859 0.02976403
v 0.00918178 0.00473638 0.02961960
v 0.03006520 0.02992925 0.00198732
v 0.02923052 0.02997583 0.00083594
v 0.03011252 0.01971880 0.02260562
v 0.03405592 0.02756772 0.01183489
v 0.00549964 0.00716638 0.02913129
v 0.03234664 0.02936109 0.00609658
v 0.00006492 0.01196242 0.02749137
v 0.02067236 0.00013007 0.02999901
v 0.01219828 0.00504193 0.02957243
v 0.00021709 0.01720418 0.02100000
v 0.03772650 0.02747184 0.00694760
v 0.03516474 0.01652656 0.02503675
v 0.03547783 0.02869079 0.00875336
v 0.03608466 0.00598202 0.02927623
v 0.03806655 0.01082842 0.02568729
v 0.03564324 0.02887703 0.00807862
v 0.02796248 0.00149064 0.02996274
v 0.02854185 0.02289348 0.01938516
v 0.03612228 0.02373461 0.01815200
v 0.04100020 0.02165456 0.00998141
v 0.03062751 0.01678351 0.02485826
v 0.03686290 0.00808807 0.02830133
v 0.03911929 0.02176557 0.01501389
v 0.00450149 0.00159967 0.02995518
v 0.03716476 0.02007146 0.02107318
v 0.03558644 0.02129053 0.02112294
v 0.00006701 0.00462759 0.02962092
v 0.03630938 0.01141835 0.02754364
v 0.01499616 0.01616837 0.02526831
v 0.00472181 0.00436987 0.02966097
v 0.03970859 0.02555829 0.00196870
v 0.03486211 0.00132945 0.02996795
v 0.03653164 0.02871489 0.00758565
v 0.03907276 0.01767848 0.01973480
v 0.03995269 0.02473343 0.00533684
v 0.04100020 0.01314917 0.01974058
v 0.01058846 0.00679802 0.02920981
v 0.04150020 0.00148576 0.00025004
v 0.04069237 0.02183387 0.01066375
v 0.03657079 0.01756884 0.02390250
v 0.03710307 0.01903056 0.02212541
v 0.03634017 0.02965041 0.00296760
v 0.03699936 0.01227856 0.02659693
v 0.03658065 0.02408409 0.01730000
v 0.03692527 0.01765382 0.02347704
v 0.04084374 0.01863267 0.01527338
v 0.02047743 0.01793373 0.02405498
v 0.03788629 0.02812132 0.00000928
v 0.03735267 0.01876256 0.02190975
v 0.03614301 0.02722147 0.01230563
v 0.03818974 0.00932621 0.02608517
v 0.03447977 0.02306230 0.01918402
v 0.03860508 0.02637792 0.00638415
v 0.02878462 0.01981145 0.02252477
v 0.00779534 0.00252462 0.02989159
v 0.03739491 0.00028515 0.02878261
v 0.04150020 0.01287545 0.01678038
v 0.04010256 0.02140174 0.01311926
v 0.03565071 0.02952423 0.00525287
v 0.04087142 0.02084566 0.01195992
v 0.04150020 0.00183401 0.00017310
v 0.00493161 0.01743391 0.02440198
v 0.03559500 0.01920009 0.02303916
v 0.04150020 0.01679891 0.01363258
v 0.03373408 0.02999972 0.00001079
v 0.03543075 0.02181787 0.02059186
v 0.03712834 0.01897887 0.02212572
v 0.04018100 0.00753538 0.02383241
v 0.01512152 0.00159162 0.02995719
v 0.03634367 0.01130732 0.02756808
v 0.03694108 0.01565898 0.02483639
v 0.04034164 0.00462805 0.02432905
v 0.03339249 0.02819701 0.01024487
v 0.01451152 0.01587612 0.02545375
v 0.03701992 0.02687800 0.01164285
v 0.03702976 0.02762413 0.00970143
v 0.00220974 0.01684084 0.02480222
v 0.03694106 0.02678429 0.01203917
v 0.03710794 0.00328305 0.02899168
v 0.00463815 0.01420436 0.02642003
v 0.03666373 0.00694218 0.02878744
v 0.03297780 0.02920090 0.00687509
v 0.04054513 0.00453270 0.02406277
v 0.04008801 0.00253430 0.02498764
v 0.00474576 0.00530054 0.02951628
v 0.03304191 0.02414324 0.01780461
v 0.04100020 0.00598318 0.02307005
v 0.03595511 0.00399229 0.02965444
v 0.02908562 0.02436724 0.01749278
v 0.00456621 0.00016797 0.02999581
v 0.03496245 0.02313581 0.01908728
v 0.04150020 0.00074115 0.01885618
v 0.00418207 0.00716027 0.02913168
v 0.00137634 0.00015556 0.02998592
v 0.02962877 0.02957416 0.00501183
v 0.03675634 0.01072740 0.02750782
v 0.03521527 0.02685782 0.01336448
v 0.00111407 0.00652026 0.02925483
v 0.03899568 0.00778516 0.02544682
v 0.03716211 0.00544790 0.02858841
v 0.01289327 0.00666736 0.02923760
v 0.00090273 0.00056586 0.02997080
v 0.03979793 0.01583061 0.02001460
v 0.00302525 0.01585988 0.02545904
v 0.03646049 0.02924352 0.00542277
v 0.03971286 0.02460305 0.00718531
v 0.00009394 0.01799267 0.02328796
v 0.04059281 0.00259289 0.02429167
v 0.00526908 0.01165853 0.02764183
v 0.03406995 0.00165380 0.02995372
v 0.03724212 0.02874459 0.00380590
v 0.03602641 0.01573512 0.02544134
v 0.00011049 0.00623052 0.02930940
v 0.03507318 0.01914551 0.02308762
v 0.03737695 0.00166658 0.02876496
v 0.03713199 0.02722341 0.01041280
v 0.03596936 0.02312245 0.01898808
v 0.03591070 0.02472845 0.01686097
v 0.03164521 0.00258228 0.02988852
v 0.03732142 0.01059486 0.02687180
v 0.03408048 0.02822826 0.01015770
v 0.03007994 0.00038716 0.02999402
v 0.03685192 0.02890777 0.00564964
v 0.03555829 0.00219526 0.02991375
v 0.03294203 0.00696580 0.02917857
v 0.03634512 0.01904637 0.02291107
v 0.03472547 0.02918561 0.00694014
v 0.03590961 0.00680754 0.02915655
v 0.03496160 0.00735546 0.02907775
v 0.03498846 0.02993375 0.00194305
v 0.03880992 0.02204560 0.01534703
v 0.03644147 0.01791598 0.02373321
v 0.04054677 0.02293436 0.00860919
v 0.03688061 0.01967032 0.02187371
v 0.03729016 0.02362950 0.01667716
v 0.04135987 0.02246404 0.00047985
v 0.03534878 0.02126521 0.02115569
v 0.03558527 0.01418709 0.02641891
v 0.02771252 0.02100168 0.02142188
v 0.02765022 0.02040559 0.02199181
v 0.03585305 0.00665216 0.02919938
v 0.03557029 0.02658761 0.01388068
v 0.03978061 0.02076897 0.01486296
v 0.03808727 0.02784556 0.00030597
v 0.03709881 0.00611151 0.02854577
v 0.04027583 0.00292925 0.02469577
v 0.03631314 0.01826179 0.02353996
v 0.04073905 0.02360407 0.00549475
v 0.03711323 0.02210531 0.01903536
v 0.04083664 0.02341771 0.00568744
v 0.00239725 0.00491167 0.02958695
v 0.03631079 0.02908112 0.00648106
v 0.00369395 0.01142135 0.02772897
v 0.03778168 0.00001909 0.02826355
v 0.04039647 0.00015394 0.02470313
v 0.03695354 0.01336767 0.02614023
v 0.01840587 0.01372747 0.02667399
v 0.03151072 0.00892677 0.02863886
v 0.03720148 0.02543463 0.01401682
v 0.03678416 0.02674894 0.01244549
v 0.04083644 0.01307227 0.02024692
v 0.03950031 0.00178981 0.00002737
v 0.00061881 0.00475785 0.02960590
v 0.02182586 0.01799118 0.02401320
v 0.01870272 0.01106375 0.02787660
v 0.00419347 0.01086709 0.02793924
v 0.03547038 0.01601950 0.02535863
v 0.03719385 0.02185948 0.01915426
v 0.04150020 0.00874574 0.01850320
v 0.03864837 0.02433491 0.01188767
v 0.03466738 0.00865839 0.02872323
v 0.03865984 0.01072991 0.02484887
v 0.03600434 0.00376541 0.02966882
v 0.03153542 0.01784335 0.02411751
v 0.03554160 0.01313161 0.02696073
v 0.03498881 0.02979269 0.00352129
v 0.03399663 0.01940135 0.02287890
v 0.02926798 0.02847730 0.00939737
v 0.03566291 0.01021765 0.02818048
v 0.01899678 0.00147295 0.02996374
v 0.02092397 0.01478681 0.02610269
v 0.03711403 0.01565029 0.02460513
v 0.03518318 0.01808483 0.02392852
v 0.02901356 0.02959911 0.00484445
v 0.04150020 0.00004304 0.01542101
v 0.03722846 0.02646600 0.01189695
v 0.03622001 0.02372791 0.01810639
v 0.03469407 0.02919679 0.00689346
v 0.03627441 0.02637415 0.01393966
v 0.03443323 0.00896226 0.02862789
v 0.03504797 0.01204281 0.02747390
v 0.03332371 0.02675295 0.01357532
v 0.00022452 0.01397850 0.02653461
v 0.03748264 0.02160420 0.01884870
v 0.00137434 0.00494077 0.02957669
v 0.03882350 0.00000225 0.02431226
v 0.00751365 0.01781902 0.02413583
v 0.03241654 0.02827236 0.01003273
v 0.03983497 0.02546440 0.00016864
v 0.03929654 0.02141691 0.01509003
v 0.03984026 0.00319140 0.02525720
v 0.03133403 0.02560379 0.01562585
v 0.03652136 0.02970368 0.00013377
v 0.04100020 0.00006080 0.02316587
v 0.03565770 0.02948875 0.00544571
v 0.02741746 0.01684205 0.02481758
v 0.03727977 0.02464671 0.01517332
v 0.00136782 0.00754674 0.02901977
v 0.04091469 0.02281675 0.00739747
v 0.03538057 0.01040228 0.02813730
v 0.03523178 0.02995722 0.00152115
v 0.04018113 0.01938897 0.01577633
v 0.03028826 0.00022633 0.02999797
v 0.03967592 0.01419823 0.02140156
v 0.03567462 0.02550626 0.01576201
v 0.03676638 0.01424383 0.02584835
v 0.03776630 0.02820656 0.00208874
v 0.03535932 0.00820730 0.02885221
v 0.00483103 0.00805444 0.02889359
v 0.00457075 0.01376675 0.02664741
v 0.02733771 0.02100805 0.02141586
v 0.00725281 0.00132163 0.02996810
v 0.03493163 0.01922699 0.02302228
v 0.02910239 0.00493488 0.02959126
v 0.03643059 0.02938882 0.00457050
v 0.03587483 0.00075616 0.02993493
v 0.03608070 0.01630612 0.02504235
v 0.03506492 0.01325825 0.02690424
v 0.01223766 0.01163502 0.02765169
v 0.03151501 0.02813190 0.01042178
v 0.00040583 0.00007817 0.02849667
v 0.03674305 0.02932841 0.00353575
v 0.03606164 0.02805184 0.01033752
v 0.03633710 0.02268604 0.01931192
v 0.03707461 0.02918096 0.00144468
v 0.03571694 0.02748272 0.01199766
v 0.04097816 0.02014329 0.01287485
v 0.03703432 0.02673757 0.01191278
v 0.03422064 0.00718212 0.02912364
v 0.03554099 0.00577740 0.02942499
v 0.02919067 0.02704472 0.01295998
v 0.03569459 0.01951999 0.02275790
v 0.03439158 0.02273088 0.01957256
v 0.02833638 0.02266207 0.01964948
v 0.02947800 0.02995004 0.00172574
v 0.03810301 0.01687289 0.02212482
v 0.03724868 0.00666109 0.02821242
v 0.00705798 0.00240377 0.02990335
v 0.03344252 0.00011667 0.02999961
v 0.04088937 0.00609903 0.02322172
v 0.02451984 0.01882889 0.02335832
v 0.04100020 0.00834159 0.02230999
v 0.01013522 0.01782745 0.02413069
v 0.03559662 0.00716032 0.02912467
v 0.02920664 0.02975201 0.00381858
v 0.04015541 0.01142368 0.02226491
v 0.03668992 0.00803413 0.02846208
v 0.04017475 0.02498774 0.00046749
v 0.03658570 0.00330619 0.02946180
v 0.03395281 0.02283347 0.01945759
v 0.03612068 0.02932244 0.00574860
v 0.00430017 0.00255274 0.02988490
v 0.02932126 0.02917903 0.00696946
v 0.00498086 0.00860195 0.02873620
v 0.00008791 0.01649265 0.02131706
v 0.03710385 0.01231028 0.02645077
v 0.03691467 0.00986693 0.02767773
v 0.03974203 0.00481349 0.02512950
v 0.02540769 0.00207238 0.02992688
v 0.03164226 0.02681305 0.01345608
v 0.03704350 0.01593484 0.02452795
v 0.04150020 0.00321538 0.00007967
v 0.04055506 0.02353525 0.00675111
v 0.03940729 0.02178334 0.01427899
v 0.03667221 0.02475855 0.01621604
v 0.03864832 0.02688570 0.00324929
v 0.03404964 0.00849053 0.02877291
v 0.03639764 0.02373509 0.01796832
v 0.03219847 0.02667876 0.01371608
v 0.04077490 0.00564282 0.02350272
v 0.03439946 0.02875436 0.00855353
v 0.04094433 0.00427483 0.02355209
v 0.03688558 0.00710894 0.02855676
v 0.00128968 0.01166047 0.02763164
v 0.03066099 0.02849998 0.00000168
v 0.01324958 0.01165789 0.02764245
v 0.03695056 0.01252836 0.02653720
v 0.03562531 0.02982796 0.00314073
v 0.00019753 0.00115356 0.02845081
v 0.03606444 0.01833714 0.02360162
v 0.00465282 0.01614959 0.02527564
v 0.03747698 0.02867762 0.00019218
v 0.03732734 0.02888239 0.00005113
v 0.03671455 0.02897791 0.00584398
v 0.00771218 0.01157360 0.02767572
v 0.03631623 0.01034713 0.02793724
v 0.03600634 0.01635577 0.02503795
v 0.03564405 0.02423594 0.01765396
v 0.02791009 0.02063898 0.02177079
v 0.03662007 0.01585140 0.02503233
v 0.03977521 0.01183006 0.02264612
v 0.03614579 0.01123574 0.02768301
v 0.00473784 0.01689194 0.02477061
v 0.03650343 0.00987520 0.02800926
v 0.03684497 0.02840632 0.00781296
v 0.03433647 0.00832874 0.02882006
v 0.03950023 0.00010933 0.00107451
v 0.03577165 0.02903736 0.00741629
v 0.00350406 0.01449130 0.02626165
v 0.00342163 0.00559952 0.02945127
v 0.04097147 0.00791235 0.02255132
v 0.03787392 0.00186085 0.02807001
v 0.03611764 0.02466687 0.01684724
v 0.03596170 0.01366897 0.02663517
v 0.03786514 0.01943592 0.02036304
v 0.03622470 0.00486931 0.02945496
v 0.03585443 0.01326638 0.02685348
v 0.04092805 0.00198016 0.02387610
v 0.03578858 0.02897673 0.00766780
v 0.02924635 0.02503493 0.01652415
v 0.03493783 0.00293871 0.02985210
v 0.02792725 0.00197542 0.02993385
v 0.00809438 0.01758737 0.02429939
v 0.04068720 0.02421593 0.00206946
v 0.03703922 0.02590402 0.01362226
v 0.03260631 0.02977670 0.00365350
v 0.03042513 0.00342022 0.02980094
v 0.02852106 0.02298634 0.01927146
v 0.00016326 0.01624095 0.02520691
v 0.03747992 0.01333839 0.02538307
v 0.03700195 0.02334500 0.01771309
v 0.03879884 0.02183220 0.01567591
v 0.04100020 0.01377197 0.01927863
v 0.03519473 0.02665138 0.01376695
v 0.00043624 0.01664253 0.02100000
v 0.03714458 0.00499570 0.02869834
v 0.04082491 0.01939923 0.01432734
v 0.00553007 0.00243558 0.02990053
v 0.03682261 0.02404254 0.01704230
v 0.03671815 0.02500799 0.01578160
v 0.03762923 0.00190041 0.02840183
v 0.00160344 0.00938901 0.02848327
v 0.03670503 0.02033393 0.02146789
v 0.03706359 0.00236024 0.02913528
v 0.02968808 0.02981680 0.00327130
v 0.04059918 0.00709888 0.02336955
v 0.00114558 0.00655152 0.02924857
v 0.03998793 0.02129510 0.01358345
v 0.03755837 0.01668131 0.02318735
v 0.03707253 0.02742126 0.01010311
v 0.03595393 0.02791601 0.01077360
v 0.00000426 0.01164889 0.02763212
v 0.03567163 0.02091169 0.02149602
v 0.03667744 0.02960665 0.00022602
v 0.01860499 0.01580776 0.02549583
v 0.03593741 0.02750118 0.01184254
v 0.03626895 0.00630602 0.02914004
v 0.02413734 0.01633800 0.02515868
v 0.03667827 0.02592483 0.01426885
v 0.03861145 0.02624251 0.00688515
v 0.03535481 0.02876312 0.00852122
v 0.03660659 0.02907151 0.00577982
v 0.02850962 0.00193545 0.02993650
v 0.03972483 0.02503263 0.00541942
v 0.03563639 0.00943706 0.02846681
v 0.02155254 0.00420389 0.02969606
v 0.03599262 0.02601381 0.01476655
v 0.03072642 0.02664430 0.01377917
v 0.03366129 0.00540786 0.02950517
v 0.04050368 0.01331393 0.02063179
v 0.02965000 0.02866472 0.00883137
v 0.00487703 0.01737210 0.02444400
v 0.03786491 0.02269320 0.01665284
v 0.03075979 0.00555654 0.02947342
v 0.03693762 0.01818405 0.02304840
v 0.03728186 0.01193450 0.02635951
v 0.00079341 0.01171709 0.02760823
v 0.03119626 0.02981442 0.00332038
v 0.03350789 0.01026808 0.02818748
v 0.03336241 0.01648482 0.02506395
v 0.03576183 0.02651569 0.01398431
v 0.03730767 0.01150782 0.02652053
v 0.03912078 0.02302848 0.01295864
v 0.03631353 0.00477768 0.02942585
v 0.03776585 0.02817961 0.00243527
v 0.03952962 0.01017070 0.02380045
v 0.03750805 0.02154948 0.01885938
v 0.02857154 0.02334205 0.01883591
v 0.03802845 0.02667833 0.00824953
v 0.02934891 0.02976464 0.00373381
v 0.03732504 0.01137342 0.02655212
f 339 1143 559
f 1233 1453 410
f 1143 410 275
f 275 410 1453
f 1475 1399 559
f 559 525 1475
f 1143 339 1178
f 308 898 613
f 1206 525 559
f 1399 1475 997
f 559 1399 1503
f 1503 339 559
f 472 997 1364
f 692 410 1143
f 343 1520 174
f 1304 503 1081
f 613 503 1304
f 613 898 527
f 559 1143 1330
f 1143 275 1330
f 1330 275 1453
f 1453 308 1330
f 1229 1206 559
f 559 1330 1229
f 1229 1330 409
f 1399 997 899
f 899 475 1399
f 472 818 899
f 899 997 472
f 174 1520 281
f 1520 974 281
f 150 1178 339
f 339 1503 150
f 472 123 1417
f 525 701 998
f 998 1475 525
f 998 997 1475
f 72 701 1353
f 72 1353 502
f 1372 111 477
f 477 461 1372
f 1353 111 1372
f 502 1353 1372
f 31 1304 1081
f 613 1304 31
f 898 503 645
f 645 527 898
f 645 503 613
f 613 527 645
f 805 308 613
f 805 1330 308
f 376 36 174
f 376 736 1399
f 174 1457 376
f 1457 736 376
f 986 61 13
f 986 1275 483
f 483 1275 974
f 483 228 986
f 189 1457 174
f 174 281 189
f 832 818 472
f 1281 1030 1195
f 1195 343 174
f 1195 1030 343
f 708 20 1335
f 1118 528 708
f 685 228 116
f 1389 228 1308
f 1389 816 228
f 1412 228 1044
f 1106 929 956
f 752 929 461
f 1001 929 1106
f 502 1372 1131
f 1131 72 502
f 472 1364 1131
f 1131 1372 461
f 461 1323 1131
f 1255 593 115
f 1106 634 115
f 409 1330 1440
f 1330 805 1440
f 1062 106 706
f 706 106 439
f 619 453 1023
f 612 483 974
f 1457 189 1433
f 1433 736 1457
f 1399 736 1433
f 1178 150 1433
f 1433 1503 1399
f 1433 150 1503
f 1232 1105 649
f 869 1232 788
f 1105 1232 869
f 837 801 57
f 254 126 1292
f 1552 827 22
f 1018 1379 362
f 1521 874 722
f 874 1171 722
f 37 1171 1345
f 1419 228 685
f 228 1419 1045
f 1045 1345 1171
f 1045 1419 1345
f 402 1030 946
f 343 1030 402
f 803 1150 1142
f 1335 20 737
f 917 1180 737
f 1118 1277 1396
f 1378 1347 353
f 353 1347 797
f 83 1277 1118
f 1118 1388 83
f 1463 340 1277
f 685 116 1061
f 1061 730 1351
f 794 116 1342
f 1342 861 917
f 1342 917 1351
f 1351 730 1342
f 228 816 88
f 88 1044 228
f 1186 228 1412
f 543 1090 228
f 228 1556 543
f 224 726 755
f 860 998 701
f 997 998 860
f 701 72 860
f 72 1131 860
f 860 1131 1364
f 860 1364 997
f 714 634 1106
f 1106 956 714
f 1260 461 477
f 1260 752 461
f 461 929 1041
f 929 1001 1041
f 1204 1225 649
f 519 1225 1204
f 631 593 1255
f 1337 115 634
f 16 276 1420
f 1106 115 202
f 202 115 593
f 202 631 1106
f 593 631 202
f 845 503 898
f 845 531 503
f 503 531 588
f 867 1456 1002
f 1002 1456 298
f 1038 941 924
f 655 588 979
f 924 941 655
f 1081 503 655
f 503 588 655
f 1286 849 1383
f 1481 1286 597
f 849 1286 1481
f 575 985 1466
f 1466 985 597
f 1124 301 605
f 864 1062 706
f 706 36 864
f 36 376 864
f 441 988 29
f 441 1089 404
f 404 988 441
f 404 1089 11
f 404 11 706
f 706 439 404
f 1506 1089 441
f 820 380 819
f 381 453 619
f 1135 1150 803
f 803 1142 235
f 619 1023 511
f 1107 310 67
f 514 692 974
f 974 710 514
f 692 514 164
f 164 514 710
f 1497 612 1047
f 483 612 1497
f 1047 612 1116
f 652 974 1520
f 652 612 974
f 460 189 281
f 460 1433 189
f 460 281 974
f 1178 1433 460
f 1143 1178 460
f 974 692 460
f 460 692 1143
f 1149 869 938
f 1105 869 1149
f 818 832 806
f 1292 801 33
f 801 837 1064
f 123 731 1064
f 1064 1417 123
f 1064 837 1417
f 1417 837 616
f 616 837 721
f 1176 837 1381
f 1552 22 1484
f 651 731 123
f 651 868 731
f 290 868 1079
f 290 180 731
f 731 868 290
f 1292 33 290
f 1287 310 1107
f 126 1200 595
f 1292 126 595
f 595 801 1292
f 57 801 595
f 126 254 1278
f 905 1484 975
f 958 161 398
f 58 22 827
f 1233 410 481
f 1067 1379 1018
f 289 1456 216
f 1018 216 659
f 659 216 1456
f 659 1456 867
f 47 1456 289
f 298 1456 479
f 406 699 986
f 685 1351 1154
f 946 1261 210
f 1319 1142 1150
f 1319 1331 1142
f 1521 722 434
f 434 1410 1521
f 434 722 1171
f 434 1171 37
f 20 708 42
f 42 1482 20
f 1485 1071 551
f 93 1396 1277
f 1359 1396 93
f 1378 353 1141
f 1384 1324 600
f 936 1324 1384
f 1008 1175 1520
f 1520 1545 1008
f 1008 1388 1175
f 1008 1545 1388
f 1452 1545 1520
f 1520 796 1452
f 1277 1545 1452
f 796 1321 1452
f 1452 1321 1277
f 1388 1545 351
f 351 1545 1277
f 1277 83 351
f 1175 1388 668
f 978 643 1397
f 1277 340 1397
f 1397 643 1277
f 1114 1351 685
f 685 1061 1114
f 1114 1061 1351
f 197 116 794
f 197 1061 116
f 831 1036 917
f 794 1342 172
f 172 1342 730
f 1044 88 675
f 1412 1044 675
f 1496 1220 1556
f 1496 1186 1220
f 1496 1556 228
f 228 1186 1496
f 27 1085 224
f 159 668 1388
f 1361 524 159
f 524 668 159
f 824 765 990
f 783 1029 1138
f 224 1029 783
f 1138 1029 627
f 627 708 1335
f 800 1041 1001
f 800 1323 461
f 461 1041 800
f 800 1001 1106
f 1106 247 800
f 499 204 123
f 123 682 499
f 1512 1283 1509
f 1512 1247 160
f 276 1225 50
f 1420 276 50
f 649 1105 1501
f 1501 1204 649
f 115 1337 364
f 276 16 364
f 364 16 115
f 1255 115 686
f 115 16 686
f 600 1324 1130
f 1367 845 898
f 979 588 389
f 389 588 531
f 897 655 979
f 924 1012 1316
f 996 875 788
f 494 1188 996
f 444 869 788
f 788 875 444
f 444 875 1021
f 938 869 444
f 494 1038 697
f 697 1188 494
f 697 1038 924
f 586 1548 1335
f 1335 737 586
f 586 737 1180
f 383 186 1036
f 228 483 383
f 1049 1180 917
f 291 1357 1527
f 223 1508 305
f 1527 1508 130
f 1508 223 130
f 130 223 904
f 305 1508 966
f 1508 1507 966
f 855 1508 1527
f 855 264 1508
f 1527 1357 122
f 45 219 751
f 1124 1063 896
f 896 68 1124
f 1090 68 896
f 896 43 1090
f 1063 43 896
f 597 1286 506
f 506 1466 597
f 301 1139 469
f 469 406 214
f 1124 605 895
f 540 1063 895
f 895 1063 1124
f 908 1063 540
f 540 43 908
f 908 43 1063
f 487 899 818
f 818 1258 487
f 913 439 106
f 913 606 439
f 766 606 913
f 492 304 857
f 1348 167 881
f 1348 881 857
f 283 820 944
f 380 820 283
f 1534 113 944
f 944 820 1534
f 125 820 819
f 774 820 125
f 125 449 774
f 803 1011 1177
f 1011 381 971
f 971 381 619
f 971 1177 1011
f 1128 782 1173
f 1173 1261 1128
f 1386 1297 1422
f 1386 513 1297
f 944 113 1168
f 1198 235 1142
f 774 905 438
f 619 511 438
f 438 1408 619
f 438 905 975
f 975 1408 438
f 1107 67 1489
f 1489 67 449
f 449 67 544
f 544 254 1292
f 578 1116 726
f 1047 1116 578
f 578 726 224
f 224 468 578
f 801 1064 1394
f 1394 33 801
f 731 180 1394
f 1394 1064 731
f 1381 837 536
f 837 1290 536
f 1296 975 577
f 1296 577 1182
f 1167 290 1079
f 1167 242 1292
f 1292 290 1167
f 86 1506 441
f 302 837 57
f 57 595 302
f 441 630 120
f 254 630 1490
f 1256 905 242
f 1484 905 1256
f 1309 975 1296
f 1296 1422 1309
f 863 1408 1422
f 619 1408 863
f 1533 1347 1378
f 797 1347 1533
f 1378 398 1533
f 1533 398 161
f 161 1386 1066
f 1066 1386 1422
f 1066 1533 161
f 1087 1533 1066
f 1547 398 733
f 733 398 1378
f 1071 353 967
f 967 353 797
f 826 1533 1087
f 1071 967 826
f 797 1533 826
f 826 967 797
f 648 481 1040
f 1233 481 648
f 1040 723 648
f 584 723 1040
f 1379 723 584
f 584 362 1379
f 1018 362 724
f 867 982 672
f 672 659 867
f 1163 659 672
f 914 298 992
f 992 479 914
f 298 479 992
f 1456 47 568
f 568 479 1456
f 621 61 986
f 421 451 508
f 573 406 108
f 914 1003 893
f 1476 893 1003
f 89 451 229
f 229 850 89
f 1075 690 61
f 1487 1476 139
f 139 1476 1003
f 763 139 1003
f 169 88 816
f 384 1419 685
f 1222 1045 1171
f 1222 1171 874
f 874 809 1222
f 1308 228 930
f 930 809 1308
f 930 1222 809
f 946 1030 769
f 37 1345 1391
f 1391 1419 1282
f 1345 1419 1391
f 1521 1410 294
f 352 737 20
f 917 737 352
f 917 352 118
f 118 638 15
f 352 638 118
f 626 1065 203
f 203 1065 592
f 592 579 203
f 1306 708 528
f 1306 42 708
f 1482 42 1306
f 261 495 1359
f 856 93 1277
f 495 93 856
f 1343 1071 1485
f 1359 1141 1343
f 1343 353 1071
f 1343 1141 353
f 859 510 609
f 609 510 560
f 943 83 1388
f 1388 351 943
f 943 351 83
f 919 643 978
f 978 79 919
f 978 1141 654
f 654 79 978
f 1359 495 654
f 654 1141 1359
f 917 861 762
f 762 831 917
f 1036 831 624
f 448 116 1332
f 1332 278 448
f 749 278 1332
f 861 278 749
f 861 1342 773
f 773 278 861
f 1467 1389 1308
f 1308 260 1467
f 594 874 1521
f 838 222 68
f 417 543 1556
f 1556 1220 417
f 417 1220 575
f 703 468 224
f 1523 27 224
f 224 783 1523
f 1085 27 1272
f 1477 755 1361
f 224 755 1477
f 224 824 872
f 824 990 872
f 872 1029 224
f 178 990 765
f 178 579 834
f 834 990 178
f 1079 868 505
f 868 651 505
f 505 651 123
f 354 160 827
f 354 1068 160
f 168 1068 354
f 1079 505 928
f 928 505 168
f 1322 682 123
f 1322 123 472
f 472 1131 1322
f 535 499 682
f 1283 1512 535
f 160 499 535
f 535 1512 160
f 1509 1283 1480
f 250 1512 1509
f 250 1480 1252
f 1509 1480 250
f 1010 1225 519
f 1010 50 1225
f 519 983 1010
f 1010 983 50
f 1105 1149 415
f 415 1501 1105
f 1204 1501 415
f 519 1204 415
f 415 983 519
f 1486 247 1106
f 1106 631 1486
f 631 474 1486
f 1450 631 1255
f 1514 166 686
f 1130 770 583
f 321 770 1130
f 1492 389 531
f 64 1244 1099
f 1244 1166 1099
f 331 489 64
f 1096 1012 924
f 719 1115 64
f 757 1115 719
f 64 489 719
f 865 1115 939
f 87 1115 757
f 32 162 1522
f 867 1002 1210
f 233 298 914
f 233 1002 298
f 747 1115 865
f 64 1115 747
f 875 996 386
f 181 383 483
f 186 383 181
f 1180 1049 436
f 1491 1374 244
f 1180 1374 1491
f 1036 186 1034
f 1505 465 1214
f 938 444 1214
f 1214 444 1505
f 1380 1214 49
f 45 751 10
f 463 300 1357
f 462 264 849
f 462 871 264
f 849 1481 462
f 1481 871 462
f 264 871 828
f 1357 300 286
f 286 98 1357
f 707 855 1527
f 1527 122 707
f 264 122 671
f 1357 98 671
f 671 122 1357
f 1499 1028 1042
f 1499 966 1507
f 1317 892 537
f 1317 625 1028
f 1028 1499 1317
f 1317 1499 892
f 557 892 751
f 1383 301 263
f 263 1286 1383
f 263 301 1124
f 1124 68 263
f 301 469 1370
f 330 348 1139
f 330 301 1383
f 330 1139 301
f 811 330 1383
f 348 330 811
f 687 348 1310
f 677 207 1094
f 1488 605 301
f 1488 895 605
f 301 1094 1488
f 1488 1094 207
f 228 1090 1488
f 540 895 1488
f 1488 207 228
f 1488 43 540
f 1090 43 1488
f 262 1258 818
f 262 538 1258
f 1258 538 676
f 167 935 1390
f 1192 935 452
f 452 29 1192
f 441 29 452
f 768 40 1153
f 1270 40 768
f 1152 492 857
f 1200 492 1152
f 744 1200 126
f 744 492 1200
f 857 304 1185
f 1185 1348 857
f 19 935 167
f 167 1348 19
f 1495 38 819
f 819 380 1495
f 39 38 1495
f 1495 808 39
f 312 807 39
f 1223 807 312
f 312 1506 1223
f 1089 1506 312
f 947 1128 1261
f 635 234 161
f 635 190 234
f 680 844 1293
f 844 513 1293
f 1407 513 844
f 1297 513 1407
f 1407 844 680
f 680 1422 1407
f 1422 1297 1407
f 1173 1386 1474
f 890 1386 1173
f 513 1386 890
f 890 1293 513
f 661 544 1292
f 1292 242 661
f 774 449 661
f 449 544 661
f 661 905 774
f 242 905 661
f 710 1423 1558
f 13 1098 539
f 692 164 433
f 433 1170 692
f 410 692 456
f 692 1170 456
f 456 142 410
f 879 1149 639
f 639 1149 938
f 938 430 639
f 1053 430 938
f 911 991 400
f 1213 6 572
f 324 1149 879
f 727 526 806
f 1176 526 727
f 721 837 727
f 837 1176 727
f 818 806 44
f 806 526 44
f 65 290 33
f 33 1394 65
f 180 290 65
f 65 1394 180
f 251 1182 577
f 975 1484 251
f 251 577 975
f 1506 86 642
f 642 86 1287
f 642 1287 1107
f 1416 86 441
f 441 120 1416
f 1437 630 254
f 1437 120 630
f 894 254 1531
f 254 1490 1531
f 1341 1256 242
f 1079 63 1341
f 1341 1167 1079
f 242 1167 1341
f 882 1408 975
f 975 1309 882
f 1422 1408 882
f 882 1309 1422
f 516 1422 680
f 516 863 1422
f 1 1422 1296
f 1 1066 1422
f 335 826 157
f 157 826 1087
f 1055 733 1378
f 131 733 1055
f 1547 733 346
f 346 609 1547
f 859 609 346
f 234 190 80
f 1060 659 1163
f 1163 802 1060
f 1018 659 1060
f 1060 1067 1018
f 1060 802 1067
f 712 802 1233
f 1067 802 712
f 798 724 362
f 142 724 798
f 410 142 798
f 1163 672 141
f 141 672 982
f 289 1025 1133
f 914 479 1227
f 479 568 1227
f 571 458 1073
f 986 699 361
f 361 621 986
f 699 571 361
f 361 571 1073
f 229 451 471
f 451 421 471
f 229 1401 799
f 407 552 617
f 407 799 1401
f 81 573 108
f 366 1447 406
f 1102 233 914
f 1102 92 1002
f 1002 233 1102
f 424 1476 1487
f 893 1476 424
f 914 893 424
f 333 1119 1174
f 1146 13 61
f 61 912 1146
f 61 690 884
f 884 912 61
f 229 799 1181
f 690 1075 729
f 729 1181 1529
f 836 1119 333
f 333 873 836
f 134 632 1529
f 134 1098 13
f 139 763 987
f 154 873 1373
f 873 763 1373
f 1373 599 154
f 1373 1227 599
f 1373 763 1003
f 1373 1003 914
f 914 1227 1373
f 1305 169 816
f 1521 1194 1305
f 1389 1307 1305
f 816 1389 1305
f 1305 594 1521
f 940 594 1305
f 973 10 558
f 685 1154 564
f 564 384 685
f 228 1045 530
f 530 930 228
f 1045 1222 530
f 1222 930 530
f 1092 402 946
f 946 769 1515
f 787 1331 1195
f 1331 152 5
f 1195 1331 5
f 1331 1319 1363
f 1363 152 1331
f 20 1482 916
f 153 1117 496
f 496 1468 153
f 600 1468 496
f 496 1384 600
f 1410 498 1035
f 1035 294 1410
f 498 294 1035
f 1155 1194 1521
f 973 558 1155
f 1155 558 1194
f 112 294 498
f 1521 294 112
f 112 1155 1521
f 977 416 1051
f 391 112 498
f 6 1213 608
f 608 1213 1543
f 1051 416 608
f 153 1468 810
f 810 6 1208
f 810 1468 6
f 1300 638 1208
f 15 638 1300
f 917 118 1122
f 1351 917 1122
f 1122 1154 1351
f 1122 564 1154
f 384 564 1122
f 1282 1419 1122
f 1419 384 1122
f 641 498 1410
f 641 118 15
f 1006 626 203
f 1349 626 1006
f 740 592 1065
f 1065 626 740
f 708 592 740
f 740 626 1349
f 227 93 495
f 495 261 227
f 1359 93 227
f 227 261 1359
f 1277 643 1454
f 1454 856 1277
f 1145 1343 1485
f 1485 1482 1145
f 1145 1306 528
f 1482 1306 1145
f 1324 315 1455
f 1455 1211 1324
f 454 1463 1277
f 1277 9 454
f 1277 1321 405
f 533 668 524
f 533 14 668
f 533 524 1361
f 1361 14 533
f 318 14 1361
f 1361 652 318
f 1175 668 318
f 668 14 318
f 1520 1175 318
f 318 652 1520
f 1365 383 1036
f 1036 702 1365
f 1365 702 383
f 228 784 843
f 843 784 201
f 843 201 1332
f 843 116 228
f 1332 116 843
f 587 762 861
f 861 91 587
f 587 91 1332
f 1421 702 1036
f 1036 624 1421
f 1421 624 201
f 201 784 1421
f 1421 784 228
f 228 383 1421
f 383 702 1421
f 195 1342 116
f 116 448 195
f 1307 594 4
f 4 594 940
f 940 1305 4
f 4 1305 1307
f 1308 809 188
f 1412 675 1059
f 543 838 1046
f 1254 838 543
f 222 838 1254
f 543 417 1254
f 1254 417 222
f 1257 68 1090
f 1257 838 68
f 1257 1046 838
f 1090 543 1257
f 543 1046 1257
f 562 417 575
f 222 417 562
f 575 1466 562
f 1466 222 562
f 411 703 224
f 27 1523 367
f 367 1272 27
f 1047 1272 367
f 1047 367 952
f 952 367 213
f 1361 159 877
f 877 1477 1361
f 834 579 240
f 579 592 240
f 240 592 708
f 482 627 1029
f 1029 872 482
f 482 872 990
f 482 990 834
f 708 627 482
f 482 240 708
f 834 240 482
f 412 800 247
f 412 399 800
f 800 399 206
f 206 399 951
f 951 399 1140
f 1140 1322 951
f 204 1068 199
f 199 1068 168
f 123 204 199
f 199 505 123
f 1125 698 160
f 160 1068 1125
f 1125 1068 204
f 21 698 1125
f 1125 499 21
f 204 499 1125
f 636 354 827
f 168 354 1427
f 1427 928 168
f 1079 928 48
f 1247 1512 401
f 311 1247 401
f 56 474 631
f 56 250 1252
f 1512 250 56
f 56 401 1512
f 311 401 56
f 647 440 814
f 647 983 138
f 138 440 647
f 1017 1450 1448
f 827 160 620
f 160 1247 620
f 1236 686 16
f 1236 1514 686
f 1420 50 574
f 574 16 1420
f 50 983 574
f 633 1236 954
f 955 761 135
f 105 583 1020
f 1382 1538 415
f 12 770 193
f 193 770 647
f 647 814 193
f 572 6 1439
f 932 1130 1324
f 932 321 1130
f 322 983 647
f 389 1492 1052
f 915 365 865
f 735 915 865
f 507 1166 1244
f 489 331 328
f 64 1099 257
f 257 1099 1166
f 271 897 979
f 979 758 271
f 924 655 271
f 655 897 271
f 253 758 979
f 718 485 1179
f 718 1179 757
f 760 32 1069
f 982 1210 1069
f 1069 1210 760
f 395 32 760
f 1002 92 1393
f 1393 1210 1002
f 720 982 867
f 867 1210 720
f 720 1210 982
f 191 1052 1199
f 64 747 1103
f 1103 1244 64
f 617 552 165
f 104 165 552
f 670 996 1188
f 670 386 996
f 1318 1120 924
f 924 1316 1318
f 1377 697 924
f 924 1120 1377
f 1120 1318 1441
f 569 780 1180
f 1180 436 569
f 1019 1374 1180
f 1036 1491 658
f 658 1491 244
f 419 1034 186
f 1459 1034 585
f 344 49 1028
f 1380 49 344
f 1028 625 344
f 277 49 1214
f 277 465 563
f 277 1214 465
f 1191 534 777
f 1311 23 1505
f 1311 534 1191
f 1311 777 534
f 265 1303 1042
f 520 265 1042
f 1402 10 751
f 230 219 45
f 45 10 230
f 300 463 927
f 927 1086 300
f 1404 1086 927
f 1218 927 463
f 1218 463 1357
f 300 1086 1549
f 1549 1086 1404
f 1310 348 1549
f 348 811 1549
f 218 1121 345
f 345 423 218
f 423 104 218
f 218 104 552
f 1042 1303 267
f 267 1499 1042
f 305 966 267
f 966 1499 267
f 1243 1406 1354
f 345 1121 1243
f 1446 504 1212
f 1212 871 1446
f 1212 828 871
f 1212 504 716
f 264 671 378
f 378 671 98
f 849 264 378
f 378 98 849
f 185 1499 1507
f 1507 1212 185
f 185 1212 716
f 716 960 185
f 892 1499 185
f 751 892 920
f 920 960 751
f 892 185 920
f 920 185 960
f 1336 1317 537
f 582 219 1511
f 582 751 219
f 582 557 751
f 177 506 1286
f 1286 263 177
f 677 1370 28
f 28 207 677
f 28 469 214
f 28 1370 469
f 228 207 28
f 214 406 28
f 986 228 28
f 28 406 986
f 75 811 1383
f 1383 849 75
f 1139 348 812
f 348 687 812
f 812 687 469
f 963 1370 677
f 677 1094 963
f 301 1370 963
f 963 1094 301
f 211 313 1290
f 603 313 211
f 369 935 1192
f 1192 606 369
f 369 606 766
f 931 676 1158
f 1158 369 931
f 1158 676 538
f 1158 1390 935
f 935 369 1158
f 288 1390 313
f 167 1390 288
f 288 313 603
f 287 1153 40
f 287 369 1153
f 931 369 287
f 40 1270 1262
f 1262 1270 376
f 1399 475 1262
f 1262 376 1399
f 39 808 610
f 610 312 39
f 1542 1072 1537
f 1537 1072 2
f 619 1537 2
f 2 971 619
f 1128 947 1253
f 1253 947 1135
f 1253 1135 803
f 280 161 958
f 1339 1474 1386
f 161 234 1339
f 1339 1386 161
f 388 890 1173
f 1173 71 388
f 1293 890 388
f 1173 782 69
f 69 71 1173
f 782 429 69
f 1000 1168 113
f 235 1168 1000
f 1000 347 235
f 292 1011 803
f 803 235 292
f 235 347 292
f 710 1558 989
f 989 1558 1513
f 1513 1558 994
f 466 539 1098
f 1098 763 466
f 466 763 1295
f 1295 589 466
f 878 1031 154
f 154 599 878
f 284 568 47
f 1413 433 164
f 1018 183 243
f 243 653 1018
f 1298 216 1018
f 1018 653 1298
f 754 1053 938
f 18 1053 991
f 18 991 911
f 969 400 537
f 537 581 969
f 1080 608 1543
f 1051 608 1302
f 608 1080 1302
f 901 415 1149
f 1484 1256 173
f 1256 1341 173
f 173 1341 63
f 173 63 1079
f 1079 48 173
f 1552 1484 173
f 173 48 928
f 1087 1066 62
f 62 1 1087
f 1066 1 62
f 1087 1 158
f 158 1 1296
f 22 58 1249
f 1249 363 22
f 22 363 775
f 1182 251 775
f 1296 1182 775
f 775 158 1296
f 775 363 426
f 1233 802 835
f 802 1371 835
f 1546 830 289
f 289 1133 1546
f 1513 994 1546
f 1546 994 830
f 446 1346 61
f 61 621 446
f 1519 1401 229
f 229 471 1519
f 470 421 1404
f 1404 471 470
f 470 471 421
f 799 407 981
f 981 424 1487
f 981 407 617
f 175 317 1404
f 623 571 699
f 458 571 623
f 573 81 196
f 108 406 215
f 215 81 108
f 406 469 792
f 792 366 406
f 961 424 734
f 961 1102 914
f 914 424 961
f 690 729 1449
f 1449 729 1529
f 1529 632 1449
f 850 907 147
f 147 515 850
f 238 907 850
f 238 850 229
f 229 1181 238
f 1356 589 1295
f 1356 333 1250
f 1356 873 333
f 1295 763 1356
f 1356 763 873
f 862 134 1529
f 1098 134 862
f 618 987 1529
f 1487 139 618
f 139 987 618
f 1428 1186 1412
f 1428 1059 675
f 1412 1059 1428
f 1194 558 1234
f 1234 1305 1194
f 1234 558 373
f 169 1305 1234
f 88 169 1234
f 1234 373 675
f 1234 675 88
f 953 985 575
f 1259 558 953
f 953 558 10
f 946 210 350
f 350 1092 946
f 450 841 796
f 1520 343 450
f 450 796 1520
f 1077 149 1432
f 258 149 1077
f 786 1515 769
f 306 787 1430
f 1430 787 1195
f 11 1089 1430
f 709 70 1089
f 1198 70 709
f 1108 1198 1142
f 1108 70 1198
f 1281 1195 1095
f 1195 5 1095
f 804 1117 153
f 804 916 1117
f 772 1482 1485
f 1485 551 772
f 1117 1056 553
f 553 496 1117
f 1056 772 553
f 936 1384 553
f 1384 496 553
f 973 1155 394
f 1155 112 394
f 394 112 219
f 219 230 394
f 1051 1511 738
f 738 977 1051
f 1511 977 738
f 1458 641 15
f 219 112 501
f 1511 219 501
f 501 977 1511
f 1208 6 689
f 6 608 689
f 689 608 416
f 689 1300 1208
f 416 1300 689
f 498 641 883
f 641 1458 883
f 1294 1300 416
f 1231 1122 118
f 1231 641 1410
f 118 641 1231
f 1282 1122 1231
f 1410 434 1231
f 1231 1391 1282
f 1231 434 37
f 37 1391 1231
f 1039 132 824
f 1039 1006 132
f 1349 1006 1039
f 1136 194 315
f 1136 1324 936
f 1136 315 1324
f 427 194 221
f 315 194 427
f 221 1211 427
f 357 1145 528
f 357 528 1118
f 1118 1396 357
f 1343 1145 357
f 357 1396 1359
f 1359 1343 357
f 1333 454 131
f 1463 454 1333
f 968 733 131
f 131 454 968
f 549 396 637
f 637 457 549
f 549 457 396
f 82 9 1277
f 1277 405 82
f 637 396 1164
f 212 405 1321
f 212 1321 796
f 796 937 212
f 560 510 795
f 663 280 958
f 1332 201 1215
f 1215 587 1332
f 874 594 103
f 103 809 874
f 103 188 809
f 224 1085 26
f 26 411 224
f 1242 783 1138
f 1242 1523 783
f 1242 367 1523
f 213 367 325
f 367 1242 325
f 442 952 213
f 213 1197 442
f 303 412 1283
f 399 412 303
f 1283 535 303
f 1322 1140 523
f 168 505 200
f 200 199 168
f 505 199 200
f 354 636 296
f 296 1427 354
f 296 827 1552
f 296 636 827
f 1014 928 1091
f 928 1427 1091
f 1552 1014 1091
f 1091 296 1552
f 1427 296 1091
f 342 56 1252
f 415 1538 1329
f 493 770 12
f 1255 686 1418
f 686 166 1418
f 1418 1450 1255
f 1418 1448 1450
f 359 1313 431
f 1313 359 700
f 700 58 827
f 827 620 700
f 1504 1247 311
f 1504 620 1247
f 1504 700 620
f 297 1313 1504
f 1313 700 1504
f 1022 56 631
f 566 1236 1162
f 761 955 1162
f 1162 1435 566
f 221 1435 1162
f 1162 955 221
f 566 629 858
f 858 628 566
f 858 629 431
f 16 574 1479
f 413 574 983
f 135 117 356
f 356 955 135
f 135 761 694
f 696 1382 415
f 1538 1382 358
f 358 1382 1020
f 583 1538 358
f 358 1020 583
f 100 455 105
f 105 1020 100
f 1020 1382 100
f 1350 583 105
f 105 1439 1350
f 1350 1439 583
f 583 1439 1239
f 1239 1439 6
f 6 673 1239
f 600 1130 1239
f 1130 583 1239
f 1239 1468 600
f 1239 673 1468
f 6 1468 41
f 41 673 6
f 1468 673 41
f 1498 779 1104
f 604 932 1498
f 880 993 259
f 880 1183 993
f 259 117 880
f 574 413 880
f 880 413 542
f 1554 880 542
f 1550 1554 1340
f 880 1554 1550
f 256 1211 221
f 1324 1211 256
f 1553 3 389
f 372 3 1553
f 464 735 1160
f 1160 1553 464
f 119 1096 374
f 374 1096 924
f 924 271 374
f 840 1316 1012
f 1058 1096 119
f 1316 246 155
f 757 1179 155
f 982 1069 110
f 110 141 982
f 1163 141 110
f 110 802 1163
f 110 1371 802
f 1093 32 1522
f 1093 1069 32
f 464 948 964
f 365 915 1054
f 915 735 1054
f 162 32 644
f 32 395 644
f 644 948 162
f 644 964 948
f 365 776 1291
f 865 365 1291
f 1291 747 865
f 1273 1393 92
f 1273 776 365
f 92 1102 1273
f 1273 1102 734
f 239 191 1199
f 1312 179 1367
f 1312 1367 898
f 561 1201 1473
f 1473 1103 747
f 1473 1291 561
f 747 1291 1473
f 777 1311 1405
f 386 670 1405
f 1405 1311 1505
f 1405 444 1021
f 1505 444 1405
f 1021 875 1405
f 875 386 1405
f 1557 257 1166
f 1180 780 1189
f 1189 1019 1180
f 1471 1034 1459
f 1034 1230 326
f 326 1491 1036
f 1036 1034 326
f 1245 419 186
f 1013 952 1459
f 1459 585 1013
f 1362 1336 1555
f 1317 1336 1362
f 397 344 625
f 1368 1311 1191
f 23 1311 1368
f 1303 265 999
f 999 267 1303
f 999 223 305
f 305 267 999
f 1500 520 23
f 265 520 1500
f 1500 567 265
f 563 465 55
f 23 520 355
f 785 465 1505
f 785 355 520
f 785 55 465
f 1505 23 785
f 23 355 785
f 751 960 962
f 962 1402 751
f 597 985 1187
f 1112 1218 691
f 1357 291 691
f 691 1218 1357
f 1112 927 900
f 900 1218 1112
f 927 1218 900
f 1310 1549 1026
f 1026 1265 1310
f 1404 317 1026
f 1026 1549 1404
f 1026 175 1265
f 317 175 1026
f 1151 218 552
f 552 407 1151
f 1151 407 1401
f 580 1405 1516
f 777 1405 580
f 1191 777 580
f 580 781 1191
f 1354 622 866
f 866 1243 1354
f 678 1244 345
f 1243 1284 678
f 1328 291 1527
f 1527 170 1328
f 1328 691 291
f 109 1212 1507
f 828 1212 109
f 1508 264 109
f 264 828 109
f 97 177 263
f 97 263 68
f 1466 506 97
f 506 177 97
f 68 222 97
f 97 222 1466
f 741 1549 811
f 811 75 741
f 741 286 300
f 300 1549 741
f 521 469 1139
f 1139 812 521
f 521 812 469
f 517 1290 837
f 517 211 1290
f 114 19 1348
f 1205 1542 1537
f 1537 1269 1205
f 1205 1269 429
f 1205 429 782
f 1358 635 161
f 1358 1326 635
f 635 1326 7
f 1445 1134 1474
f 1474 1339 1445
f 347 1392 437
f 437 292 347
f 437 1392 438
f 437 438 511
f 903 994 1558
f 1494 994 903
f 903 1558 1423
f 1423 1494 903
f 1048 830 66
f 830 994 66
f 1043 994 1494
f 984 241 1431
f 589 1356 1431
f 1250 984 1431
f 1431 1356 1250
f 823 1109 576
f 823 1174 1119
f 1352 1423 710
f 1352 1494 1423
f 1352 1275 986
f 986 13 1352
f 13 539 1352
f 1352 539 576
f 974 1275 1352
f 1352 710 974
f 568 284 392
f 599 1227 392
f 392 1227 568
f 183 1413 972
f 972 243 183
f 1555 754 767
f 767 754 938
f 767 1362 1555
f 938 377 767
f 430 1053 269
f 1053 18 269
f 911 400 1009
f 400 969 1009
f 911 995 1016
f 1016 995 639
f 879 639 299
f 639 995 299
f 879 570 1483
f 1483 570 1193
f 1483 324 879
f 541 570 581
f 1193 570 541
f 541 581 537
f 537 892 541
f 892 557 541
f 1543 1213 650
f 650 1080 1543
f 650 1213 572
f 572 1080 650
f 1149 324 591
f 245 1414 1015
f 282 187 232
f 572 1414 282
f 282 1080 572
f 572 665 293
f 1037 665 572
f 1037 696 231
f 572 1439 1037
f 1037 1439 105
f 105 455 1037
f 1015 669 443
f 443 245 1015
f 415 901 443
f 335 157 1472
f 157 274 1472
f 1472 1464 335
f 1472 1144 1464
f 1472 274 194
f 194 1144 1472
f 194 274 59
f 566 1435 59
f 646 157 426
f 646 274 157
f 646 59 274
f 426 363 646
f 918 157 1087
f 1087 158 918
f 22 775 1525
f 1525 775 251
f 1525 1484 22
f 1525 251 1484
f 237 959 793
f 390 959 237
f 289 216 390
f 390 1025 289
f 1346 446 546
f 1524 927 1112
f 1404 927 1524
f 1524 471 1404
f 1524 1519 471
f 1487 799 182
f 182 981 1487
f 799 981 182
f 1172 175 1404
f 1404 421 1172
f 1172 421 508
f 458 623 1172
f 1409 623 699
f 573 623 1409
f 699 406 1409
f 406 573 1409
f 163 623 573
f 573 196 163
f 163 1172 623
f 406 1447 1536
f 1536 215 406
f 1447 215 1536
f 1447 366 209
f 209 215 1447
f 408 687 1310
f 1310 1265 408
f 469 687 408
f 734 424 1320
f 424 695 1320
f 1320 1273 734
f 424 981 76
f 76 695 424
f 76 165 1201
f 617 165 76
f 76 981 617
f 776 1273 76
f 734 1102 1429
f 1429 961 734
f 1102 961 1429
f 451 89 387
f 90 547 144
f 144 1172 90
f 90 1172 508
f 124 147 907
f 1539 147 124
f 61 1539 124
f 1529 1181 1184
f 1184 618 1529
f 1184 1181 799
f 1184 799 1487
f 1487 618 1184
f 1220 1428 1411
f 1411 1259 1220
f 675 373 1411
f 1411 1428 675
f 1411 558 1259
f 373 558 1411
f 1220 1186 518
f 518 1428 1220
f 1186 1428 518
f 445 953 575
f 1259 953 445
f 575 1220 445
f 1220 1259 445
f 1092 350 1376
f 1376 96 258
f 847 210 1261
f 847 1261 1173
f 96 360 1387
f 258 96 1387
f 1387 149 258
f 778 80 316
f 316 80 190
f 778 149 657
f 107 1077 1432
f 841 1077 739
f 94 841 739
f 1150 786 236
f 1150 1135 1478
f 1478 786 1150
f 306 1430 25
f 1089 70 25
f 25 1430 1089
f 153 810 129
f 129 804 153
f 129 810 1208
f 1280 352 20
f 20 916 1280
f 916 804 1280
f 667 772 1056
f 1117 916 667
f 667 1056 1117
f 667 916 1482
f 1482 772 667
f 848 230 10
f 848 394 230
f 848 10 973
f 973 394 848
f 112 391 145
f 145 501 112
f 416 977 854
f 977 501 854
f 854 1294 416
f 391 1294 854
f 854 145 391
f 501 145 854
f 403 1294 391
f 403 391 498
f 498 883 403
f 403 1458 15
f 403 883 1458
f 740 923 121
f 1118 708 121
f 708 740 121
f 1388 923 73
f 73 923 740
f 73 740 159
f 73 159 1388
f 224 1477 371
f 1470 551 1071
f 1071 826 1470
f 1470 826 335
f 476 1144 194
f 476 553 545
f 662 1136 936
f 194 1136 662
f 1510 937 796
f 796 841 1510
f 1510 841 94
f 1334 1164 405
f 637 1164 1334
f 405 212 1334
f 1334 457 637
f 1334 937 457
f 1334 212 937
f 970 663 958
f 156 103 594
f 188 103 156
f 732 688 260
f 732 260 1308
f 1308 188 732
f 1459 952 791
f 952 442 791
f 522 442 1197
f 682 1322 1224
f 1322 523 1224
f 474 56 1276
f 56 342 1276
f 983 415 323
f 415 1329 323
f 128 1329 1538
f 128 1538 583
f 60 583 770
f 770 493 60
f 1448 500 1050
f 1017 1448 1050
f 431 1313 1415
f 1415 858 431
f 166 1514 615
f 833 705 1313
f 889 1249 58
f 58 700 889
f 889 700 359
f 889 359 431
f 297 1504 602
f 146 1504 311
f 102 1436 1017
f 761 1162 976
f 976 633 761
f 566 628 949
f 949 309 566
f 1514 1236 1267
f 16 1479 447
f 954 1236 447
f 447 1236 16
f 779 413 1032
f 1032 413 983
f 341 117 135
f 574 880 341
f 341 880 117
f 221 955 1288
f 955 356 1288
f 761 633 1219
f 1219 694 761
f 231 696 512
f 512 696 415
f 1100 604 322
f 1100 322 647
f 99 1554 542
f 99 413 779
f 542 413 99
f 99 779 1498
f 1498 932 99
f 99 932 1324
f 1324 256 99
f 1434 268 1340
f 1340 1554 1434
f 1554 99 1434
f 1434 99 256
f 1434 1550 268
f 221 1550 1434
f 1434 256 221
f 1340 268 1544
f 1544 1550 1340
f 268 1550 1544
f 1559 1550 221
f 745 993 1559
f 993 1183 1559
f 1559 1288 745
f 221 1288 1559
f 389 1052 1385
f 1052 191 1385
f 1385 191 611
f 1385 611 464
f 464 1553 1385
f 372 1553 459
f 1553 1160 459
f 735 817 198
f 758 253 420
f 17 1132 119
f 1279 735 865
f 1279 817 735
f 1188 697 728
f 728 670 1188
f 697 1377 853
f 853 728 697
f 24 485 529
f 529 1318 24
f 529 1441 1318
f 1316 840 1126
f 1203 840 1012
f 1096 1058 1083
f 119 1132 957
f 957 1058 119
f 1221 155 246
f 1221 87 757
f 757 155 1221
f 1111 110 1069
f 1069 1093 1111
f 1371 110 1111
f 365 1054 1400
f 760 1210 1400
f 1210 1393 1400
f 1400 1273 365
f 1393 1273 1400
f 561 1291 1462
f 1462 1291 776
f 191 239 418
f 418 921 191
f 1522 162 1461
f 1461 835 1522
f 272 1473 423
f 1103 1473 272
f 1244 1103 272
f 272 423 345
f 345 1244 272
f 742 1473 1201
f 1201 165 742
f 165 104 742
f 742 104 423
f 423 1473 742
f 1354 1406 1493
f 713 1557 1441
f 713 1441 1274
f 257 1557 713
f 1540 1230 1034
f 1034 1471 1540
f 596 1497 1047
f 1047 952 596
f 419 1245 596
f 344 397 368
f 368 397 377
f 368 377 938
f 1516 999 1442
f 1042 55 1541
f 1541 520 1042
f 1541 785 520
f 55 785 1541
f 716 504 255
f 255 960 716
f 255 962 960
f 255 504 1446
f 1446 1402 255
f 1402 962 255
f 1355 1402 1446
f 1446 871 1355
f 1355 871 1481
f 1355 1481 597
f 597 1187 1355
f 985 953 1285
f 1285 1187 985
f 1285 953 10
f 1005 1401 1112
f 218 1151 590
f 1121 218 590
f 590 691 1121
f 1243 866 550
f 550 1284 1243
f 345 1243 51
f 51 678 345
f 1244 678 1518
f 1518 678 1284
f 1518 853 1244
f 1406 1243 1246
f 1246 1328 170
f 1246 1243 1121
f 1121 691 1246
f 691 1328 1246
f 1443 1507 1508
f 1508 109 1443
f 1443 109 1507
f 98 286 1535
f 286 741 1535
f 1535 741 75
f 849 98 1535
f 1535 75 849
f 1237 821 19
f 19 114 1237
f 19 821 1101
f 829 1101 478
f 478 1101 821
f 478 254 894
f 478 1278 254
f 1088 47 1048
f 1048 66 1088
f 1088 994 47
f 1088 66 994
f 47 994 1344
f 1344 1043 47
f 994 1043 1344
f 813 1431 241
f 539 1431 813
f 576 539 813
f 842 823 1119
f 1109 823 842
f 576 1109 1263
f 1263 1352 576
f 270 1413 164
f 270 972 1413
f 1076 995 911
f 911 1009 1076
f 327 541 557
f 327 582 1511
f 557 582 327
f 327 1511 1051
f 1051 1302 327
f 1007 1302 1080
f 1007 327 1302
f 1080 1217 1235
f 1202 591 324
f 1414 245 319
f 319 282 1414
f 572 293 693
f 665 1037 1517
f 226 901 379
f 664 59 1435
f 664 1435 221
f 363 1249 933
f 933 646 363
f 158 775 870
f 426 157 684
f 157 918 684
f 684 775 426
f 825 629 566
f 566 59 825
f 59 1190 825
f 237 793 1169
f 1169 270 164
f 1025 390 1004
f 1004 390 237
f 1123 607 621
f 334 446 621
f 621 607 334
f 54 546 446
f 428 1524 1112
f 1519 1524 428
f 1112 1401 428
f 1401 1519 428
f 1073 458 337
f 458 1172 337
f 249 196 175
f 249 163 196
f 175 1172 249
f 1172 163 249
f 81 215 1438
f 215 209 1438
f 1265 792 1502
f 1502 408 1265
f 1502 792 469
f 469 408 1502
f 695 76 746
f 746 76 1273
f 746 1320 695
f 1273 1320 746
f 554 1075 61
f 61 124 554
f 96 1376 101
f 101 1376 350
f 360 847 565
f 565 847 1173
f 565 1387 360
f 565 657 1387
f 1173 1474 565
f 1474 657 565
f 1110 149 778
f 778 316 1110
f 778 657 1074
f 1074 657 1474
f 149 1387 295
f 295 657 149
f 1387 657 295
f 1266 786 769
f 1266 236 786
f 638 804 74
f 804 129 74
f 1208 638 74
f 74 129 1208
f 1395 804 638
f 1465 638 352
f 352 1280 1465
f 1465 1280 638
f 1300 1294 1315
f 15 1300 1315
f 1315 403 15
f 1118 121 1325
f 1325 121 923
f 1325 1388 1118
f 1325 923 1388
f 1248 740 1349
f 1349 1039 1248
f 84 1039 824
f 84 371 1039
f 84 824 224
f 224 371 84
f 936 553 1027
f 553 476 1027
f 1196 772 551
f 551 1470 1196
f 1196 476 545
f 545 553 1196
f 1196 553 772
f 1196 1470 335
f 555 662 936
f 225 795 143
f 143 1070 85
f 937 1510 266
f 396 457 266
f 457 937 266
f 266 143 795
f 107 143 266
f 510 396 266
f 266 795 510
f 958 225 887
f 887 970 958
f 225 143 887
f 887 143 85
f 188 156 435
f 435 156 688
f 435 732 188
f 688 732 435
f 260 688 717
f 688 156 717
f 1548 586 839
f 1329 128 1127
f 1127 128 493
f 583 60 885
f 885 60 493
f 1313 705 491
f 705 1050 491
f 285 1050 500
f 628 858 497
f 858 1415 497
f 1268 1313 297
f 1268 833 1313
f 1451 889 431
f 431 629 1451
f 629 825 1451
f 1451 825 1190
f 1249 889 1451
f 473 602 1017
f 297 602 473
f 1017 1050 473
f 473 1050 705
f 1504 146 886
f 56 1022 886
f 1137 1504 886
f 1251 1450 1017
f 1017 1240 1251
f 1017 1436 942
f 942 1240 1017
f 1436 102 945
f 95 1162 1236
f 95 976 1162
f 1236 633 95
f 633 976 95
f 349 949 628
f 309 949 349
f 851 1267 1236
f 851 1236 566
f 322 1469 176
f 176 1469 1024
f 983 322 176
f 888 1469 779
f 1084 1104 779
f 779 1469 1084
f 932 604 8
f 30 1553 389
f 389 1385 30
f 30 1385 1553
f 1444 198 817
f 817 420 1444
f 192 420 253
f 192 253 372
f 192 1444 420
f 372 459 192
f 220 17 817
f 817 1279 220
f 1132 17 220
f 670 728 480
f 876 853 1377
f 728 853 548
f 1244 853 925
f 925 507 1244
f 1166 507 925
f 925 876 1166
f 853 876 925
f 485 718 1528
f 1528 529 485
f 1274 1441 127
f 127 328 331
f 248 246 1316
f 1316 1126 248
f 865 939 906
f 906 1058 865
f 906 1083 1058
f 488 1400 1054
f 488 395 760
f 760 1400 488
f 488 644 395
f 964 644 488
f 464 964 488
f 488 735 464
f 488 1054 735
f 1530 1201 561
f 561 1462 1530
f 1530 1462 776
f 1530 76 1201
f 776 76 1530
f 921 418 1426
f 1367 921 1426
f 845 1367 1426
f 162 948 1403
f 1403 1461 162
f 1403 948 464
f 898 308 1216
f 1233 835 1216
f 835 1461 1216
f 1216 1453 1233
f 1216 308 1453
f 1228 1405 670
f 1165 170 1527
f 1165 1493 170
f 1527 130 1165
f 1165 130 904
f 598 1493 1406
f 170 1493 598
f 1406 1246 598
f 598 1246 170
f 1497 596 382
f 382 596 1245
f 567 1299 307
f 265 567 307
f 307 999 265
f 307 1299 1191
f 1191 781 307
f 781 999 307
f 393 999 781
f 393 1442 999
f 10 1402 753
f 753 1285 10
f 1402 1355 753
f 753 1355 1187
f 1187 1285 753
f 683 1151 1401
f 1401 1005 683
f 683 590 1151
f 691 590 683
f 1112 691 683
f 683 1005 1112
f 1243 678 790
f 790 51 1243
f 678 51 790
f 743 478 894
f 829 478 743
f 910 1109 1031
f 910 1263 1109
f 1031 878 910
f 910 878 599
f 599 392 910
f 910 392 284
f 77 910 284
f 1263 910 77
f 1352 1263 77
f 77 284 47
f 47 1043 77
f 541 327 852
f 327 1007 852
f 1193 541 852
f 601 1217 324
f 601 1235 1217
f 324 1217 34
f 34 1202 324
f 926 1217 1080
f 370 693 293
f 669 693 370
f 370 443 669
f 1078 1037 231
f 1078 1517 1037
f 1271 443 901
f 901 226 1271
f 245 443 1271
f 1271 226 187
f 187 282 1271
f 425 226 379
f 934 425 1161
f 1161 926 934
f 934 926 1080
f 194 59 1264
f 59 664 1264
f 221 194 1264
f 1264 664 221
f 205 684 918
f 918 484 205
f 205 870 775
f 775 684 205
f 59 646 1425
f 1425 1190 59
f 1425 715 1190
f 771 1169 793
f 270 1169 771
f 217 387 607
f 607 1123 217
f 607 387 1398
f 546 54 1366
f 850 515 1366
f 81 1438 822
f 822 792 1265
f 366 792 822
f 822 196 81
f 1265 175 822
f 175 196 822
f 1474 1134 922
f 922 1074 1474
f 656 1280 804
f 804 1395 656
f 638 1280 656
f 656 1395 638
f 1294 403 1156
f 1156 1315 1294
f 403 1315 1156
f 1039 371 151
f 151 1248 1039
f 151 371 1477
f 681 151 1477
f 1248 151 681
f 740 1248 681
f 1097 476 194
f 1097 1027 476
f 194 662 1097
f 662 555 1097
f 936 1027 1097
f 1097 555 936
f 335 1464 1238
f 1238 1196 335
f 1464 1144 1238
f 1144 476 1238
f 476 1196 1238
f 614 143 635
f 1070 143 614
f 635 7 614
f 107 266 1057
f 1077 107 1057
f 1057 739 1077
f 1197 839 140
f 140 522 1197
f 1148 128 583
f 583 885 1148
f 493 128 1148
f 1148 885 493
f 35 285 500
f 1415 285 35
f 35 497 1415
f 1190 715 815
f 815 1451 1190
f 1249 1451 815
f 715 1425 815
f 815 933 1249
f 646 933 815
f 815 1425 646
f 311 56 756
f 56 1314 756
f 1369 1314 56
f 56 886 1369
f 1369 886 146
f 136 945 102
f 1137 945 136
f 136 1504 1137
f 1267 851 1159
f 1159 349 1267
f 309 349 1159
f 566 309 1159
f 1159 851 566
f 1024 1469 1424
f 1469 888 1424
f 1424 176 1024
f 1424 888 176
f 176 888 891
f 891 1032 983
f 983 176 891
f 779 1032 891
f 891 888 779
f 604 1100 711
f 711 8 604
f 556 548 1129
f 728 548 556
f 273 622 1354
f 1129 414 336
f 336 414 764
f 1301 137 414
f 1129 548 1301
f 1301 414 1129
f 1441 529 184
f 184 127 1441
f 328 127 184
f 939 1532 1157
f 1157 906 939
f 1157 1532 840
f 840 1203 1157
f 179 1312 980
f 674 1403 171
f 464 611 171
f 171 1403 464
f 670 480 1207
f 480 148 1207
f 467 252 1354
f 1354 1493 467
f 467 1493 660
f 338 750 1147
f 1516 1405 486
f 486 999 1516
f 904 223 902
f 902 1165 904
f 223 1493 902
f 1493 1165 902
f 853 1518 422
f 965 1043 1494
f 965 77 1043
f 1494 1352 965
f 1352 77 965
f 1193 852 1209
f 1209 852 1007
f 1209 1007 1080
f 1080 1235 1209
f 329 934 1080
f 329 282 232
f 1080 282 329
f 226 425 52
f 425 934 52
f 679 918 158
f 679 484 918
f 158 870 679
f 432 1123 547
f 432 217 1123
f 547 90 432
f 546 1366 53
f 279 54 446
f 1289 279 1113
f 1113 279 446
f 666 1289 1113
f 89 666 1113
f 1360 1438 209
f 1360 822 1438
f 1360 209 366
f 366 822 1360
f 1526 839 586
f 1526 140 839
f 532 615 1514
f 497 35 789
f 1354 148 385
f 385 148 480
f 1354 252 725
f 725 148 1354
f 622 273 950
f 950 273 764
f 764 414 950
f 1284 137 748
f 137 1301 748
f 748 1518 1284
f 748 422 1518
f 1461 980 1460
f 1461 1403 320
f 320 980 1461
f 320 1403 674
f 1033 1207 148
f 1082 467 660
f 252 467 846
f 509 1207 846
f 1375 750 223
f 223 1147 1375
f 1375 1147 750
f 660 1493 1327
f 1327 1493 223
f 223 750 1327
f 660 46 1551
f 78 1366 515
f 78 53 1366
f 446 1398 375
f 497 789 704
f 704 789 532
f 704 532 1514
f 490 980 1312
f 490 1460 980
f 660 1207 332
f 332 1082 660
f 332 1207 509
f 252 846 1338
f 1338 846 1207
f 1207 1033 1338
f 208 46 660
f 660 1327 208
f 1405 1228 1226
f 1226 486 1405
f 223 999 1226
f 999 486 1226
f 133 1226 1228
f 640 1226 133
f 338 1147 314
f 314 1226 640
f 314 1147 223
f 223 1226 314
f 759 1113 446
f 446 375 759
f 1241 375 1398
f 1241 1398 387
f 1241 387 89
f 89 1113 1241
f 1228 1551 909
f 909 133 1228
f 909 1551 46
f 1361 755 652
f 726 1116 652
f 652 755 726
f 652 1116 612
f 730 1061 172
f 172 197 794
f 1061 197 172
f 698 499 160
f 21 499 698
f 996 701 525
f 649 1225 996
f 477 111 996
f 525 1206 996
f 634 714 996
f 996 31 1081
f 788 1232 996
f 996 1229 409
f 996 111 1353
f 1353 701 996
f 996 1260 477
f 1206 1229 996
f 409 1440 996
f 996 805 613
f 613 31 996
f 276 364 996
f 996 1038 494
f 996 956 929
f 929 752 996
f 996 1337 634
f 996 1440 805
f 996 1232 649
f 996 714 956
f 752 1260 996
f 996 1225 276
f 1081 655 996
f 941 1038 996
f 996 655 941
f 996 364 1337
f 1192 29 606
f 988 404 606
f 606 29 988
f 606 404 439
f 830 47 289
f 1048 47 830
f 749 91 861
f 1332 91 749
f 707 122 264
f 264 855 707
f 727 832 472
f 472 1417 727
f 727 806 832
f 1417 616 727
f 727 616 721
f 642 125 819
f 1107 1489 642
f 642 807 1223
f 1223 1506 642
f 819 38 642
f 449 125 642
f 642 38 39
f 39 807 642
f 642 1489 449
f 254 544 1437
f 1437 67 310
f 1287 86 1437
f 310 1287 1437
f 1437 544 67
f 1437 1416 120
f 86 1416 1437
f 1233 648 712
f 1379 1067 712
f 712 723 1379
f 712 648 723
f 798 481 410
f 1040 481 798
f 798 584 1040
f 362 584 798
f 203 579 1006
f 1006 765 824
f 824 132 1006
f 579 178 1006
f 1006 178 765
f 495 856 1454
f 643 919 1454
f 1454 654 495
f 1454 919 79
f 79 654 1454
f 195 448 278
f 195 773 1342
f 278 773 195
f 1323 800 206
f 206 1131 1323
f 206 1322 1131
f 951 1322 206
f 3 253 979
f 979 389 3
f 372 253 3
f 106 1062 369
f 369 864 376
f 1062 864 369
f 768 1153 369
f 369 913 106
f 766 913 369
f 376 1270 369
f 369 1270 768
f 1290 313 1158
f 1381 536 1158
f 818 44 1158
f 1158 1176 1381
f 1158 262 818
f 1158 526 1176
f 1158 536 1290
f 538 262 1158
f 313 1390 1158
f 1158 44 526
f 899 487 1262
f 475 899 1262
f 931 287 1262
f 1262 487 1258
f 1262 676 931
f 1258 676 1262
f 1262 287 40
f 69 1537 619
f 69 1269 1537
f 1293 388 69
f 619 863 69
f 680 1293 69
f 69 516 680
f 863 516 69
f 429 1269 69
f 69 388 71
f 113 1534 1392
f 774 438 1392
f 1392 820 774
f 1392 1534 820
f 1392 1000 113
f 347 1000 1392
f 1413 183 1018
f 1018 724 1413
f 142 456 1413
f 1413 456 1170
f 1413 724 142
f 1170 433 1413
f 991 1053 754
f 754 400 991
f 537 400 754
f 754 1336 537
f 1555 1336 754
f 173 928 1014
f 173 1014 1552
f 13 1146 1449
f 1449 134 13
f 1449 884 690
f 1449 1146 912
f 912 884 1449
f 632 134 1449
f 862 763 1098
f 1529 987 862
f 862 987 763
f 174 36 1430
f 706 11 1430
f 1430 36 706
f 1430 1195 174
f 709 1495 380
f 944 1168 709
f 709 283 944
f 380 283 709
f 709 610 808
f 709 1168 235
f 235 1198 709
f 808 1495 709
f 1089 312 709
f 312 610 709
f 1211 1455 427
f 427 1455 315
f 1378 1141 1333
f 978 1397 1333
f 340 1463 1333
f 1333 1141 978
f 1333 1055 1378
f 1333 1397 340
f 131 1055 1333
f 1164 396 510
f 859 346 1164
f 733 968 1164
f 1164 510 859
f 1164 454 9
f 1164 346 733
f 9 82 1164
f 1164 968 454
f 1164 82 405
f 958 398 795
f 1547 609 795
f 795 398 1547
f 795 609 560
f 795 225 958
f 831 762 1215
f 201 624 1215
f 1215 624 831
f 762 587 1215
f 468 703 26
f 1047 578 26
f 26 578 468
f 26 1272 1047
f 1085 1272 26
f 703 411 26
f 24 1318 155
f 155 485 24
f 1179 485 155
f 155 1318 1316
f 1189 1049 917
f 917 1036 1189
f 1036 658 1189
f 780 569 1189
f 1189 436 1049
f 244 1374 1189
f 1189 569 436
f 1374 1019 1189
f 1189 658 244
f 1028 49 55
f 1042 1028 55
f 55 277 563
f 49 277 55
f 837 302 517
f 857 881 517
f 881 167 517
f 517 1152 857
f 517 595 1200
f 167 288 517
f 517 302 595
f 1200 1152 517
f 603 211 517
f 517 288 603
f 782 1128 1205
f 971 2 1205
f 803 1177 1205
f 1177 971 1205
f 1205 1253 803
f 1205 2 1072
f 1128 1253 1205
f 1072 1542 1205
f 437 1023 453
f 437 511 1023
f 1011 292 437
f 453 381 437
f 437 381 1011
f 539 466 1431
f 1431 466 589
f 625 1317 767
f 1317 1362 767
f 767 397 625
f 377 397 767
f 430 269 1016
f 1016 639 430
f 1016 18 911
f 1016 269 18
f 455 100 1037
f 1382 696 1037
f 1037 100 1382
f 402 1092 1376
f 343 402 1376
f 258 1077 1376
f 1376 450 343
f 841 450 1376
f 1376 1077 841
f 946 1515 1478
f 1478 1261 946
f 1478 947 1261
f 1135 947 1478
f 1515 786 1478
f 1331 787 25
f 1142 1331 25
f 25 787 306
f 25 1108 1142
f 70 1108 25
f 399 303 1224
f 1224 535 682
f 1224 303 535
f 1224 1140 399
f 1224 523 1140
f 1276 412 247
f 1252 1480 1276
f 1276 1486 474
f 247 1486 1276
f 1283 412 1276
f 1276 1480 1283
f 1276 342 1252
f 1288 993 745
f 259 993 1288
f 1288 117 259
f 1288 356 117
f 954 447 1219
f 1219 633 954
f 135 694 1219
f 1219 1479 574
f 1219 341 135
f 1219 447 1479
f 574 341 1219
f 880 1550 1559
f 1183 880 1559
f 17 271 758
f 758 420 17
f 119 374 17
f 17 374 271
f 17 420 817
f 1111 835 1371
f 1522 835 1111
f 1111 1093 1522
f 596 585 1034
f 1034 419 596
f 952 1013 596
f 596 1013 585
f 368 1214 1380
f 938 1214 368
f 1380 344 368
f 23 1368 1299
f 1299 1368 1191
f 1299 1500 23
f 567 1500 1299
f 478 744 126
f 126 1278 478
f 304 492 478
f 478 1185 304
f 492 744 478
f 1348 1185 478
f 821 1237 478
f 478 114 1348
f 478 1237 114
f 1250 333 813
f 813 984 1250
f 813 241 984
f 813 823 576
f 1174 823 813
f 333 1174 813
f 1031 1109 842
f 1119 836 842
f 842 873 154
f 154 1031 842
f 842 836 873
f 1076 1009 969
f 1076 570 879
f 1076 969 581
f 581 570 1076
f 879 299 1076
f 1076 299 995
f 1015 1414 693
f 693 1414 572
f 693 669 1015
f 710 989 1004
f 1004 164 710
f 1513 1546 1004
f 1004 1169 164
f 1004 1133 1025
f 1004 989 1513
f 1004 1546 1133
f 237 1169 1004
f 621 361 337
f 337 361 1073
f 547 1123 337
f 337 1172 144
f 144 547 337
f 337 1123 621
f 554 729 1075
f 554 238 1181
f 1181 729 554
f 907 238 554
f 554 124 907
f 210 847 101
f 101 350 210
f 101 360 96
f 101 847 360
f 1266 769 1030
f 1266 1030 1281
f 1266 1319 1150
f 1281 1095 1266
f 1266 1363 1319
f 1266 5 152
f 152 1363 1266
f 1266 1095 5
f 1150 236 1266
f 190 635 143
f 1432 149 143
f 143 316 190
f 143 107 1432
f 149 1110 143
f 143 1110 316
f 1389 1467 717
f 717 1307 1389
f 717 1467 260
f 717 594 1307
f 717 156 594
f 1335 1548 839
f 839 627 1335
f 839 1242 1138
f 1138 627 839
f 839 325 1242
f 839 1197 213
f 213 325 839
f 1127 138 983
f 12 193 1127
f 1127 814 440
f 440 138 1127
f 1127 193 814
f 1127 493 12
f 983 323 1127
f 1127 323 1329
f 1313 491 285
f 285 1415 1313
f 285 491 1050
f 705 833 473
f 473 1268 297
f 833 1268 473
f 945 1022 631
f 631 1450 945
f 945 942 1436
f 1137 886 945
f 1450 1251 945
f 945 886 1022
f 945 1251 1240
f 1240 942 945
f 1084 604 1498
f 1498 1104 1084
f 322 604 1084
f 1084 1469 322
f 192 1160 735
f 192 459 1160
f 735 198 192
f 198 1444 192
f 220 1279 865
f 220 957 1132
f 865 1058 220
f 1058 957 220
f 876 1557 1166
f 876 1377 1120
f 1120 1441 876
f 1441 1557 876
f 64 257 127
f 127 331 64
f 127 713 1274
f 257 713 127
f 1532 939 1115
f 87 1221 1532
f 1115 87 1532
f 246 248 1532
f 1532 1126 840
f 1532 1221 246
f 1532 248 1126
f 1426 239 1199
f 531 845 1426
f 1199 1052 1426
f 1426 1492 531
f 1426 1052 1492
f 1426 418 239
f 382 181 483
f 483 1497 382
f 382 1245 186
f 186 181 382
f 781 580 393
f 393 580 1516
f 1516 1442 393
f 743 630 441
f 441 452 743
f 894 1531 743
f 743 1490 630
f 743 452 935
f 935 19 743
f 743 1531 1490
f 19 1101 743
f 743 1101 829
f 1078 370 293
f 415 443 1078
f 231 512 1078
f 1078 293 665
f 1078 512 415
f 665 1517 1078
f 443 370 1078
f 282 319 1271
f 1271 319 245
f 591 1202 425
f 425 901 1149
f 1149 591 425
f 379 901 425
f 1217 926 425
f 425 34 1217
f 1202 34 425
f 425 926 1161
f 653 243 771
f 216 1298 771
f 771 1298 653
f 771 793 959
f 243 972 771
f 771 390 216
f 959 390 771
f 972 270 771
f 1398 334 607
f 446 334 1398
f 1134 1445 922
f 234 80 922
f 922 80 778
f 922 1339 234
f 922 1445 1339
f 778 1074 922
f 681 877 159
f 159 740 681
f 1477 877 681
f 161 280 614
f 280 663 614
f 614 1358 161
f 85 1070 614
f 614 7 1326
f 1326 1358 614
f 663 970 614
f 614 887 85
f 970 887 614
f 1057 1510 94
f 94 739 1057
f 1057 266 1510
f 311 756 1369
f 1369 146 311
f 1369 756 1314
f 136 602 1504
f 1017 602 136
f 136 102 1017
f 770 321 711
f 647 770 711
f 321 932 711
f 711 1100 647
f 932 8 711
f 184 719 489
f 757 719 184
f 489 328 184
f 184 718 757
f 184 1528 718
f 529 1528 184
f 1157 1203 1012
f 1012 1096 1157
f 1096 1083 1157
f 1083 906 1157
f 324 1483 1209
f 1209 1483 1193
f 1209 601 324
f 1235 601 1209
f 187 226 52
f 232 187 52
f 52 329 232
f 934 329 52
f 679 205 484
f 870 205 679
f 451 387 432
f 508 451 432
f 432 90 508
f 387 217 432
f 279 666 89
f 279 89 850
f 850 1366 279
f 279 1366 54
f 279 1289 666
f 1491 326 1526
f 1459 791 1526
f 1526 586 1180
f 1180 1491 1526
f 1526 1471 1459
f 1230 1540 1526
f 1526 326 1230
f 1526 791 442
f 442 522 1526
f 1526 1540 1471
f 522 140 1526
f 789 500 1448
f 789 1418 166
f 1448 1418 789
f 166 615 789
f 789 35 500
f 615 532 789
f 764 273 385
f 1129 336 385
f 385 273 1354
f 385 480 728
f 385 556 1129
f 728 556 385
f 385 336 764
f 950 550 866
f 950 866 622
f 1284 550 950
f 950 137 1284
f 414 137 950
f 748 1301 548
f 853 422 748
f 748 548 853
f 191 921 320
f 1367 179 320
f 611 191 320
f 320 921 1367
f 179 980 320
f 320 171 611
f 674 171 320
f 670 1207 1551
f 1551 1228 670
f 1551 1207 660
f 61 1346 78
f 78 1539 61
f 78 147 1539
f 1346 546 78
f 515 147 78
f 546 53 78
f 704 349 628
f 1514 1267 704
f 628 497 704
f 1267 349 704
f 490 1312 898
f 898 1216 490
f 490 1216 1461
f 1461 1460 490
f 467 1082 332
f 509 846 332
f 332 846 467
f 148 725 1338
f 1338 725 252
f 1338 1033 148
f 1241 759 375
f 1113 759 1241
f 909 1327 750
f 909 750 338
f 338 314 909
f 46 208 909
f 909 208 1327
f 640 133 909
f 909 314 640

