# https://github.com/mikedh/trimesh
v 0.00498679 -0.02016404 0.02260471
v 0.04913199 -0.02605187 0.01102543
v 0.03607782 -0.02577344 0.01614487
v 0.00000002 -0.00012720 0.02221309
v 0.03583020 -0.02957845 0.00729516
v 0.00109529 -0.02843907 0.01056449
v 0.00002973 -0.00586664 0.02842373
v 0.00035741 -0.01773504 0.02349071
v 0.00009013 -0.00138431 0.02905645
v 0.00000020 -0.00902097 0.00000676
v 0.03378994 -0.02943958 0.00786957
v 0.04327797 -0.02926882 0.00655576
v 0.03495695 -0.03038437 0.00235311
v 0.00122594 -0.01952383 0.02308604
v 0.00057829 -0.02521890 0.01590818
v 0.04966114 -0.02730473 0.00662413
v 0.04312387 -0.02982547 0.00319118
v 0.00857664 -0.01000182 0.02830426
v 0.04950033 -0.02692221 0.00822462
v 0.03324576 -0.02901842 0.00927828
v 0.00024159 -0.02881230 0.00558633
v 0.00217325 -0.02971549 0.00678650
v 0.04291243 -0.02530208 0.01611070
v 0.03532582 -0.02894111 0.00948989
v 0.00000020 -0.00270037 0.02880079
v 0.00570348 -0.02134107 0.02154766
v 0.04994102 -0.02788581 0.00224406
v 0.00018116 -0.02892731 0.00444961
v 0.04195265 -0.02854579 0.00975290
v 0.00083493 -0.01817630 0.02385923
v 0.00007665 -0.00849507 0.02779693
v 0.00111818 -0.00647484 0.02923715
v 0.03558312 -0.03007746 0.00488518
v 0.03381339 -0.02709573 0.01386655
v 0.04774304 -0.02464913 0.01487572
v 0.01081626 -0.02244284 0.02044040
v 0.00879331 -0.02059248 0.02222904
v 0.00378160 -0.02497784 0.01733290
v 0.00036129 -0.01741145 0.02373560
v 0.00141780 -0.00431164 0.02967836
v 0.03937898 -0.02437708 0.01792837
v 0.03426258 -0.02713065 0.01379661
v 0.04419631 -0.02915601 0.00623311
v 0.03470160 -0.02808454 0.01176091
v 0.04867227 -0.02717822 0.00852767
v 0.00702407 -0.02823595 0.01141768
v 0.04034053 -0.02573471 0.01601882
v 0.00908270 -0.01873096 0.02374219
v 0.04836958 -0.02813571 0.00519352
v 0.00013784 -0.01998435 0.02126337
v 0.04533139 -0.02818007 0.00885530
v 0.00150000 -0.00005217 0.00420990
v 0.00021297 -0.02772046 0.00950622
v 0.04751426 -0.02746746 0.00894838
v 0.00423730 -0.00988550 0.02834776
v 0.00782114 -0.00823621 0.02885547
v 0.00000020 -0.02891787 0.00110355
v 0.00122115 -0.01284830 0.02714994
v 0.03455134 -0.02569758 0.01626681
v 0.00142483 -0.00041102 0.02998926
v 0.00406187 -0.00807724 0.02890036
v 0.00066302 -0.01472753 0.02583600
v 0.03914106 -0.03030636 0.00226423
v 0.04764899 -0.02874102 0.00257825
v 0.04783682 -0.02618997 0.01189929
v 0.04295636 -0.02987676 0.00295675
v 0.01155861 -0.03033376 0.00306440
v 0.00059704 -0.02717975 0.01235549
v 0.04107523 -0.02698998 0.01366967
v 0.00852500 -0.02934504 0.00822151
v 0.00055301 -0.02903937 0.00675319
v 0.00452310 -0.02844143 0.01090517
v 0.00166091 -0.02710674 0.01384737
v 0.04559893 -0.02895088 0.00552818
v 0.04501953 -0.02574979 0.01455910
v 0.02681161 -0.02799409 0.01197832
v 0.00135695 -0.01884759 0.02363246
v 0.00000008 -0.00004903 0.02724394
v 0.01416122 -0.02420701 0.01837604
v 0.00057667 -0.00620319 0.02890966
v 0.04622655 -0.02915150 0.00298010
v 0.00782542 -0.02828107 0.01130687
v 0.00209098 -0.03012237 0.00470488
v 0.03792888 -0.03010306 0.00457077
v 0.00800520 -0.02252124 0.02035665
v 0.00085383 -0.02832127 0.01041884
v 0.03848486 -0.02590181 0.01590170
v 0.00011871 -0.02588945 0.01342791
v 0.04792123 -0.02871268 0.00133772
v 0.04408436 -0.02844998 0.00890762
v 0.00733203 -0.02764062 0.01275955
v 0.00031202 -0.02405497 0.01695391
v 0.04716766 -0.02713103 0.01024756
v 0.03339010 -0.02944660 0.00785092
v 0.00888225 -0.01212873 0.02749511
v 0.00000020 -0.00380852 0.02868843
v 0.00318765 -0.00941318 0.02850129
v 0.00530628 -0.01524003 0.02599307
v 0.00109735 -0.02508511 0.01697651
v 0.00160344 -0.02851816 0.01069770
v 0.04543328 -0.02620025 0.01348411
v 0.00138603 -0.02039343 0.02238515
v 0.03638734 -0.02911565 0.00890370
v 0.02726902 -0.02837168 0.01107981
v 0.03364331 -0.02923564 0.00856157
v 0.03095486 -0.02716847 0.01372879
v 0.03380286 -0.02816788 0.01157281
v 0.03777806 -0.03043431 0.00008144
v 0.00024947 -0.00209782 0.02916513
v 0.03828694 -0.03041646 0.00039452
v 0.00490956 -0.00161862 0.02995569
v 0.03870910 -0.02913470 0.00869242
v 0.01360716 -0.03049344 0.00002876
v 0.00659736 -0.01569787 0.02573369
v 0.00000020 -0.02591385 0.01281622
v 0.00073315 -0.01892188 0.02316093
v 0.00019056 -0.02782696 0.00910675
v 0.03237020 -0.02812582 0.01168104
v 0.00310199 -0.03040764 0.00227731
v 0.04086011 -0.02878653 0.00943546
v 0.04056938 -0.02861300 0.00999042
v 0.00347667 -0.01597866 0.02557198
v 0.00061233 -0.01228724 0.02697290
v 0.00146743 -0.01838771 0.02399539
v 0.04074631 -0.03015769 0.00279528
v 0.04508858 -0.02919659 0.00499904
v 0.00022056 -0.01866979 0.02255101
v 0.00816738 -0.00327510 0.02981873
v 0.04316989 -0.02672462 0.01355172
v 0.01997901 -0.02835066 0.01113321
v 0.00048300 -0.02952868 0.00331002
v 0.00734908 -0.03011341 0.00476043
v 0.03555062 -0.03038600 0.00224223
v 0.00296942 -0.02454752 0.01792679
v 0.00116456 -0.00328691 0.02977929
v 0.01805599 -0.03009194 0.00489346
v 0.00038009 -0.02944673 0.00262976
v 0.00581855 -0.02824983 0.01138398
v 0.04971053 -0.02708508 0.00734874
v 0.04049562 -0.02669725 0.01432358
v 0.01000827 -0.02199311 0.02090665
v 0.03470727 -0.03042975 0.00143832
v 0.03843368 -0.02954091 0.00733034
v 0.04205965 -0.02458387 0.01739923
v 0.00827647 -0.01315945 0.02704207
v 0.00056840 -0.01865779 0.02311018
v 0.04195739 -0.02477278 0.01714610
v 0.04913131 -0.02437002 0.01413307
v 0.03716450 -0.03036720 0.00225222
v 0.00806089 -0.01850955 0.02390947
v 0.00074624 -0.00245359 0.02962938
v 0.00131228 -0.00780660 0.02895502
v 0.04990583 -0.02299663 0.01301863
v 0.03903119 -0.03028942 0.00252376
v 0.00005775 -0.00072781 0.02903986
v 0.00147790 -0.02762103 0.01278271
v 0.00020835 -0.02911485 0.00335258
v 0.04027475 -0.02814574 0.01130174
v 0.00097898 -0.03027938 0.00116868
v 0.01936447 -0.02786226 0.01227014
v 0.04465879 -0.02967595 0.00002757
v 0.00006095 -0.00058864 0.02904628
v 0.04273450 -0.02954902 0.00567047
v 0.03162892 -0.02812400 0.01168569
v 0.00108702 -0.00307810 0.02977428
v 0.01541517 -0.02451366 0.01797342
v 0.00435528 -0.01101080 0.02794433
v 0.00892236 -0.01784127 0.02437867
v 0.04980365 -0.02760441 0.00494493
v 0.04516208 -0.02833343 0.00851420
v 0.00084545 -0.00947672 0.02827982
v 0.00015925 -0.02714208 0.01084709
v 0.03366803 -0.02712612 0.01380886
v 0.00147401 -0.00942499 0.02849786
v 0.01962366 -0.02843436 0.01092462
v 0.00114986 -0.00406064 0.02967490
v 0.04009923 -0.02529206 0.01669489
v 0.01412151 -0.02707933 0.01390038
v 0.00757346 -0.00001225 0.02849963
v 0.04910451 -0.02441615 0.01415564
v 0.00199795 -0.02109374 0.02177736
v 0.04494243 -0.02928002 0.00471639
v 0.00135666 -0.02595492 0.01582516
v 0.04044347 -0.02910238 0.00852386
v 0.03750744 -0.03035924 0.00231464
v 0.00010098 -0.01436988 0.02531517
v 0.04626817 -0.02455243 0.01589391
v 0.00190693 -0.02520636 0.01699718
v 0.00695671 -0.01572313 0.02571928
v 0.00124556 -0.02909340 0.00885606
v 0.00133520 -0.00926065 0.02854001
v 0.01459744 -0.02433434 0.01821077
v 0.00847340 -0.01585762 0.02564262
v 0.04292834 -0.02997724 0.00135066
v 0.03946796 -0.02958018 0.00700696
v 0.04118826 -0.02564085 0.01599612
v 0.00891170 -0.01593031 0.02559954
v 0.00101188 -0.01865979 0.02363849
v 0.04864639 -0.02344618 0.01450397
v 0.04312960 -0.02976499 0.00382615
v 0.00022611 -0.02900268 0.00440870
v 0.04198871 -0.02698704 0.01344696
v 0.03150992 -0.02899419 0.00000072
v 0.00160590 -0.02633954 0.01520918
v 0.00741178 -0.02588802 0.01596991
v 0.03260505 -0.02804447 0.01186309
v 0.00119659 -0.01856600 0.02380373
v 0.00127533 -0.02110383 0.02172878
v 0.00164488 -0.02583769 0.01604977
v 0.00036830 -0.00556547 0.02882808
v 0.00047928 -0.02969188 0.00102247
v 0.00091002 -0.01021849 0.02808104
v 0.00000020 -0.02828421 0.00589215
v 0.00474526 -0.01434381 0.02646734
v 0.04844014 -0.02838038 0.00336601
v 0.01653619 -0.02444416 0.01806648
v 0.04094517 -0.02580635 0.01578854
v 0.00541975 -0.02230067 0.02059103
v 0.03997028 -0.03007461 0.00406509
v 0.03830781 -0.03019250 0.00374058
v 0.00085691 -0.00055183 0.02981365
v 0.03645488 -0.02575017 0.01617605
v 0.04307788 -0.02834829 0.00985483
v 0.00740816 -0.00035552 0.02999068
v 0.04095243 -0.03001250 0.00394813
v 0.03327692 -0.03021836 0.00384293
v 0.04646140 -0.02632870 0.01260742
v 0.00110124 -0.01561482 0.02569649
v 0.04031843 -0.02490390 0.01724717
v 0.04300286 -0.02914664 0.00728236
v 0.00150000 -0.00092287 0.00002090
v 0.04330407 -0.02839368 0.00959297
v 0.04967317 -0.02422201 0.01368090
v 0.00892321 -0.01939522 0.02323385
v 0.00000020 -0.01604721 0.02407606
v 0.04890583 -0.02797374 0.00493533
v 0.00868265 -0.01749158 0.02462137
v 0.03383312 -0.03039720 0.00234618
v 0.03420712 -0.02808386 0.01176831
v 0.00261149 -0.02935392 0.00818845
v 0.00000020 -0.02442094 0.00003951
v 0.04536840 -0.02520842 0.01527868
v 0.00051797 -0.00143899 0.02947767
v 0.00150000 -0.00032082 0.00080017
v 0.03813403 -0.02830370 0.01114249
v 0.00202148 -0.02493748 0.01738970
v 0.00113354 -0.00337366 0.02976383
v 0.04481556 -0.02956446 0.00232371
v 0.03832351 -0.02527782 0.01684914
v 0.01316340 -0.03041320 0.00219917
v 0.00871445 -0.01476404 0.02624804
v 0.00085315 -0.02088917 0.02164552
v 0.03827357 -0.02726756 0.01345396
v 0.00039423 -0.02779630 0.01008287
v 0.00889896 -0.01388458 0.02668995
v 0.03348877 -0.03029171 0.00324743
v 0.00059842 -0.01662694 0.02461359
v 0.04765674 -0.02713348 0.00977703
v 0.00024798 -0.02930393 0.00190280
v 0.00095834 -0.02392023 0.01844993
v 0.02990189 -0.02704171 0.01397128
v 0.00076561 -0.01103106 0.02766110
v 0.00112224 -0.02893580 0.00924031
v 0.01314117 -0.02443175 0.01808286
v 0.04093529 -0.02876176 0.00948111
v 0.04550496 -0.02804836 0.00908604
v 0.04025334 -0.02726650 0.01326147
v 0.03191040 -0.03042758 0.00199642
v 0.00158006 -0.03046597 0.00101750
v 0.01220904 -0.02346985 0.01928686
v 0.04903139 -0.02385443 0.01420686
v 0.00719646 -0.00225545 0.02991018
v 0.00000010 -0.00021291 0.00065525
v 0.00025414 -0.02934051 0.00125468
v 0.00104108 -0.00436389 0.02959330
v 0.00000001 -0.00001042 0.00434514
v 0.00400319 -0.02208720 0.02080864
v 0.00071810 -0.02608965 0.01484003
v 0.00204210 -0.02719778 0.01366949
v 0.00045616 -0.02831762 0.00885664
v 0.04658405 -0.02895734 0.00378202
v 0.00182105 -0.01881539 0.02368313
v 0.03657053 -0.02875514 0.00998019
v 0.01287361 -0.02425828 0.01830936
v 0.03951325 -0.02533092 0.01668336
v 0.04281259 -0.02974525 0.00447914
v 0.04266492 -0.02999330 0.00214541
v 0.00134041 -0.00229481 0.02989972
v 0.00300056 -0.02880256 0.00992611
v 0.00000020 -0.02880968 0.00297387
v 0.00878060 -0.01335827 0.02694550
v 0.00462766 -0.02964077 0.00710409
v 0.04706716 -0.02530739 0.01415846
v 0.04310257 -0.02506778 0.01640982
v 0.00044884 -0.00601288 0.02881932
v 0.03708888 -0.02966305 0.00689105
v 0.00804239 -0.00344040 0.02979658
v 0.00391311 -0.02403803 0.01858826
v 0.00074018 -0.01462808 0.02598017
v 0.04709661 -0.02813975 0.00714806
v 0.00878709 -0.01830514 0.02405228
v 0.04826612 -0.02602530 0.01191292
v 0.04602188 -0.02745544 0.01031977
v 0.04969037 -0.02299663 0.01354872
v 0.00903880 -0.02769889 0.01263234
v 0.00094204 -0.02773834 0.01206181
v 0.00853473 -0.01430843 0.02648419
v 0.03814028 -0.02749730 0.01297663
v 0.00052820 -0.00620341 0.02886085
v 0.03532097 -0.03042966 0.00119686
v 0.04200065 -0.02953004 0.00624484
v 0.03285343 -0.02843655 0.01091850
v 0.00881455 -0.01766668 0.02450144
v 0.00189019 -0.02667626 0.01463257
v 0.00775090 -0.01454093 0.02636733
v 0.00209956 -0.00809916 0.02889408
v 0.00096634 -0.02940191 0.00729739
v 0.00896563 -0.01642145 0.02529733
v 0.03361822 -0.02861144 0.01043135
v 0.00072161 -0.02269823 0.01957431
v 0.04200276 -0.02868409 0.00933410
v 0.04503767 -0.02586553 0.01435325
v 0.00275800 -0.03048897 0.00019045
v 0.02716529 -0.03000709 0.00534342
v 0.04250772 -0.02723264 0.01280786
v 0.04673300 -0.02729021 0.01022632
v 0.00092199 -0.03026709 0.00040827
v 0.04801593 -0.02869208 0.00093327
v 0.00000020 -0.02879475 0.00019017
v 0.00033560 -0.02720470 0.01137171
v 0.00002179 -0.02759662 0.00901462
v 0.00096181 -0.03024580 0.00176464
v 0.00837553 -0.00272730 0.02986968
v 0.00008104 -0.00303545 0.02892022
v 0.04813679 -0.02844220 0.00380743
v 0.00064771 -0.02189025 0.02033000
v 0.04247559 -0.02978901 0.00455149
v 0.00000003 -0.00018463 0.02305733
v 0.03351290 -0.02950142 0.00763896
v 0.02268397 -0.02967084 0.00697398
v 0.04734792 -0.02664140 0.01126356
v 0.00150490 -0.03046517 0.00098554
v 0.01367632 -0.02819385 0.01151912
v 0.00682891 -0.03010997 0.00478341
v 0.00028514 -0.02775165 0.00973308
v 0.00600399 -0.02973118 0.00671939
v 0.00065639 -0.00960290 0.02806449
v 0.00861944 -0.03006805 0.00503183
v 0.04050194 -0.02939068 0.00751232
v 0.04193921 -0.02570355 0.01573423
v 0.00098625 -0.02384347 0.01857388
v 0.02918653 -0.03042731 0.00199919
v 0.03384918 -0.02928457 0.00839728
v 0.04373097 -0.02956409 0.00459703
v 0.04233224 -0.02707715 0.01317518
v 0.04160258 -0.02989336 0.00446385
v 0.01108881 -0.02361360 0.01911267
v 0.04035834 -0.02843258 0.01051973
v 0.00692774 -0.00893835 0.02864930
v 0.04481677 -0.02916374 0.00551121
v 0.00087452 -0.02997100 0.00386193
v 0.03341217 -0.02797597 0.01200792
v 0.03355995 -0.02960052 0.00725900
v 0.03361377 -0.02947672 0.00773130
v 0.04680051 -0.02815240 0.00746544
v 0.00894933 -0.00869937 0.02872365
v 0.00398327 -0.03028204 0.00352375
v 0.04394905 -0.02969264 0.00303722
v 0.00884554 -0.01465285 0.02630754
v 0.00060509 -0.02983895 0.00186830
v 0.04635086 -0.02428312 0.01593283
v 0.03267266 -0.02963496 0.00712407
v 0.04023033 -0.02809296 0.01144926
v 0.04210822 -0.03009551 0.00129178
v 0.03865216 -0.02812378 0.01156242
v 0.04817168 -0.02847939 0.00340088
v 0.04023113 -0.03030568 0.00054145
v 0.04179188 -0.02479573 0.01714568
v 0.04444183 -0.02906690 0.00637337
v 0.04332750 -0.02915587 0.00700731
v 0.00777781 -0.01032052 0.02819748
v 0.00074549 -0.03001592 0.00231694
v 0.01626538 -0.03007124 0.00501703
v 0.04810447 -0.02850621 0.00338813
v 0.04836961 -0.02829485 0.00424848
v 0.00362610 -0.00095521 0.02997506
v 0.00654983 -0.02686460 0.01430154
v 0.03075134 -0.03002788 0.00523506
v 0.03446330 -0.03041320 0.00200963
v 0.00135422 -0.01779178 0.02439798
v 0.00362244 -0.03049068 0.00012866
v 0.04518529 -0.02543465 0.01499391
v 0.00474637 -0.00486774 0.02959997
v 0.04677263 -0.02299663 0.01565951
v 0.00050077 -0.02646553 0.01352127
v 0.03342669 -0.02911671 0.00895556
v 0.03874354 -0.02593445 0.01582368
v 0.03719380 -0.02802180 0.01186465
v 0.00276590 -0.00615528 0.02935677
v 0.03278822 -0.02886866 0.00972426
v 0.00768213 -0.00483061 0.02960768
v 0.00027146 -0.02619594 0.01332424
v 0.00024153 -0.02907659 0.00404324
v 0.00866238 -0.00504138 0.02956801
v 0.00484065 -0.02453627 0.01794228
v 0.03030766 -0.02564822 0.01634604
v 0.00169063 -0.00318661 0.02982874
v 0.04155573 -0.02950160 0.00660822
v 0.03304387 -0.02710688 0.01384749
v 0.04522358 -0.02745741 0.01090312
v 0.00064326 -0.02765017 0.01147067
v 0.02448424 -0.03013828 0.00454231
v 0.00194203 -0.00944522 0.02849146
v 0.00894034 -0.01129957 0.02783456
v 0.03236150 -0.02706674 0.01392457
v 0.00061919 -0.02052821 0.02161969
v 0.00238077 -0.01519071 0.02601915
v 0.04538702 -0.02868755 0.00693668
v 0.04865131 -0.02789446 0.00579850
v 0.00879551 -0.02006259 0.02268841
v 0.00079614 -0.02051597 0.02191102
v 0.04264814 -0.02879662 0.00873577
v 0.04202923 -0.02465492 0.01730217
v 0.00898542 -0.00417904 0.02969599
v 0.04301431 -0.02933786 0.00646234
v 0.00134259 -0.02617184 0.01544246
v 0.00084650 -0.03008595 0.00267241
v 0.00000020 -0.02125606 0.00000640
v 0.04142849 -0.02864726 0.00964131
v 0.00625738 -0.00206116 0.02992565
v 0.00155737 -0.02895138 0.00949605
v 0.00076855 -0.03005513 0.00216177
v 0.00203759 -0.03041121 0.00222306
v 0.04615092 -0.02925994 0.00149692
v 0.03320337 -0.03032947 0.00295443
v 0.04038177 -0.02487143 0.01728558
v 0.00394145 -0.01998691 0.02275330
v 0.04699145 -0.02467102 0.01527681
v 0.00008054 -0.02398635 0.01646519
v 0.02649734 -0.02797944 0.01201029
v 0.00076082 -0.02924982 0.00715593
v 0.00062175 -0.02774555 0.01114474
v 0.03378833 -0.03044153 0.00144589
v 0.04961696 -0.02584633 0.01101894
v 0.04899505 -0.02813694 0.00364297
v 0.00146154 -0.03029035 0.00332957
v 0.00624402 -0.02252839 0.02034702
v 0.00907877 -0.00203616 0.02985024
v 0.01112173 -0.02280662 0.02004655
v 0.00832434 -0.03025774 0.00369425
v 0.00513010 -0.02978864 0.00644624
v 0.00284100 -0.00796015 0.02893021
v 0.02909179 -0.03048241 0.00039360
v 0.00123919 -0.01809658 0.02416877
v 0.04803760 -0.02590084 0.01236525
v 0.04607865 -0.02906686 0.00409481
v 0.04003595 -0.02703507 0.01378290
v 0.04068583 -0.02885698 0.00928913
v 0.00005121 -0.00868929 0.02770939
v 0.00144696 -0.02941482 0.00790088
v 0.04307201 -0.02894184 0.00794709
v 0.00000020 -0.02315612 0.01737943
v 0.02229091 -0.02896418 0.00945810
v 0.04034292 -0.02797853 0.01171222
v 0.00077956 -0.01446706 0.02610822
v 0.00239457 -0.02679245 0.01443309
v 0.02039113 -0.03039953 0.00238004
v 0.03578561 -0.02924574 0.00847544
v 0.00970161 -0.02716308 0.01373882
v 0.00150007 -0.00002558 0.02471280
v 0.03771980 -0.02708446 0.01386474
v 0.04457675 -0.02946158 0.00401857
v 0.00134404 -0.01624142 0.02539572
v 0.00388885 -0.00148509 0.02996078
v 0.03619710 -0.02820007 0.01146460
v 0.04331907 -0.02917697 0.00693013
v 0.00064975 -0.01820202 0.02359002
v 0.04000444 -0.02955413 0.00701764
v 0.04731496 -0.02834909 0.00598316
v 0.00432960 -0.01592770 0.02560191
v 0.04579008 -0.02479899 0.01573434
v 0.00004221 -0.02621177 0.01253032
v 0.00814797 -0.00867447 0.02873127
v 0.00062667 -0.02590132 0.01490877
v 0.00815966 -0.00173854 0.02994820
v 0.00902172 -0.01936768 0.02325531
v 0.04695514 -0.02430517 0.01560451
v 0.04691893 -0.02899547 0.00223669
v 0.00198666 -0.02910226 0.00901332
v 0.04303055 -0.02971076 0.00443604
v 0.04995564 -0.02794411 0.00063135
v 0.00133425 -0.02330058 0.01945586
v 0.00584667 -0.02710987 0.01384141
v 0.00933592 -0.03045887 0.00127116
v 0.00446973 -0.02755974 0.01293600
v 0.00106761 -0.02969648 0.00624523
v 0.00842681 -0.01854620 0.02388281
v 0.00764474 -0.02389263 0.01877029
v 0.00132674 -0.02715422 0.01369295
v 0.01294618 -0.02448828 0.01800786
v 0.04312357 -0.02614992 0.01464538
v 0.04365924 -0.02958412 0.00453968
v 0.04712734 -0.02841607 0.00594417
v 0.04925855 -0.02788966 0.00464429
v 0.00789526 -0.02150293 0.02139220
v 0.04443344 -0.02970990 0.00071516
v 0.03284926 -0.02937539 0.00810792
v 0.00146098 -0.01985659 0.02285754
v 0.04445754 -0.02967368 0.00167743
v 0.00149727 -0.03033722 0.00300730
v 0.02475086 -0.02894617 0.00951173
v 0.04753243 -0.02310470 0.01520767
v 0.00000020 -0.02890794 0.00149401
v 0.00036854 -0.00531133 0.02887602
v 0.04620918 -0.02332757 0.01599897
v 0.04989145 -0.02603023 0.01025662
v 0.01127342 -0.02377557 0.01891701
v 0.03776711 -0.02902934 0.00915342
v 0.00037128 -0.00914585 0.02790836
v 0.00271669 -0.01749574 0.02461905
v 0.00193089 -0.01434917 0.02646489
v 0.04477205 -0.02930226 0.00481734
v 0.00068500 -0.00434621 0.02935154
v 0.02375788 -0.02843080 0.01093352
v 0.04639485 -0.02748811 0.00994918
v 0.02456404 -0.02728254 0.01349886
v 0.03419319 -0.03043532 0.00147373
v 0.00070112 -0.02763671 0.01171704
v 0.03946662 -0.02542737 0.01654329
v 0.00150000 -0.00018616 0.00120148
v 0.00066254 -0.02966293 0.00437637
v 0.00005878 -0.02618301 0.01264645
v 0.04604276 -0.02925164 0.00242231
v 0.04622266 -0.02717755 0.01091015
v 0.00620613 -0.02821096 0.01147853
v 0.03941656 -0.02514092 0.01697362
v 0.00280299 -0.02715569 0.01375295
v 0.04996919 -0.02407690 0.01342005
v 0.04955554 -0.02812733 0.00035044
v 0.00055809 -0.02980794 0.00112963
v 0.00529844 -0.02895960 0.00947187
v 0.04260582 -0.02864223 0.00924387
v 0.00701264 -0.00019968 0.02999478
v 0.04923294 -0.02307753 0.01401073
v 0.04961258 -0.02792986 0.00332950
v 0.04069933 -0.02945636 0.00720948
v 0.01230906 -0.03040187 0.00235156
v 0.00285581 -0.02974771 0.00664881
v 0.02796602 -0.03006337 0.00505888
v 0.00213179 -0.02913739 0.00889926
v 0.00029035 -0.01536429 0.02497599
v 0.00003845 -0.02674360 0.01134777
v 0.04666899 -0.02337245 0.01576037
v 0.04876417 -0.02780509 0.00599022
v 0.00293257 -0.01824218 0.02410231
v 0.00150007 -0.02468985 0.00000524
v 0.04392426 -0.02941609 0.00516481
v 0.00317605 -0.00852904 0.02877196
v 0.04767301 -0.02818483 0.00616012
v 0.01833332 -0.02579148 0.01612259
v 0.00023282 -0.00788643 0.02814816
v 0.04999765 -0.02539835 0.00677562
v 0.00220807 -0.01475836 0.02625075
v 0.04012529 -0.02490858 0.01726158
v 0.00000020 -0.00758557 0.02786237
v 0.00173616 -0.01551545 0.02583730
v 0.00133380 -0.01364270 0.02681224
v 0.00064546 -0.02988833 0.00206843
v 0.04199657 -0.02980772 0.00474828
v 0.00115644 -0.02422220 0.01823198
v 0.00037540 -0.02803507 0.00933299
v 0.03395992 -0.03047667 0.00031168
v 0.00081743 -0.01481041 0.02596397
v 0.00109016 -0.02888317 0.00937117
v 0.00555177 -0.02707139 0.01391491
v 0.04998635 -0.02742804 0.00541690
v 0.04775893 -0.02601818 0.01233585
v 0.04967685 -0.02796539 0.00269182
v 0.04374046 -0.02912193 0.00682761
v 0.04102776 -0.02575105 0.01585799
v 0.03334008 -0.03045113 0.00130742
v 0.00255265 -0.01134795 0.02781446
v 0.00152923 -0.02836263 0.01110357
v 0.00071047 -0.02953360 0.00554477
v 0.04766178 -0.02877848 0.00177344
v 0.04556868 -0.02937753 0.00232020
v 0.00090614 -0.01991617 0.02255270
v 0.04246529 -0.02870933 0.00909460
v 0.00897154 -0.00589053 0.02940645
v 0.00118120 -0.00587074 0.02937914
v 0.00527940 -0.00162668 0.02995520
v 0.00424672 -0.00173535 0.02994799
v 0.00264318 -0.01817064 0.02415208
v 0.01569238 -0.02832408 0.01119945
v 0.03335656 -0.02728098 0.01348986
v 0.00097812 -0.03028560 0.00099326
v 0.00070966 -0.02071336 0.02160940
v 0.00225420 -0.00500413 0.02957363
v 0.01370367 -0.03046538 0.00103745
v 0.00008762 -0.00687171 0.02825315
v 0.00066285 -0.02431469 0.01743632
v 0.04794284 -0.02857204 0.00334370
v 0.00796841 -0.01702808 0.02492508
v 0.00000019 -0.00127199 0.02871426
v 0.03812977 -0.02745952 0.01305762
v 0.04268907 -0.02927943 0.00699255
v 0.00165936 -0.01738382 0.02469299
v 0.00011086 -0.02715163 0.01061570
v 0.03900452 -0.02956476 0.00715449
v 0.04988283 -0.02299663 0.01182538
v 0.01098075 -0.02263248 0.02023832
v 0.00643068 -0.01114842 0.02789462
v 0.00096276 -0.01392842 0.02653368
v 0.04884860 -0.02683837 0.00002422
v 0.00298783 -0.01435118 0.02646392
v 0.04820096 -0.02458873 0.01465554
v 0.04553179 -0.02440142 0.01633775
v 0.00210818 -0.02689177 0.01425060
v 0.00000020 -0.01687237 0.02354698
v 0.03665670 -0.02811953 0.01165636
v 0.04143649 -0.02947805 0.00677898
v 0.00068050 -0.00511779 0.02923246
v 0.03820293 -0.02468061 0.01772404
v 0.00117048 -0.00306587 0.02980044
v 0.03979963 -0.02899889 0.00898707
v 0.00691656 -0.03049247 0.00006415
v 0.00016399 -0.02766080 0.00945717
v 0.04180258 -0.02558234 0.01595580
v 0.03168798 -0.03008046 0.00495485
v 0.00075302 -0.02658456 0.01404265
v 0.00760514 -0.02098429 0.02188130
v 0.00129947 -0.00278980 0.02984923
v 0.00320823 -0.03005269 0.00510871
v 0.04254309 -0.02876270 0.00889584
v 0.03871838 -0.03008859 0.00449031
v 0.03681518 -0.02582474 0.01606031
v 0.00039440 -0.02958231 0.00043133
v 0.04017228 -0.02898816 0.00896408
v 0.04811944 -0.02860376 0.00225182
v 0.00788214 -0.01556501 0.02580904
v 0.04803326 -0.02725916 0.00905014
v 0.04318406 -0.02799319 0.01072249
v 0.01945587 -0.03043703 0.00184731
v 0.04844641 -0.02840357 0.00309690
v 0.00103769 -0.01165146 0.02760361
v 0.00537005 -0.02898344 0.00939807
v 0.04433737 -0.02451979 0.01680492
v 0.00067640 -0.02547113 0.01577247
v 0.00898087 -0.00565183 0.02945186
v 0.00025406 -0.02921850 0.00303654
v 0.00991285 -0.02157852 0.02132019
v 0.00122647 -0.02768347 0.01250959
v 0.00147201 -0.02854981 0.01058083
v 0.04766636 -0.02649497 0.01133203
v 0.04440771 -0.02816753 0.00957062
v 0.02822730 -0.03038462 0.00254119
v 0.00557607 -0.00871184 0.02872030
v 0.00066433 -0.02203370 0.02020340
v 0.04774046 -0.02825153 0.00577897
v 0.00079382 -0.00943256 0.02825309
v 0.00038520 -0.00677857 0.02858712
v 0.04618172 -0.02304929 0.01600216
v 0.03271687 -0.02958099 0.00733658
v 0.04862520 -0.02831610 0.00330018
v 0.00709284 -0.00650002 0.02928736
v 0.00177717 -0.01436709 0.02645557
v 0.04918897 -0.02819048 0.00235798
v 0.00697635 -0.02218844 0.02070837
v 0.04410568 -0.02315120 0.01692514
v 0.00000020 -0.00605180 0.02827840
v 0.00107212 -0.01451496 0.02628671
v 0.00196409 -0.02426244 0.01830293
v 0.03828015 -0.03022599 0.00345005
v 0.04410340 -0.02825026 0.00956066
v 0.03067347 -0.02809604 0.01175225
v 0.03851189 -0.02965032 0.00686584
v 0.00071950 -0.00108481 0.02968710
v 0.04868569 -0.02814218 0.00445768
v 0.04387709 -0.02977139 0.00214474
v 0.04901612 -0.02452439 0.01417893
v 0.04533162 -0.02925031 0.00422290
v 0.02669985 -0.02810778 0.01172544
v 0.04624376 -0.02902359 0.00407675
v 0.00069255 -0.00381602 0.02943480
v 0.03320782 -0.02451001 0.01797790
v 0.04808285 -0.02869037 0.00029064
v 0.03327396 -0.02995637 0.00557387
v 0.04200938 -0.03002492 0.00270577
v 0.03806805 -0.03036336 0.00200265
v 0.04080759 -0.02944371 0.00721189
v 0.04200413 -0.03007834 0.00200545
v 0.03326533 -0.02947177 0.00775459
v 0.03316441 -0.02942180 0.00794562
v 0.04655004 -0.02910934 0.00229088
v 0.00050927 -0.02831217 0.00912856
v 0.03807898 -0.02660928 0.01469594
v 0.00089260 -0.01039959 0.02800633
v 0.00011376 -0.02879811 0.00459719
v 0.04278425 -0.02691428 0.01335318
v 0.01131911 -0.02984814 0.00614550
v 0.04148844 -0.03014862 0.00170326
v 0.00005826 -0.01510516 0.02481937
v 0.04383127 -0.02979070 0.00187492
v 0.03299889 -0.03042177 0.00207524
v 0.00101130 -0.00415996 0.02961029
v 0.00188896 -0.03023476 0.00387655
v 0.02497504 -0.02998664 0.00544694
v 0.04036995 -0.03012035 0.00345354
v 0.00166069 -0.01766779 0.02450016
v 0.03845883 -0.03013451 0.00418979
v 0.04330015 -0.02858535 0.00900610
v 0.04194335 -0.02784901 0.01158452
v 0.00753097 -0.02246989 0.02041201
v 0.02395521 -0.03039770 0.00240109
v 0.00828095 -0.00318804 0.02982830
v 0.04406085 -0.02958072 0.00394871
v 0.00053074 -0.02587006 0.01469456
v 0.00748593 -0.00802908 0.02891336
v 0.00123059 -0.01902305 0.02346846
v 0.00851638 -0.00843663 0.02879873
v 0.02309551 -0.02716814 0.01372929
v 0.01963622 -0.02889808 0.00965228
v 0.00161123 -0.02939751 0.00802345
v 0.03576919 -0.03043446 0.00087409
v 0.00203016 -0.02702463 0.01400220
v 0.00258022 -0.00628249 0.02933260
v 0.00080058 -0.02914138 0.00768581
v 0.04770631 -0.02881075 0.00045512
v 0.00080147 -0.02518579 0.01645965
v 0.00072512 -0.02884141 0.00846329
v 0.01186073 -0.02354085 0.01920135
v 0.04486679 -0.02643166 0.01333060
v 0.00035861 -0.02565520 0.01458169
v 0.00053156 -0.00962244 0.02792603
v 0.02655527 -0.03007330 0.00500714
v 0.04252383 -0.02787582 0.01135002
v 0.04226909 -0.02866829 0.00000805
v 0.00001487 -0.01451256 0.02511461
v 0.00322332 -0.02684506 0.01433795
v 0.04689982 -0.02790232 0.00820889
v 0.04959069 -0.02599693 0.01071670
v 0.00066577 -0.01281564 0.02679928
v 0.04066928 -0.03022615 0.00203348
v 0.00140995 -0.02879640 0.00988026
v 0.00011058 -0.01899776 0.02208328
v 0.03809312 -0.02997296 0.00529878
v 0.00228107 -0.01539554 0.02590596
v 0.00774152 -0.01535031 0.02593110
v 0.04987797 -0.02573308 0.01099511
v 0.00142320 -0.02812976 0.01165727
v 0.00323182 -0.00985932 0.02835595
v 0.00290757 -0.00129992 0.02996601
v 0.00638161 -0.02023593 0.02254218
v 0.04033004 -0.02975992 0.00588408
v 0.04619610 -0.02929130 0.00020221
v 0.00135344 -0.03044998 0.00067457
v 0.00109985 -0.01823152 0.02401584
v 0.00085034 -0.01416654 0.02632982
v 0.03134222 -0.02963216 0.00713909
v 0.00423948 -0.03044609 0.00170095
v 0.03260231 -0.03037859 0.00256544
v 0.00131417 -0.02814343 0.01156589
v 0.04922768 -0.02799240 0.00403242
v 0.00119401 -0.01797227 0.02423687
v 0.00011317 -0.02816502 0.00749977
v 0.03847737 -0.03004768 0.00486697
v 0.00002520 -0.01975772 0.02126712
v 0.00112347 -0.02337386 0.01927637
v 0.03711643 -0.02591285 0.01590819
v 0.00128885 -0.02941723 0.00777412
v 0.00394351 -0.00936723 0.02851526
v 0.04427392 -0.02973180 0.00105224
v 0.04528803 -0.02624483 0.01347479
v 0.00043716 -0.02915475 0.00534379
v 0.00396288 -0.02976583 0.00655892
v 0.00090024 -0.02197709 0.02062827
v 0.00104737 -0.02195313 0.02078326
v 0.04249143 -0.02988230 0.00369001
v 0.04616150 -0.02836625 0.00741695
v 0.03384405 -0.02890024 0.00962919
v 0.04040078 -0.02480375 0.01738223
v 0.00852507 -0.01046547 0.02814557
v 0.04077222 -0.02752867 0.01258864
v 0.01516099 -0.02843597 0.01092020
v 0.00244645 -0.02456447 0.01790344
v 0.00101651 -0.02286079 0.01977282
v 0.00414198 -0.03030778 0.00332174
v 0.00534968 -0.00999344 0.02831102
v 0.00290864 -0.02681573 0.01439267
v 0.00840970 -0.00838429 0.02881356
v 0.00300577 -0.03008479 0.00493693
v 0.04177489 -0.02933864 0.00720441
v 0.00686880 -0.00809759 0.02889470
v 0.03337432 -0.02784083 0.01229618
v 0.00104545 -0.02907656 0.00861296
v 0.00267804 -0.01466733 0.02629953
v 0.03244421 -0.02812805 0.01167555
v 0.04203944 -0.02702649 0.01335321
v 0.00155995 -0.01908180 0.02347239
v 0.00050342 -0.01923758 0.02254724
v 0.04878178 -0.02591987 0.01166264
v 0.00067081 -0.02906807 0.00735960
v 0.00052579 -0.02920870 0.00577997
v 0.04758430 -0.02802977 0.00693353
v 0.00906018 -0.00062753 0.02992344
v 0.00840797 -0.02099112 0.02187533
v 0.00055443 -0.02050831 0.02152443
v 0.00515983 -0.01452410 0.02637630
v 0.00169308 -0.02559417 0.01641543
v 0.00063025 -0.02923250 0.00639541
v 0.04781712 -0.02721806 0.00941474
v 0.04040543 -0.02656498 0.01457790
v 0.04298053 -0.02819939 0.01031841
v 0.00411772 -0.00639520 0.02931099
v 0.04048749 -0.02913744 0.00839459
v 0.04863264 -0.02602565 0.01156394
v 0.04327242 -0.02982856 0.00287726
v 0.03604689 -0.02873665 0.01004214
v 0.04337897 -0.02988443 0.00160518
v 0.00070305 -0.00814357 0.02856428
v 0.03376486 -0.02883515 0.00981048
v 0.03293478 -0.03014231 0.00445374
v 0.00764255 -0.01963296 0.02304282
v 0.00326181 -0.01995248 0.02278201
v 0.04366160 -0.02752563 0.01162979
v 0.03647808 -0.03036097 0.00241480
v 0.03070937 -0.02714513 0.01377377
v 0.00024669 -0.00966599 0.02760814
v 0.04627502 -0.02821557 0.00786364
v 0.00080566 -0.00149294 0.02974750
v 0.03124125 -0.03043290 0.00187801
v 0.00198089 -0.00763913 0.02900853
v 0.04219587 -0.03011928 0.00032148
v 0.04526274 -0.02878775 0.00665666
v 0.04223390 -0.03011711 0.00002488
v 0.04889483 -0.02645216 0.01027011
v 0.00751344 -0.01524184 0.02599234
v 0.04091460 -0.02880437 0.00936468
v 0.02485154 -0.03043422 0.00189074
v 0.03923422 -0.03003018 0.00476979
v 0.04117409 -0.02989387 0.00477587
v 0.00096149 -0.00890522 0.02853997
v 0.03060051 -0.02717028 0.01372529
v 0.00312591 -0.00844878 0.02879478
v 0.03837682 -0.02590539 0.01590392
v 0.00085481 -0.02134025 0.02120496
v 0.00115360 -0.02630302 0.01510779
v 0.00680183 -0.00846886 0.02878954
v 0.04199658 -0.02619095 0.01489510
v 0.00231946 -0.01675572 0.02509931
v 0.02982545 -0.03007847 0.00497321
v 0.00134127 -0.02979408 0.00624057
v 0.04116115 -0.02461693 0.01753463
v 0.00020618 -0.02916149 0.00290858
v 0.00150000 -0.00065986 0.00027738
v 0.04132657 -0.02593631 0.01548802
v 0.04442412 -0.02962700 0.00274194
v 0.03860565 -0.02706071 0.01386416
v 0.00201610 -0.02409276 0.01851638
v 0.00042049 -0.01641352 0.02450120
v 0.00061070 -0.02030871 0.02179635
v 0.00790057 -0.00798248 0.02892473
v 0.03513730 -0.03047109 0.00001360
v 0.00479718 -0.01089105 0.02798836
v 0.00378114 -0.01732168 0.02473416
v 0.00720701 -0.00877168 0.02870141
v 0.00832674 -0.00662730 0.02925642
v 0.00797580 -0.02446917 0.01803321
v 0.04593449 -0.02936169 0.00002234
v 0.01966944 -0.03047423 0.00071910
v 0.00046575 -0.01318441 0.02639658
v 0.04498352 -0.02932281 0.00434014
v 0.00036970 -0.02530703 0.01519765
v 0.00198721 -0.03042446 0.00202435
v 0.04111307 -0.02804039 0.01135903
v 0.04075079 -0.02432712 0.01777246
v 0.00564932 -0.02899417 0.00001038
v 0.00976111 -0.00001414 0.02749961
v 0.00022724 -0.00288068 0.02908067
v 0.04270109 -0.02668869 0.01381531
v 0.00243146 -0.02764173 0.01275870
v 0.00085134 -0.02988219 0.00444447
v 0.00851486 -0.01060622 0.02809400
v 0.00017698 -0.01317202 0.02603954
v 0.00407351 -0.01535843 0.02592694
v 0.03248812 -0.02833587 0.01116621
v 0.00191111 -0.02889580 0.00965992
v 0.04907537 -0.02820274 0.00268587
v 0.00222932 -0.03048659 0.00027608
v 0.00139238 -0.01427176 0.02649945
v 0.00806982 -0.01719098 0.02482007
v 0.00014995 -0.02454737 0.01581077
v 0.03757251 -0.03006362 0.00486345
v 0.04042734 -0.02942549 0.00740512
v 0.00005151 -0.01004090 0.02725020
v 0.04047446 -0.02826624 0.01094908
v 0.00875399 -0.01296588 0.02713233
v 0.00814334 -0.02884997 0.00979301
v 0.00175631 -0.00318095 0.02982951
v 0.03801537 -0.02733175 0.01333231
v 0.01362188 -0.02712025 0.01382152
v 0.00073236 -0.02303545 0.01921832
v 0.04224195 -0.02714038 0.01306825
v 0.00087259 -0.01348805 0.02669568
v 0.00146259 -0.01701508 0.02493141
v 0.02565655 -0.02813349 0.01166383
v 0.00970617 -0.02203453 0.02086512
v 0.00000001 -0.00006356 0.02101154
v 0.04343959 -0.02872195 0.00843934
v 0.00054672 -0.00209619 0.02946420
v 0.04563760 -0.02925356 0.00355362
v 0.00106284 -0.03037066 0.00014225
v 0.04884997 -0.02664487 0.00980501
v 0.04101462 -0.03023453 0.00066989
v 0.04383164 -0.02631153 0.01405638
v 0.04526339 -0.02936412 0.00337557
v 0.00938985 -0.02094912 0.02191428
v 0.00177336 -0.03039730 0.00239497
v 0.00262778 -0.02844567 0.01089346
v 0.04251949 -0.02870943 0.00907406
v 0.00082739 -0.02870773 0.00930487
v 0.04679215 -0.02618469 0.01268133
v 0.03326276 -0.02964835 0.00705821
v 0.03388600 -0.02836704 0.01108370
v 0.01228816 -0.02445558 0.01805128
v 0.00278156 -0.02884422 0.00981200
v 0.01427003 -0.02419663 0.01838945
v 0.03734988 -0.02889813 0.00957270
v 0.03300089 -0.02896280 0.00946069
v 0.00138589 -0.02665864 0.01461053
v 0.04418928 -0.02972700 0.00173675
v 0.00054528 -0.02620805 0.01413258
v 0.00008424 -0.02902286 0.00240743
v 0.00262409 -0.00624644 0.02933945
v 0.04532826 -0.02460101 0.01626343
v 0.00185492 -0.03048239 0.00042693
v 0.00766345 -0.00637007 0.02931537
v 0.03339916 -0.02921020 0.00864944
v 0.00081225 -0.01251745 0.02708620
v 0.00120233 -0.02226961 0.02054881
v 0.04794576 -0.02820341 0.00565110
v 0.04992195 -0.02789218 0.00230017
v 0.01000013 -0.00011678 0.02840240
v 0.00596582 -0.00320495 0.02982748
v 0.03371297 -0.03007500 0.00497411
v 0.02654894 -0.02891279 0.00960615
v 0.00335094 -0.03028591 0.00349647
v 0.03373116 -0.02842783 0.01093296
v 0.04932380 -0.02477310 0.01347993
v 0.00169916 -0.01781467 0.02439890
v 0.04041605 -0.02598598 0.01559405
v 0.01594516 -0.02936835 0.00814043
v 0.01263633 -0.02584421 0.01603995
v 0.04359991 -0.02466489 0.01686039
v 0.00057337 -0.02451517 0.01693319
v 0.04556950 -0.02594079 0.01392769
v 0.04449639 -0.02971042 0.00020090
v 0.03802704 -0.03032548 0.00256214
v 0.00067265 -0.01643784 0.02484506
v 0.00251241 -0.03003609 0.00519266
v 0.04210306 -0.02862702 0.00946471
v 0.00077141 -0.02011710 0.02222673
v 0.03805392 -0.02890139 0.00954852
v 0.04432845 -0.02960672 0.00323746
v 0.00160831 -0.02481553 0.01755766
v 0.00170071 -0.03014528 0.00453673
v 0.04198804 -0.02512870 0.01660602
v 0.01119073 -0.02471775 0.01769233
v 0.04966740 -0.02762885 0.00511320
v 0.00062111 -0.02953095 0.00480353
v 0.00035685 -0.02953132 0.00010225
v 0.00184975 -0.01291015 0.02715887
v 0.00178683 -0.00664998 0.02924985
v 0.00136477 -0.01432729 0.02646491
v 0.00012806 -0.02257181 0.01847991
v 0.04230292 -0.03010271 0.00053185
v 0.04449577 -0.02944255 0.00431267
v 0.02529165 -0.03048364 0.00038034
v 0.00017827 -0.02856211 0.00635890
v 0.02693700 -0.03043266 0.00191754
v 0.03174826 -0.02891533 0.00959529
v 0.00147213 -0.02769033 0.01263204
v 0.03821481 -0.02959204 0.00718417
v 0.00857511 -0.02264245 0.02022507
v 0.04982367 -0.02599088 0.01044951
v 0.00315334 -0.02752667 0.01300615
v 0.00470953 -0.02601203 0.01576510
v 0.04554386 -0.02918671 0.00429800
v 0.04578660 -0.02919880 0.00370073
v 0.04581641 -0.02711845 0.01134015
v 0.01465800 -0.02740521 0.01325121
v 0.04810579 -0.02844814 0.00385161
v 0.04717535 -0.02606702 0.01265843
v 0.04410254 -0.02963886 0.00334649
v 0.00141497 -0.00121775 0.02996821
v 0.00093017 -0.00445693 0.02952583
v 0.04067614 -0.02464437 0.01757259
v 0.00203634 -0.00523037 0.02953094
v 0.04929257 -0.02621212 0.01047748
v 0.00739007 -0.01048935 0.02813644
v 0.00195065 -0.02996091 0.00557329
v 0.00174376 -0.02964562 0.00708404
v 0.00206832 -0.00015760 0.02999588
v 0.00054576 -0.00874324 0.02822165
v 0.00021889 -0.01567444 0.02469463
v 0.00008268 -0.01245106 0.02628433
v 0.04948666 -0.02783685 0.00440788
v 0.00197520 -0.02827899 0.01131209
v 0.00004211 -0.00948171 0.02745018
v 0.00841523 -0.00613767 0.02935950
v 0.04265275 -0.02516804 0.01640247
v 0.04658744 -0.02917454 0.00004997
v 0.00406692 -0.03006048 0.00506937
v 0.04596762 -0.02384367 0.01612407
v 0.03620536 -0.02949935 0.00757989
v 0.00035777 -0.02150358 0.02016979
v 0.03170022 -0.02842670 0.01094370
v 0.00028688 -0.01118970 0.02707711
v 0.00518110 -0.00653143 0.02927934
v 0.00895500 -0.00541010 0.02949784
v 0.00036484 -0.01288820 0.02641722
v 0.04697985 -0.02835311 0.00647678
v 0.00033347 -0.02879090 0.00637873
v 0.02704942 -0.02717499 0.01371593
v 0.03362167 -0.02823884 0.01140113
v 0.02639084 -0.02963153 0.00714213
v 0.01030062 -0.02263029 0.02024014
v 0.00068395 -0.02198214 0.02030126
v 0.03720603 -0.02954848 0.00737253
v 0.00248440 -0.02901429 0.00929834
v 0.03808916 -0.02449656 0.01799038
v 0.00009477 -0.02148674 0.01965193
v 0.00049012 -0.00662954 0.02873365
v 0.04796178 -0.02856372 0.00335527
v 0.02838478 -0.02896230 0.00946316
v 0.04978118 -0.02740185 0.00597191
v 0.00282203 -0.03029962 0.00339580
v 0.04584903 -0.02921800 0.00337251
v 0.03871264 -0.02581368 0.01602527
v 0.00271128 -0.02814817 0.01162905
v 0.03777924 -0.02580369 0.01608718
v 0.00129152 -0.00062858 0.02997280
v 0.03407658 -0.02856676 0.01054668
v 0.02363102 -0.02707666 0.01390563
v 0.00839982 -0.00313614 0.02983238
v 0.00023892 -0.01094794 0.02711604
v 0.04665894 -0.02804032 0.00802560
v 0.03820389 -0.02818688 0.01145034
v 0.00295658 -0.00446738 0.02965796
v 0.04641896 -0.02391335 0.01589865
v 0.00000020 -0.02713860 0.01008787
v 0.00035652 -0.00948063 0.02778589
v 0.00308623 -0.00638502 0.02931304
v 0.04977603 -0.02643146 0.00030159
v 0.00422102 -0.02225652 0.02063768
v 0.00128782 -0.02843153 0.01078600
v 0.03323476 -0.02547006 0.01660502
v 0.04870382 -0.02728856 0.00813068
v 0.02677881 -0.03007655 0.00498729
v 0.01480707 -0.03041636 0.00215410
v 0.00021921 -0.02796121 0.00882806
v 0.04655923 -0.02871885 0.00528245
v 0.00443352 -0.03044723 0.00166480
v 0.03358597 -0.03047483 0.00051586
v 0.02337122 -0.02793354 0.01211249
v 0.04133343 -0.02890022 0.00890154
v 0.00190692 -0.02956038 0.00740760
v 0.00166617 -0.02650071 0.01493331
v 0.01401029 -0.02438923 0.01813889
v 0.00146349 -0.02078686 0.02204955
v 0.03757714 -0.03042437 0.00045026
v 0.00355546 -0.02899373 0.00003334
v 0.02423481 -0.02814437 0.01163767
v 0.00190802 -0.02312223 0.01968951
v 0.04050523 -0.02580089 0.01589210
v 0.00065546 -0.02090967 0.02131609
v 0.04269471 -0.02929816 0.00691386
v 0.04599198 -0.02828562 0.00791012
v 0.01105653 -0.02376969 0.01892405
v 0.04521519 -0.02923489 0.00459388
v 0.02985896 -0.02939782 0.00803550
v 0.01052358 -0.02214818 0.02074966
v 0.00005227 -0.02050995 0.02058040
v 0.00864188 -0.00181505 0.02994325
v 0.04800351 -0.02867765 0.00145069
v 0.04895320 -0.02828992 0.00213979
v 0.04076066 -0.02808646 0.01134718
v 0.04512473 -0.02913024 0.00531657
v 0.01369064 -0.02970286 0.00683940
v 0.04660892 -0.02368673 0.01579799
v 0.03994655 -0.02492541 0.01725107
v 0.04395410 -0.02962932 0.00370185
v 0.00034356 -0.00647534 0.02861870
v 0.04995145 -0.02634444 0.00049498
v 0.04455267 -0.02864651 0.00788033
v 0.01171885 -0.03022940 0.00389644
v 0.03755917 -0.03043865 0.00003652
v 0.00000020 -0.02096248 0.01997869
v 0.04309013 -0.02586213 0.01516617
v 0.00123223 -0.03028854 0.00288394
v 0.00292300 -0.00894296 0.02864847
v 0.00265204 -0.02321065 0.01958686
v 0.04475696 -0.02822002 0.00917010
v 0.00098382 -0.01639920 0.02516974
v 0.04533467 -0.02503128 0.01557529
v 0.00082150 -0.02191351 0.02059793
v 0.00013400 -0.02782394 0.00884614
v 0.00101945 -0.01717165 0.02469317
v 0.00838788 -0.02384744 0.01882639
v 0.00192661 -0.02878403 0.00997728
v 0.00116176 -0.01791518 0.02426424
v 0.00046829 -0.02966464 0.00130791
v 0.01609575 -0.03046893 0.00090999
v 0.04119617 -0.02805172 0.01130404
v 0.00171574 -0.00027024 0.02999294
v 0.00076055 -0.00098425 0.02972656
v 0.00311714 -0.02973736 0.00669332
v 0.01242369 -0.02390882 0.01875440
v 0.04813466 -0.02772111 0.00732942
v 0.04152665 -0.03018988 0.00038015
v 0.04521728 -0.02919447 0.00482876
v 0.00103630 -0.00401372 0.02964345
v 0.00863349 -0.01538615 0.02591062
v 0.02683815 -0.03049368 0.00001931
v 0.03250932 -0.03000670 0.00533311
v 0.04723993 -0.02879129 0.00344649
v 0.03819899 -0.02609732 0.01558230
v 0.03824191 -0.02880188 0.00980602
v 0.00157707 -0.00586703 0.02941084
v 0.00120489 -0.01818514 0.02409604
v 0.03835043 -0.02468227 0.01771838
v 0.00074119 -0.01960331 0.02262714
v 0.00088618 -0.00473491 0.02945784
v 0.00036594 -0.02870704 0.00694721
v 0.03234269 -0.02560783 0.01640708
v 0.04926201 -0.02716587 0.00779113
v 0.04521056 -0.02717717 0.01161949
v 0.04777985 -0.02430069 0.01509397
v 0.00830832 -0.00252869 0.02988787
v 0.04956974 -0.02685498 0.00833845
v 0.03755731 -0.02462538 0.01780899
v 0.04298831 -0.02664012 0.01378874
v 0.04571663 -0.02699327 0.01169000
v 0.04239255 -0.03009754 0.00026298
v 0.00084018 -0.02976713 0.00505459
v 0.04977677 -0.02755234 0.00525677
v 0.01059253 -0.02365991 0.01905619
v 0.03071245 -0.02837265 0.01107654
v 0.03492103 -0.03039454 0.00221986
v 0.00167804 -0.03032433 0.00316560
v 0.00139630 -0.01117779 0.02788181
v 0.03890999 -0.02477174 0.01756180
v 0.04216155 -0.02596681 0.01525218
v 0.00146870 -0.02323583 0.01955640
v 0.00674553 -0.00530433 0.02951820
v 0.00000001 -0.00002025 0.01664893
v 0.03304751 -0.03036937 0.00263618
v 0.00136192 -0.00898137 0.02863418
v 0.04754716 -0.02844876 0.00510334
v 0.04262531 -0.03000378 0.00206570
v 0.04147811 -0.02492155 0.01701929
v 0.00063631 -0.02870072 0.00850541
v 0.03844101 -0.02936349 0.00794368
v 0.00015944 -0.00651540 0.02841641
v 0.00085361 -0.01301249 0.02689739
v 0.03269036 -0.02843440 0.01092444
v 0.04104266 -0.03013756 0.00267010
v 0.03813514 -0.02555203 0.01645276
v 0.00000020 -0.02453647 0.01542307
v 0.00161730 -0.02574972 0.01618204
v 0.00009014 -0.01061430 0.02707735
v 0.03433844 -0.03047800 0.00012109
v 0.00174638 -0.02197755 0.02091414
v 0.02298372 -0.03047879 0.00055367
v 0.02627723 -0.03048219 0.00042354
v 0.04326227 -0.02527105 0.01603244
v 0.00000020 -0.00737552 0.00001108
v 0.00785131 -0.00512393 0.02955240
v 0.00584755 -0.02443313 0.01808031
v 0.00213238 -0.02735516 0.01335206
v 0.03390435 -0.03039142 0.00241093
v 0.04236990 -0.02633985 0.01454651
v 0.00046601 -0.01913413 0.02257406
v 0.00967342 -0.02087028 0.02198476
v 0.00049571 -0.02368351 0.01789250
v 0.00116081 -0.02953937 0.00719483
v 0.00127452 -0.02092181 0.02190587
v 0.04431058 -0.02664390 0.01320524
v 0.04415686 -0.02972712 0.00193545
v 0.00295746 -0.02931500 0.00832259
v 0.00045205 -0.02454888 0.01658805
v 0.02828800 -0.03004353 0.00515945
v 0.00188800 -0.00627480 0.02933408
v 0.04953077 -0.02809024 0.00159128
v 0.04152059 -0.03019726 0.00005383
v 0.04045915 -0.02570757 0.01604092
v 0.01194490 -0.02442236 0.01809521
v 0.00210832 -0.02444969 0.01805748
v 0.00313306 -0.00823307 0.02885613
v 0.04294783 -0.02517726 0.01629397
v 0.00165460 -0.02014884 0.02261523
v 0.04216187 -0.02833547 0.01026550
v 0.00000011 -0.00030251 0.02854734
v 0.00996757 -0.02896141 0.00946659
v 0.04367984 -0.02715240 0.01249501
v 0.00091750 -0.01555579 0.02562534
v 0.00761713 -0.01041418 0.02816372
v 0.03230374 -0.03001903 0.00527416
v 0.04874326 -0.02813418 0.00435802
v 0.00704244 -0.03040744 0.00227988
v 0.00149562 -0.01672259 0.02512062
v 0.00137509 -0.00361003 0.02977297
v 0.03171574 -0.03009702 0.00482419
v 0.03985650 -0.03027550 0.00205903
v 0.00502124 -0.02228957 0.02060279
v 0.03650130 -0.02709901 0.01384431
v 0.01153004 -0.02813110 0.01166979
v 0.03885290 -0.02474014 0.01761318
v 0.00142275 -0.02144790 0.02142677
v 0.04488367 -0.02909144 0.00578147
v 0.00373082 -0.02110506 0.02176949
v 0.00050462 -0.02611633 0.01417834
v 0.00084625 -0.02715554 0.01311658
v 0.04942584 -0.02474548 0.01343918
v 0.00136159 -0.03028369 0.00319583
v 0.00145248 -0.01238564 0.02737938
v 0.00097183 -0.02463141 0.01751669
v 0.00202037 -0.01826308 0.02408730
v 0.04198672 -0.02888080 0.00872788
v 0.00725534 -0.00650065 0.02928724
v 0.01115401 -0.03010322 0.00482464
v 0.03812093 -0.02975394 0.00640658
v 0.00152179 -0.02811614 0.01170505
v 0.00070628 -0.01791685 0.02389163
v 0.00162039 -0.00937005 0.02851503
v 0.00176898 -0.02354128 0.01918865
v 0.00020447 -0.02876928 0.00551261
v 0.03529188 -0.03039827 0.00210757
v 0.00000389 -0.01735049 0.02323207
v 0.00315791 -0.01993436 0.02279699
v 0.04723765 -0.02871287 0.00408448
v 0.04496449 -0.02942111 0.00355937
v 0.04915659 -0.02728332 0.00751251
v 0.04590607 -0.02666631 0.01226973
v 0.00005509 -0.02365340 0.01689418
v 0.02906888 -0.02707586 0.01390721
v 0.04774035 -0.02733093 0.00914642
v 0.03801576 -0.02814790 0.01156185
v 0.00063696 -0.02877190 0.00827168
v 0.00007052 -0.02841101 0.00630719
v 0.00163902 -0.03020785 0.00407551
v 0.00000020 -0.01905938 0.02176180
v 0.00584986 -0.02811447 0.01170916
v 0.04055961 -0.02991412 0.00502291
v 0.00182777 -0.02726828 0.01352729
v 0.03804286 -0.02666981 0.01458973
v 0.00011634 -0.00404884 0.02882440
v 0.00023858 -0.00439775 0.02889997
v 0.00662756 -0.00489545 0.02959522
v 0.00080099 -0.02781157 0.01161306
v 0.00293131 -0.01522521 0.02600075
v 0.04047990 -0.02580281 0.01589427
v 0.00820104 -0.01510709 0.02606449
v 0.00787468 -0.01080680 0.02802028
v 0.00176028 -0.02236831 0.02051649
v 0.00000020 -0.01777344 0.02288650
v 0.04319951 -0.02761503 0.01165538
v 0.04346165 -0.02961438 0.00458716
v 0.03537711 -0.02931977 0.00823360
v 0.00062253 -0.00435787 0.02928771
v 0.04188134 -0.02600944 0.01524239
v 0.00183548 -0.02292505 0.01990576
v 0.04675993 -0.02370102 0.01571185
v 0.00382098 -0.01832170 0.02404515
v 0.00117080 -0.03026212 0.00293844
v 0.00074312 -0.02475623 0.01698582
v 0.00081803 -0.02971781 0.00518376
v 0.00713963 -0.01745646 0.02464487
v 0.04491567 -0.02836884 0.00857610
v 0.04783866 -0.02594268 0.01243530
v 0.04877798 -0.02351731 0.01440602
v 0.00105298 -0.02957718 0.00680037
v 0.00119366 -0.02874168 0.00987802
v 0.04383675 -0.02433175 0.01701381
v 0.04474537 -0.02958411 0.00225306
v 0.04338901 -0.02445010 0.01716136
v 0.04665199 -0.02895797 0.00360553
v 0.04005904 -0.03031938 0.00040320
v 0.00489286 -0.03007666 0.00498651
v 0.04173800 -0.02847441 0.01001765
v 0.00137495 -0.01438491 0.02643729
v 0.03861006 -0.02561280 0.01633219
v 0.02384260 -0.02896316 0.00946117
v 0.04312672 -0.02738939 0.01221482
v 0.04216944 -0.02776201 0.01172576
v 0.04550170 -0.02727762 0.01118770
v 0.00852612 -0.00330465 0.02981488
v 0.00065396 -0.02997426 0.00016649
v 0.00000020 -0.00268327 0.00013099
v 0.04437748 -0.02440406 0.01682030
v 0.00292416 -0.02495015 0.01737225
v 0.00319336 -0.00121737 0.02996819
v 0.00780250 -0.01044874 0.02815146
v 0.00788330 -0.00494996 0.02958527
v 0.00682267 -0.00028666 0.02999251
v 0.00133814 -0.02986118 0.00590349
v 0.00846612 -0.02016439 0.02260475
v 0.03969470 -0.03007630 0.00417178
v 0.00777035 -0.01558706 0.02579652
v 0.00045386 -0.02686577 0.01254315
v 0.01133682 -0.02711155 0.01383826
v 0.00090202 -0.02795007 0.01151877
v 0.04128763 -0.02481660 0.01721503
v 0.00284971 -0.01879642 0.02369682
v 0.00095657 -0.00236900 0.02978175
v 0.00300945 -0.02128396 0.02160180
v 0.03484835 -0.02896232 0.00943520
v 0.00045134 -0.02400580 0.01736254
v 0.04301005 -0.02926872 0.00678447
v 0.04423679 -0.02595904 0.01454535
v 0.00808800 -0.00864381 0.02873999
v 0.04235716 -0.02887429 0.00861031
v 0.00927106 -0.02767924 0.01267450
v 0.04039319 -0.03026175 0.00161910
v 0.04875234 -0.02721959 0.00830996
v 0.04978269 -0.02371073 0.01356600
v 0.00327279 -0.00887487 0.02866972
v 0.03236024 -0.02940704 0.00800162
v 0.00668958 -0.00193654 0.02993510
v 0.00045407 -0.02699007 0.01227609
v 0.00591636 -0.01693963 0.02498200
v 0.01712800 -0.02817300 0.01156930
v 0.02273729 -0.03040148 0.00235566
v 0.00092401 -0.03025096 0.00087041
v 0.00165275 -0.02614080 0.01554921
v 0.04338780 -0.02891976 0.00779126
v 0.00055313 -0.01155568 0.02722998
v 0.00002136 -0.02181378 0.01913228
v 0.00157107 -0.03044847 0.00164645
v 0.04284914 -0.02742901 0.01224405
v 0.00043399 -0.01101763 0.02730517
v 0.03251763 -0.02717799 0.01370997
v 0.00966233 -0.02451914 0.01796587
v 0.00930569 -0.01987134 0.02284563
v 0.03820448 -0.03042124 0.00029036
v 0.04753611 -0.02830016 0.00587823
v 0.00883950 -0.00695126 0.02917720
v 0.04377466 -0.02974360 0.00280560
v 0.04926429 -0.02824221 0.00024415
v 0.03663843 -0.02449924 0.01799245
v 0.04328700 -0.02828497 0.00992580
v 0.01142080 -0.02315073 0.01965710
v 0.00004798 -0.00279855 0.02890950
v 0.00681423 -0.00017426 0.02999544
v 0.03459089 -0.02705247 0.01394113
v 0.00010424 -0.02641178 0.01232037
v 0.04991519 -0.02732812 0.00605700
v 0.03351424 -0.03039094 0.00245108
v 0.00110908 -0.02119927 0.02155869
v 0.00123633 -0.02810883 0.01159829
v 0.00384559 -0.02493597 0.01739178
v 0.04998791 -0.02389892 0.01095954
v 0.00040792 -0.02316587 0.01835204
v 0.00097799 -0.02891421 0.00902947
v 0.04356559 -0.02729182 0.01224610
v 0.03198114 -0.02836378 0.01109796
v 0.04328434 -0.02993672 0.00059919
v 0.00837633 -0.01972565 0.02296609
v 0.04445800 -0.02629032 0.01382759
v 0.00035328 -0.02919829 0.00437746
v 0.01007278 -0.02587693 0.01598845
v 0.00258413 -0.00808887 0.02889701
v 0.03363079 -0.02724749 0.01355847
v 0.02685915 -0.02810877 0.01172306
v 0.00150000 -0.00000182 0.01338406
v 0.00463912 -0.01733492 0.02472565
v 0.00007274 -0.02315536 0.01760856
v 0.00073104 -0.00170572 0.02967894
v 0.04964254 -0.02808444 0.00061076
v 0.00770114 -0.02032842 0.02246132
v 0.00147372 -0.02252552 0.02033785
v 0.00000020 -0.00101258 0.00022635
v 0.04185528 -0.02593636 0.01537109
v 0.02372667 -0.02997552 0.00550308
v 0.00063732 -0.02716038 0.01253472
v 0.00840051 -0.01689294 0.02500746
v 0.00730704 -0.01960788 0.02306364
v 0.04330327 -0.02863509 0.00883835
v 0.04198781 -0.02716544 0.01308098
v 0.03348543 -0.03041221 0.00219348
v 0.00065989 -0.01516270 0.02559147
v 0.02863282 -0.03049276 0.00005229
v 0.00569450 -0.02134051 0.02154819
v 0.00185583 -0.00994138 0.02832459
v 0.04904640 -0.02511118 0.01305587
v 0.04246568 -0.02736660 0.01252065
v 0.00165615 -0.02380478 0.01886851
v 0.00032266 -0.01715050 0.02385703
v 0.04416208 -0.02977825 0.00024665
v 0.04805645 -0.02824721 0.00525174
v 0.00027124 -0.02623584 0.01324482
v 0.00166199 -0.02770227 0.01262421
v 0.03955701 -0.03035902 0.00005737
v 0.04953514 -0.02799116 0.00306847
v 0.00010283 -0.02292790 0.01796795
v 0.00015570 -0.00365394 0.02891574
v 0.03290080 -0.03037809 0.00256743
v 0.02837670 -0.03038151 0.00257022
v 0.00402544 -0.02121734 0.02166496
v 0.02189332 -0.02937974 0.00810017
v 0.04970406 -0.02801700 0.00164776
v 0.03818076 -0.02797537 0.01195204
v 0.04472447 -0.02901533 0.00630354
v 0.00175178 -0.01582682 0.02565921
v 0.04840240 -0.02594009 0.01198183
v 0.00068030 -0.01769606 0.02400515
v 0.00080457 -0.02365347 0.01858017
v 0.02769668 -0.02568576 0.01628839
v 0.04480476 -0.02725372 0.01167194
v 0.04878515 -0.02808674 0.00457223
v 0.01027950 -0.02745413 0.01315258
v 0.00308856 -0.02752486 0.01300980
v 0.04777643 -0.02832102 0.00539219
v 0.04953658 -0.02747321 0.00610170
v 0.04072430 -0.02991060 0.00494691
v 0.04251829 -0.02962530 0.00545241
v 0.00093494 -0.03004365 0.00366347
v 0.03831802 -0.03041602 0.00037040
v 0.04525122 -0.02729798 0.01131027
v 0.04062920 -0.02879090 0.00949530
v 0.00160740 -0.02771349 0.01259928
v 0.03847774 -0.03033855 0.00234540
v 0.00167394 -0.02863605 0.01037831
v 0.04249660 -0.02811244 0.01074617
v 0.00181433 -0.03011175 0.00477257
v 0.00086182 -0.02801527 0.01125381
v 0.04928944 -0.02664737 0.00009485
v 0.00825096 -0.00194875 0.02993447
v 0.04234316 -0.02919783 0.00747616
v 0.00199155 -0.02327406 0.01951280
v 0.04464241 -0.02596799 0.01436510
v 0.04989078 -0.02623782 0.00967594
v 0.00000020 -0.01216933 0.02626945
v 0.00052082 -0.00013021 0.02951696
v 0.04226679 -0.02888075 0.00862352
v 0.04994245 -0.02586574 0.01060796
v 0.03601110 -0.02826868 0.01129483
v 0.00012213 -0.01541645 0.02471934
v 0.00158378 -0.00477576 0.02961631
v 0.00789591 -0.01020532 0.02823888
v 0.00819340 -0.01007519 0.02828113
v 0.00092535 -0.02457516 0.01754276
v 0.03824164 -0.03020721 0.00362069
v 0.03813089 -0.02901583 0.00918690
v 0.04834681 -0.02573050 0.01244930
v 0.00072413 -0.02247739 0.01982522
v 0.04604397 -0.02809137 0.00845862
v 0.04728373 -0.02869577 0.00409781
v 0.00112884 -0.01330487 0.02691742
v 0.04608558 -0.02811990 0.00833283
v 0.02889911 -0.03042556 0.00202503
v 0.00146511 -0.02324310 0.01954772
v 0.00004477 -0.02749828 0.00938497
v 0.00729805 -0.00640779 0.02930824
v 0.03090213 -0.03009132 0.00487521
v 0.04092796 -0.02699704 0.01369254
v 0.01566396 -0.02445709 0.01804933
v 0.03334203 -0.02880487 0.00990057
v 0.00215564 -0.02811220 0.01171389
v 0.04382587 -0.02457255 0.01691826
v 0.04785128 -0.02616898 0.01193495
v 0.00140118 -0.01553424 0.02582285
v 0.00015521 -0.00361069 0.02892087
v 0.00042461 -0.02760870 0.01071356
v 0.03829741 -0.02990453 0.00563395
v 0.00053706 -0.00554852 0.02900149
v 0.00500568 -0.02301009 0.01981680
v 0.00016746 -0.00819388 0.02798771
v 0.00935242 -0.02161487 0.02128354
v 0.00085370 -0.03012907 0.00237033
v 0.04323859 -0.02884290 0.00816771
v 0.04601571 -0.02433149 0.01610438
v 0.04300903 -0.02827896 0.01009962
v 0.03383551 -0.02808198 0.01177680
v 0.00152938 -0.02987513 0.00600759
v 0.04189422 -0.03015269 0.00032790
v 0.04406706 -0.02630923 0.01396398
v 0.03828533 -0.02632375 0.01517929
v 0.00862976 -0.01316896 0.02703742
v 0.00111249 -0.01564659 0.02568276
v 0.04061793 -0.02969624 0.00610758
v 0.02870136 -0.03040296 0.00233334
v 0.00295444 -0.03044318 0.00174438
v 0.00000020 -0.02651249 0.00007718
v 0.00056671 -0.02967282 0.00313489
v 0.00407025 -0.02717771 0.01371001
v 0.01620242 -0.02989833 0.00589252
v 0.04950301 -0.02803185 0.00276825
v 0.04462542 -0.02935266 0.00472180
v 0.00085111 -0.02755662 0.01227538
v 0.00361808 -0.00162253 0.02995530
v 0.00128201 -0.01096018 0.02794282
v 0.04925861 -0.02693428 0.00849592
v 0.04359835 -0.02843699 0.00929427
v 0.02987135 -0.02567526 0.01630461
v 0.00166868 -0.02714039 0.01378244
v 0.04236505 -0.02958587 0.00575268
v 0.02514391 -0.02895551 0.00948419
v 0.00135882 -0.01022824 0.02822488
v 0.00170573 -0.02125043 0.02163310
v 0.03377799 -0.02996948 0.00549314
v 0.01367413 -0.02405870 0.01856557
v 0.00012837 -0.00229217 0.02902832
v 0.03240617 -0.02961420 0.00720941
v 0.00158713 -0.02975597 0.00661106
v 0.00057897 -0.01512045 0.02550838
v 0.00155689 -0.01881838 0.02368084
v 0.03397645 -0.02815686 0.01159770
v 0.00869289 -0.03033011 0.00310781
v 0.00083680 -0.02985998 0.00450391
v 0.00069147 -0.00211793 0.02960577
v 0.03289507 -0.02700295 0.01403357
v 0.00583977 -0.01698649 0.02495191
v 0.00154201 -0.01603026 0.02554123
v 0.04919711 -0.02613881 0.01075060
v 0.00219345 -0.03044922 0.00161945
v 0.00987461 -0.02278720 0.02006804
v 0.00062098 -0.00775105 0.02858195
v 0.00080107 -0.00212040 0.02970369
v 0.03252738 -0.02831473 0.01121803
v 0.04641984 -0.02343160 0.01589910
v 0.03489306 -0.02923765 0.00853160
v 0.04719517 -0.02544241 0.01382638
v 0.04079508 -0.02949373 0.00703840
v 0.03972039 -0.02806541 0.01158672
v 0.00852429 -0.01183063 0.02762229
v 0.00059794 -0.01771106 0.02387538
v 0.00876015 -0.00068642 0.02998141
v 0.04995405 -0.02299663 0.01227518
v 0.04991757 -0.02462503 0.01321779
v 0.03749471 -0.02455609 0.01791026
v 0.04929238 -0.02785265 0.00476968
v 0.04250228 -0.02794523 0.01117828
v 0.00082964 -0.01303910 0.02686486
v 0.04836761 -0.02438995 0.01470104
v 0.00000020 -0.01097295 0.02675424
v 0.04266671 -0.02455314 0.01729927
v 0.01060715 -0.02447538 0.01802500
v 0.00793907 -0.01713018 0.02485993
v 0.04648807 -0.02594458 0.01340602
v 0.00025151 -0.00256878 0.02913135
v 0.00183766 -0.01151022 0.02774678
v 0.00100122 -0.02771996 0.01219016
v 0.00142990 -0.02525727 0.01689340
v 0.00001746 -0.02172892 0.01922009
v 0.00086207 -0.02347663 0.01889174
v 0.00002277 -0.02888978 0.00286308
v 0.00010806 -0.01809223 0.02282014
v 0.00718440 -0.01699527 0.02494623
v 0.03681444 -0.02908747 0.00898680
v 0.04877353 -0.02309715 0.01440503
v 0.04410435 -0.02697707 0.01264755
v 0.00097802 -0.02445850 0.01777546
v 0.04977934 -0.02803335 0.00039541
v 0.02775205 -0.03002538 0.00525126
v 0.04721741 -0.02857206 0.00501747
v 0.00156388 -0.00233715 0.02989747
v 0.04016478 -0.02883504 0.00946288
v 0.03637458 -0.02906987 0.00905402
v 0.00244923 -0.02503128 0.01725801
v 0.04617019 -0.02919305 0.00271314
v 0.00695150 -0.02440219 0.01812095
v 0.00002778 -0.02726928 0.00993587
v 0.00855480 -0.00126004 0.02996589
v 0.04067777 -0.02799762 0.01160044
v 0.00086061 -0.02625433 0.01483347
v 0.02926148 -0.03039296 0.00245356
v 0.04643909 -0.02915341 0.00201958
v 0.00019943 -0.01053232 0.02722962
v 0.00081650 -0.02988086 0.00414676
v 0.04266961 -0.02554102 0.01582226
v 0.01000015 -0.00021610 0.02886246
v 0.00575123 -0.00003909 0.02999897
v 0.00131522 -0.02175538 0.02110296
v 0.00229076 -0.00186309 0.02993485
v 0.00245478 -0.01594203 0.02559343
v 0.04252499 -0.03002301 0.00192390
v 0.04635118 -0.02919192 0.00169907
v 0.00491009 -0.00151556 0.02995973
v 0.00316987 -0.03032072 0.00320438
v 0.04245804 -0.02975897 0.00473489
v 0.00009975 -0.00487046 0.02868260
v 0.02604631 -0.02938202 0.00809013
v 0.00080594 -0.01223972 0.02720656
v 0.00000020 -0.00572372 0.00004315
v 0.03311694 -0.03048033 0.00042335
v 0.00025841 -0.02699568 0.01157407
v 0.04584837 -0.02794312 0.00909258
v 0.01161077 -0.02689528 0.01424436
v 0.00795867 -0.02748947 0.01308095
v 0.00749537 -0.03040434 0.00232202
v 0.04245705 -0.03008947 0.00037671
v 0.04234417 -0.02935332 0.00687941
v 0.03813425 -0.02494602 0.01733789
v 0.00435376 -0.01532352 0.02594675
v 0.02964526 -0.03010015 0.00481300
v 0.00100938 -0.01944154 0.02304017
v 0.00065829 -0.02701175 0.01292649
v 0.00280112 -0.02842254 0.01095423
v 0.04347249 -0.02968680 0.00395893
v 0.00684711 -0.02180066 0.02109630
v 0.04448651 -0.02805331 0.00982361
v 0.00002801 -0.02837328 0.00618829
v 0.04726598 -0.02859095 0.00482238
v 0.00099349 -0.01129465 0.02771918
v 0.04261426 -0.02934288 0.00678004
v 0.04602521 -0.02923108 0.00271159
v 0.00145312 -0.02988692 0.00588498
v 0.04586439 -0.02651224 0.01260689
v 0.04376062 -0.02834802 0.00947262
v 0.00399516 -0.02757338 0.01290759
v 0.04742844 -0.02848971 0.00509316
v 0.00305105 -0.01102971 0.02793680
v 0.03367212 -0.02869723 0.01019331
v 0.00860611 -0.03045801 0.00130296
v 0.04317902 -0.02894803 0.00784713
v 0.03332790 -0.02717626 0.01371316
v 0.00555192 -0.01071544 0.02805290
v 0.04741664 -0.02580865 0.01299207
v 0.00822007 -0.00343868 0.02979678
v 0.00996560 -0.02151256 0.02138400
v 0.03565154 -0.02945131 0.00776701
v 0.04637008 -0.02892490 0.00453049
v 0.04812779 -0.02400798 0.01486358
v 0.00122828 -0.00507905 0.02954313
f 1583 878 179
f 1583 179 78
f 276 878 52
f 52 530 276
f 878 530 52
f 610 530 878
f 610 1094 530
f 1583 78 1444
f 1375 878 276
f 1375 179 878
f 1446 576 538
f 276 530 273
f 1156 1375 276
f 1156 908 78
f 470 78 179
f 179 1375 470
f 470 1156 78
f 1375 1156 470
f 943 878 1583
f 1583 1582 943
f 805 1582 543
f 153 943 1582
f 912 626 391
f 971 626 912
f 10 203 556
f 10 273 1177
f 1382 273 231
f 231 10 1177
f 231 1054 1437
f 737 863 203
f 203 10 737
f 10 231 737
f 1203 1444 78
f 1203 162 1444
f 78 1443 1203
f 78 908 4
f 4 338 78
f 908 1051 4
f 4 1051 115
f 1098 338 4
f 510 1100 1339
f 1354 1582 1583
f 1354 543 1582
f 943 153 1539
f 1539 610 878
f 878 943 1539
f 1094 610 1539
f 1539 153 538
f 113 626 877
f 556 203 877
f 1124 113 877
f 203 863 877
f 877 863 1124
f 936 912 889
f 756 912 936
f 1339 1100 756
f 1100 912 756
f 332 912 1100
f 276 273 329
f 1382 231 1299
f 1299 273 1382
f 244 273 530
f 530 1094 244
f 614 737 231
f 614 231 1437
f 1444 162 155
f 155 9 1444
f 235 1443 78
f 78 619 235
f 78 338 1266
f 1266 619 78
f 213 1051 908
f 482 115 552
f 115 1051 552
f 1169 4 115
f 1169 115 482
f 538 153 304
f 304 153 1582
f 1582 544 304
f 512 199 1561
f 1561 1582 805
f 1561 544 1582
f 562 1094 1362
f 1094 1539 1362
f 1362 1539 538
f 1362 576 562
f 1362 538 576
f 1564 1054 1094
f 1437 1054 1564
f 1446 538 1540
f 1072 626 971
f 1072 877 626
f 971 556 1072
f 556 877 1072
f 323 912 391
f 323 889 912
f 1339 756 342
f 342 756 936
f 1480 332 1275
f 1275 332 1100
f 1275 1427 1480
f 568 382 137
f 1480 882 427
f 427 382 1480
f 428 10 556
f 273 10 428
f 57 329 971
f 276 329 57
f 1595 231 1177
f 1595 1299 231
f 1177 273 1595
f 273 1299 1595
f 855 231 273
f 273 244 855
f 855 244 1094
f 1094 1054 855
f 1054 231 855
f 162 1203 604
f 604 155 162
f 604 1203 25
f 25 155 604
f 1252 338 1098
f 1252 1266 338
f 41 876 897
f 1031 997 41
f 1051 213 331
f 213 1613 331
f 1098 4 462
f 4 1169 462
f 1377 462 1245
f 1245 462 1169
f 314 636 1068
f 805 662 394
f 512 1561 394
f 394 1561 805
f 669 662 805
f 805 1300 669
f 1167 778 125
f 125 778 356
f 1100 510 1225
f 510 446 1225
f 1225 1275 1100
f 361 882 1480
f 1480 1427 361
f 361 1427 882
f 441 584 1277
f 1277 1145 441
f 584 1145 1277
f 496 1145 882
f 882 1427 496
f 1427 1275 496
f 1305 224 543
f 538 304 1326
f 1326 304 544
f 1353 155 25
f 9 155 1353
f 25 1203 96
f 96 1353 25
f 670 96 1203
f 1444 9 677
f 1442 576 1446
f 576 1442 1357
f 1357 1442 139
f 1349 614 1437
f 1437 1564 1349
f 491 1564 1094
f 491 1094 562
f 562 576 491
f 1168 1604 222
f 1339 342 269
f 269 342 936
f 912 332 159
f 159 596 912
f 332 596 159
f 327 596 332
f 912 596 327
f 810 584 441
f 441 71 810
f 1023 71 979
f 979 1613 1023
f 1237 1613 698
f 971 329 1494
f 1494 329 273
f 274 57 971
f 274 1112 259
f 1557 28 698
f 698 1613 1557
f 1266 1252 767
f 767 1252 1098
f 805 543 1538
f 1538 448 805
f 1084 448 1538
f 543 224 1538
f 424 448 1084
f 802 71 441
f 441 1249 802
f 765 1249 1107
f 1107 331 765
f 765 331 1613
f 1377 975 1338
f 1338 462 1377
f 695 331 1107
f 730 1249 441
f 88 1169 482
f 611 449 1031
f 965 570 1554
f 1405 975 1377
f 1377 1185 1405
f 1405 1185 975
f 1141 59 1604
f 59 1141 1541
f 737 614 869
f 835 863 869
f 863 737 869
f 1167 287 688
f 688 778 1167
f 287 778 688
f 356 778 337
f 835 1195 1403
f 110 1432 689
f 708 1432 154
f 154 125 708
f 760 1493 1339
f 1596 1064 581
f 1145 496 1282
f 233 1540 538
f 538 1326 233
f 109 1378 9
f 1353 96 1592
f 9 1378 243
f 243 677 9
f 1378 677 243
f 221 60 1444
f 1583 1444 1003
f 139 1442 1140
f 516 1442 1446
f 1325 641 1047
f 16 1357 139
f 225 125 356
f 708 125 225
f 539 1349 1564
f 27 491 576
f 1547 876 144
f 147 144 853
f 853 144 876
f 876 41 853
f 853 41 997
f 617 669 1300
f 662 669 617
f 1480 382 432
f 432 327 1480
f 432 382 568
f 1334 332 1480
f 1480 327 1334
f 1334 327 332
f 637 274 971
f 211 274 637
f 382 531 1495
f 854 137 1495
f 1495 137 382
f 157 1557 854
f 1580 531 382
f 382 427 1580
f 584 28 970
f 970 531 584
f 774 1237 698
f 774 28 584
f 698 28 774
f 584 810 803
f 803 1023 1613
f 568 259 370
f 259 1112 370
f 971 1494 241
f 241 556 971
f 241 428 556
f 273 428 241
f 241 1494 273
f 933 274 259
f 933 259 568
f 568 137 933
f 933 137 854
f 854 1557 933
f 290 1613 213
f 290 1557 1613
f 290 213 908
f 908 1156 290
f 1173 1510 1219
f 738 235 619
f 1443 235 738
f 1266 767 745
f 1083 767 1098
f 619 1266 1239
f 1070 1219 1510
f 651 1082 1031
f 1031 1631 651
f 1084 1538 1574
f 448 424 1286
f 805 448 1286
f 71 802 1134
f 1134 802 1249
f 1249 765 1134
f 1098 462 1555
f 462 1338 1555
f 1555 1083 1098
f 1032 1083 1555
f 633 791 1289
f 1435 791 960
f 960 1001 1435
f 791 633 960
f 921 695 1162
f 1162 730 921
f 1249 730 1162
f 695 280 1162
f 1169 88 733
f 1554 570 99
f 574 6 1312
f 1312 6 1360
f 982 652 1360
f 1360 750 982
f 982 499 652
f 982 750 1233
f 744 431 653
f 653 1056 744
f 744 190 431
f 460 190 770
f 431 190 460
f 1030 431 489
f 1306 496 1275
f 1275 1225 1306
f 1618 852 1306
f 446 1618 1306
f 1306 1225 446
f 1251 1618 446
f 1251 966 1618
f 1251 446 510
f 1435 966 83
f 1074 270 1352
f 1031 449 1352
f 1352 270 1031
f 1031 1082 36
f 36 611 1031
f 449 611 1527
f 1556 1106 902
f 902 1338 975
f 1032 1555 902
f 902 1555 1338
f 1245 1191 92
f 3 222 1604
f 1604 59 3
f 636 3 1371
f 1170 965 1554
f 1068 636 204
f 1350 1541 1031
f 1031 270 1350
f 623 1141 1604
f 623 1541 1141
f 1031 1541 623
f 553 1138 512
f 553 1273 1138
f 512 394 553
f 553 394 662
f 662 1531 553
f 835 869 161
f 614 1349 1012
f 1012 869 614
f 1349 686 1012
f 755 869 1012
f 586 248 755
f 755 248 1285
f 200 778 66
f 66 17 200
f 66 778 287
f 286 778 200
f 286 337 778
f 337 286 1426
f 1324 1403 377
f 377 1195 914
f 914 1324 377
f 1288 1195 377
f 377 1403 1288
f 1288 1403 1195
f 1428 1432 110
f 1403 1324 1428
f 1428 1324 1214
f 1175 978 1392
f 1172 1596 1392
f 863 1172 1392
f 1124 863 1392
f 1174 978 1175
f 352 980 268
f 268 980 831
f 268 831 581
f 831 980 839
f 980 760 839
f 1493 760 643
f 643 760 980
f 1064 1596 572
f 572 1596 1172
f 1339 1493 874
f 874 433 1339
f 918 433 119
f 918 510 1339
f 1339 433 918
f 727 730 441
f 921 730 727
f 1364 574 921
f 574 1364 795
f 1186 1282 496
f 496 1306 1186
f 1186 1306 852
f 852 1515 1186
f 1186 460 770
f 1515 460 1186
f 574 795 1186
f 770 190 1186
f 9 1353 1513
f 1513 109 9
f 1353 109 1513
f 1257 334 1353
f 1353 1592 1257
f 1444 677 1116
f 1116 221 1444
f 1116 677 1378
f 1042 995 60
f 60 221 1042
f 288 995 1042
f 830 1378 1529
f 830 1116 1378
f 221 1116 830
f 1444 60 1115
f 1115 1003 1444
f 19 1140 1325
f 811 641 913
f 1442 516 913
f 1247 641 811
f 54 1047 1247
f 438 293 35
f 804 1022 559
f 659 16 559
f 545 169 1007
f 1136 16 139
f 1136 19 1325
f 219 1432 708
f 708 1254 219
f 1254 840 219
f 754 840 1254
f 478 766 754
f 766 840 754
f 576 169 942
f 942 27 576
f 942 169 545
f 47 229 564
f 1218 997 1031
f 423 144 147
f 1041 845 1168
f 1168 222 1041
f 1041 3 636
f 222 3 1041
f 1011 423 147
f 1547 144 1011
f 144 423 1011
f 1099 1581 1153
f 1547 1011 954
f 327 432 1298
f 1298 637 971
f 971 912 1298
f 912 327 1298
f 403 157 531
f 28 1557 403
f 1557 157 403
f 854 1495 650
f 650 157 854
f 131 1495 531
f 531 157 131
f 131 650 1495
f 157 650 131
f 531 1580 1520
f 584 531 1520
f 1520 1145 584
f 882 1145 1520
f 1613 1237 21
f 21 803 1613
f 584 803 21
f 21 774 584
f 1237 774 21
f 513 933 1557
f 1557 290 513
f 57 274 513
f 274 933 513
f 276 57 513
f 513 1156 276
f 513 290 1156
f 1272 1154 1074
f 786 1556 768
f 768 940 786
f 1102 270 1074
f 940 1359 777
f 786 940 777
f 1443 738 1006
f 1132 597 962
f 1187 1607 1359
f 1187 1070 102
f 1219 1070 1187
f 181 1070 1510
f 1031 168 48
f 48 486 1031
f 1184 1631 1031
f 1284 1300 805
f 805 1286 1284
f 1284 1286 1300
f 186 1006 738
f 1031 41 197
f 1250 765 1613
f 1250 1134 765
f 1250 1613 979
f 979 71 1250
f 71 1134 1250
f 439 1245 1169
f 1169 892 439
f 847 99 1576
f 1576 99 729
f 1485 852 1618
f 1485 1515 852
f 1485 966 1435
f 1618 966 1485
f 1435 1001 1485
f 94 693 292
f 292 1328 1067
f 292 693 1328
f 923 983 363
f 363 983 5
f 762 1056 653
f 762 750 1360
f 1360 1056 762
f 1107 1249 1061
f 1061 695 1107
f 1061 280 695
f 1249 1162 1061
f 1061 1162 280
f 630 395 1608
f 395 1401 1608
f 1169 733 873
f 88 395 932
f 932 395 630
f 1554 99 183
f 183 99 847
f 183 1170 1554
f 209 1170 183
f 1563 99 570
f 1260 1608 528
f 652 499 1553
f 1360 652 1553
f 1553 1312 1360
f 1431 982 1233
f 156 1506 499
f 499 982 156
f 156 1431 1506
f 982 1431 156
f 100 431 1433
f 653 431 100
f 1433 431 1110
f 1283 744 1056
f 1283 1056 1360
f 1360 6 1283
f 1283 6 574
f 190 744 263
f 574 1186 263
f 263 1186 190
f 263 1283 574
f 744 1283 263
f 646 431 1030
f 1030 489 646
f 1035 929 1508
f 1067 1410 723
f 723 460 1515
f 240 489 723
f 431 460 723
f 723 489 431
f 1328 693 507
f 1125 1208 945
f 945 687 1125
f 923 687 296
f 296 983 923
f 1435 83 344
f 449 1527 1477
f 1074 1352 1477
f 1477 1352 449
f 975 1185 1363
f 1363 902 975
f 1185 902 1363
f 1106 597 1028
f 1245 92 1318
f 1377 1245 1318
f 1318 1185 1377
f 1318 601 1185
f 955 92 1191
f 1276 601 955
f 881 305 1621
f 1621 986 881
f 881 1422 1402
f 881 986 1422
f 1255 279 1506
f 1255 1431 1402
f 1506 1431 1255
f 636 1371 987
f 1505 59 1135
f 1505 3 59
f 209 1371 953
f 953 1418 209
f 166 1350 500
f 1541 1350 1057
f 1135 59 1057
f 59 1541 1057
f 1399 1367 1602
f 1399 161 957
f 1602 1144 1399
f 1399 1144 835
f 835 161 1399
f 248 586 533
f 1092 964 716
f 817 66 287
f 1348 817 287
f 356 337 841
f 841 225 356
f 1491 754 1254
f 1491 1534 478
f 478 754 1491
f 1602 1587 976
f 1432 1428 63
f 63 1428 1214
f 63 154 1432
f 125 154 63
f 1175 1392 453
f 453 1392 1596
f 352 268 1461
f 704 268 581
f 581 389 704
f 704 389 1390
f 185 689 1432
f 581 1064 443
f 443 389 581
f 1601 918 119
f 1282 1186 317
f 317 1186 795
f 317 795 1364
f 317 727 441
f 921 727 317
f 317 1364 921
f 441 1145 317
f 1145 1282 317
f 680 1545 616
f 1634 1545 199
f 1138 1545 1634
f 1634 199 512
f 512 1138 1634
f 180 1545 680
f 1540 233 180
f 180 680 1540
f 1540 680 1224
f 1224 949 1540
f 680 949 1224
f 1446 1540 749
f 1455 949 680
f 910 1521 1378
f 1378 109 910
f 910 109 1353
f 1353 334 879
f 995 752 1302
f 1315 1042 221
f 221 830 1315
f 288 1042 1315
f 1315 830 1529
f 1503 1140 1442
f 1446 749 741
f 45 641 1325
f 45 913 641
f 1325 1140 45
f 1140 1503 45
f 1442 913 45
f 45 1503 1442
f 740 1047 641
f 641 1247 740
f 740 1247 1047
f 659 559 1346
f 1346 559 1022
f 1346 1423 659
f 804 559 1243
f 1243 559 16
f 16 1136 1243
f 1022 779 834
f 300 1022 804
f 804 365 300
f 300 365 1022
f 1047 365 1119
f 1119 365 804
f 804 1243 1119
f 829 779 1022
f 1022 365 829
f 1078 779 829
f 829 365 1047
f 829 1047 54
f 54 1247 829
f 554 16 659
f 554 419 16
f 1308 219 840
f 983 296 1232
f 676 983 1232
f 1078 170 579
f 478 1534 894
f 1534 546 894
f 1616 1426 163
f 690 546 1534
f 1404 215 664
f 728 1012 686
f 686 89 728
f 578 545 1404
f 578 942 545
f 1411 942 667
f 564 229 781
f 997 1218 781
f 781 1218 564
f 1168 845 1039
f 1039 1292 1168
f 1031 623 1131
f 1131 1218 1031
f 564 1218 1091
f 1262 1313 1196
f 1196 1313 853
f 1196 47 1262
f 147 853 378
f 853 1313 378
f 249 1292 1218
f 1168 1292 249
f 1218 1131 249
f 1581 1011 628
f 1099 1153 1182
f 1138 1273 487
f 487 1545 1138
f 662 617 515
f 617 1014 515
f 515 1531 662
f 515 1014 1531
f 1482 1014 617
f 1482 487 371
f 1531 1014 1482
f 1099 954 1176
f 1200 1011 1581
f 1200 954 1011
f 1547 954 1470
f 51 170 1078
f 1078 829 51
f 51 525 266
f 1205 699 325
f 325 1365 1205
f 811 525 1598
f 1598 1247 811
f 525 51 1598
f 211 637 540
f 637 1298 540
f 540 370 1112
f 568 370 540
f 540 432 568
f 540 1298 432
f 28 403 201
f 201 970 28
f 531 970 201
f 940 768 492
f 492 768 570
f 570 965 492
f 252 597 1106
f 252 777 1359
f 860 959 1005
f 1234 959 1416
f 587 1132 962
f 1607 1132 587
f 1359 1607 587
f 587 252 1359
f 30 959 1234
f 800 1132 1183
f 14 1187 102
f 1607 1187 14
f 208 1584 1219
f 1219 1187 208
f 940 1584 208
f 208 1359 940
f 208 1187 1359
f 301 48 168
f 497 48 301
f 497 301 150
f 150 301 168
f 631 1184 1070
f 1316 651 1631
f 1316 505 651
f 366 876 1547
f 959 1206 1391
f 1443 895 1546
f 1546 1203 1443
f 1443 1006 1171
f 1171 895 1443
f 1009 1546 895
f 136 851 1059
f 1568 638 458
f 195 983 676
f 1514 759 372
f 923 363 372
f 372 363 1514
f 663 292 1514
f 1514 363 663
f 1002 292 1067
f 1067 723 1002
f 1002 723 1515
f 532 88 482
f 532 1401 88
f 532 1608 1401
f 402 395 88
f 88 1401 402
f 402 1401 395
f 1330 1597 528
f 1169 873 648
f 648 729 1276
f 1276 955 648
f 648 1576 729
f 648 873 733
f 1222 733 88
f 88 932 1222
f 1222 932 733
f 847 499 930
f 204 183 930
f 1068 204 930
f 570 768 351
f 351 1563 570
f 351 768 1556
f 1417 601 1276
f 1556 902 1417
f 1185 601 1417
f 1417 902 1185
f 729 99 1227
f 99 1563 1227
f 695 254 571
f 552 608 172
f 172 254 1474
f 172 608 254
f 1312 1260 1436
f 528 411 442
f 442 1260 528
f 921 1260 442
f 442 695 921
f 442 254 695
f 1474 254 442
f 630 1608 1223
f 1608 1260 1223
f 1223 1576 630
f 1223 1553 499
f 1223 499 847
f 847 1576 1223
f 1233 1253 1469
f 1469 1431 1233
f 919 72 1609
f 919 100 72
f 175 524 1609
f 175 100 1433
f 1233 1008 1040
f 1040 1253 1233
f 583 1008 1233
f 1233 750 583
f 100 919 583
f 653 100 583
f 583 919 1609
f 583 762 653
f 750 762 583
f 1073 906 1332
f 206 675 1484
f 11 693 94
f 11 983 1029
f 5 983 11
f 887 1110 431
f 926 1110 887
f 289 1110 926
f 463 646 489
f 240 723 952
f 952 723 1410
f 1328 507 1081
f 1067 1328 1081
f 1081 1410 1067
f 353 507 693
f 693 11 353
f 1410 507 938
f 938 353 105
f 507 353 938
f 1511 687 945
f 1511 296 687
f 945 1232 1511
f 1511 1232 296
f 388 324 1565
f 388 549 851
f 851 629 388
f 945 1208 388
f 388 629 945
f 1565 324 707
f 132 344 83
f 1231 851 136
f 1231 132 851
f 344 132 1231
f 611 36 713
f 277 1611 1173
f 1272 1265 1381
f 1154 1272 1381
f 940 492 1381
f 1381 1584 940
f 1219 1584 1381
f 1173 1219 1381
f 1381 1265 1173
f 1032 902 658
f 658 1028 1032
f 902 1028 658
f 1456 902 1106
f 1106 1028 1456
f 1032 1028 336
f 336 1028 597
f 1570 1057 1350
f 1135 1057 1570
f 160 305 1065
f 160 1323 305
f 1621 305 91
f 305 1323 91
f 986 1600 1421
f 495 986 1621
f 495 1600 986
f 1402 1422 1180
f 1180 1255 1402
f 636 314 466
f 466 789 636
f 965 785 1198
f 672 965 1198
f 79 927 672
f 192 1350 79
f 1350 927 79
f 1512 927 1350
f 672 927 1512
f 1512 298 672
f 205 1371 209
f 209 987 205
f 205 987 1371
f 636 987 1335
f 1335 987 209
f 1335 204 636
f 209 183 1335
f 1335 183 204
f 406 1505 1135
f 1418 1505 406
f 406 1170 209
f 209 1418 406
f 560 953 1371
f 560 1371 3
f 3 1505 560
f 560 1505 1418
f 1418 953 560
f 1361 1350 685
f 1350 166 685
f 298 1512 1118
f 1118 1512 1350
f 1118 1350 270
f 270 731 1118
f 1367 819 194
f 1602 1367 194
f 994 1092 200
f 964 1092 994
f 200 17 994
f 964 1348 857
f 857 1285 248
f 248 533 857
f 716 502 1610
f 1610 502 200
f 490 286 200
f 200 502 490
f 354 502 716
f 337 1426 1591
f 1425 1254 708
f 708 225 1425
f 225 841 1425
f 1425 1426 1254
f 1425 841 1426
f 701 976 374
f 374 976 1587
f 1486 833 1602
f 1602 976 1486
f 1195 833 1486
f 743 976 701
f 1324 914 743
f 701 691 743
f 743 691 1167
f 1167 125 743
f 1214 1324 743
f 125 63 743
f 743 63 1214
f 1160 691 1587
f 1160 1587 1602
f 1160 287 1167
f 1167 691 1160
f 1602 194 1160
f 1403 108 1097
f 1097 863 835
f 835 1403 1097
f 978 1174 870
f 1174 1113 870
f 352 1461 1060
f 1060 1461 119
f 1238 1149 1390
f 1390 389 1238
f 918 1601 547
f 1210 1601 119
f 510 918 1150
f 1150 706 1251
f 1150 1251 510
f 199 1545 1281
f 1545 180 1281
f 1281 1561 199
f 1281 180 1561
f 271 233 1561
f 1561 180 271
f 1551 910 1353
f 1353 879 1551
f 995 1302 386
f 386 1302 224
f 224 1305 386
f 1084 1574 485
f 288 1567 1585
f 1585 995 288
f 2 654 93
f 654 341 93
f 999 913 516
f 811 913 999
f 816 654 2
f 816 302 654
f 2 741 816
f 1280 302 455
f 455 680 1280
f 455 1455 680
f 577 302 1280
f 654 302 65
f 65 341 654
f 1441 322 75
f 392 75 242
f 956 322 1441
f 1058 1119 1243
f 1058 1136 1325
f 1058 1243 1136
f 1325 1047 1058
f 1047 1119 1058
f 969 1146 1357
f 169 1146 969
f 1357 16 1424
f 16 419 1424
f 1022 74 1062
f 1062 74 1633
f 1022 834 1220
f 1220 834 1413
f 504 49 1400
f 49 419 1400
f 1458 602 992
f 992 1614 1458
f 992 385 1614
f 545 1007 763
f 941 554 659
f 419 554 941
f 941 1400 419
f 659 1423 941
f 1423 1400 941
f 33 1232 945
f 746 1232 33
f 33 1358 84
f 945 226 33
f 893 84 766
f 766 746 893
f 893 33 84
f 746 33 893
f 1475 746 766
f 1475 1232 746
f 676 1232 1475
f 1475 195 676
f 1475 766 478
f 478 195 1475
f 1078 579 418
f 418 579 1413
f 418 779 1078
f 1413 834 418
f 418 834 779
f 380 579 230
f 1534 1491 311
f 311 1491 1254
f 792 690 1534
f 606 380 230
f 425 1616 163
f 1241 602 1458
f 1241 1126 602
f 1633 281 1241
f 1458 1614 1241
f 1241 1614 1633
f 683 281 1633
f 989 1038 683
f 81 1126 1287
f 1287 1038 81
f 1126 1241 1287
f 1287 1241 281
f 281 683 1287
f 1287 683 1038
f 533 1578 694
f 694 89 488
f 694 728 89
f 694 1578 728
f 328 89 686
f 328 686 1349
f 639 667 602
f 639 1086 667
f 667 942 1498
f 942 578 1498
f 1498 578 1404
f 1152 1091 1218
f 529 1039 47
f 47 285 529
f 436 781 229
f 229 47 436
f 47 1196 436
f 1161 1313 1262
f 1161 378 1313
f 1262 47 87
f 858 397 87
f 87 1039 845
f 47 1039 87
f 845 1041 1127
f 1127 87 845
f 1256 471 858
f 858 696 1256
f 1256 696 471
f 350 1153 1581
f 1581 628 350
f 967 1011 147
f 967 628 1011
f 967 196 628
f 147 378 967
f 371 487 1090
f 1090 487 1273
f 1090 553 1531
f 1273 553 1090
f 187 616 1545
f 1545 487 187
f 35 616 187
f 187 438 35
f 187 1482 617
f 487 1482 187
f 187 481 242
f 242 75 187
f 187 75 322
f 293 438 187
f 322 956 187
f 294 1176 954
f 954 1200 294
f 23 1581 1099
f 23 1200 1581
f 1612 1429 674
f 410 1429 1612
f 1369 956 1441
f 1419 1205 1365
f 1419 1562 1205
f 1460 829 1247
f 1460 51 829
f 894 815 184
f 458 638 184
f 184 815 458
f 230 579 1626
f 1430 1568 458
f 321 542 961
f 542 29 961
f 1370 403 531
f 531 201 1370
f 1370 201 403
f 1154 1381 1462
f 1462 1381 492
f 50 745 767
f 767 1083 50
f 416 807 597
f 416 800 1183
f 416 1183 745
f 597 1132 416
f 745 50 416
f 416 50 807
f 777 252 776
f 786 777 776
f 776 1556 786
f 776 1106 1556
f 962 597 421
f 597 252 421
f 421 587 962
f 252 587 421
f 1006 186 884
f 884 871 1006
f 1234 39 8
f 8 39 1239
f 1183 1132 116
f 116 30 1234
f 116 1132 1607
f 1607 30 116
f 1558 1239 1266
f 745 1183 127
f 1239 1558 127
f 1266 745 127
f 127 1558 1266
f 619 1239 1448
f 1239 1005 1448
f 1398 39 860
f 860 1005 1398
f 1239 39 1398
f 1398 1005 1239
f 860 39 1537
f 1537 1416 860
f 1537 39 1234
f 1234 1416 1537
f 257 959 860
f 860 1416 257
f 257 1416 959
f 508 14 102
f 102 1070 508
f 14 508 77
f 1082 651 141
f 141 907 1082
f 505 1611 1479
f 651 505 1479
f 1611 277 1479
f 486 234 1344
f 1031 486 1344
f 1344 1184 1031
f 437 824 1
f 1 1307 437
f 1221 181 1510
f 1070 181 1221
f 1221 631 1070
f 1184 631 917
f 1631 1184 917
f 631 1221 917
f 26 1316 1631
f 1393 1316 26
f 1084 1139 333
f 715 1045 333
f 333 1139 715
f 1297 1045 715
f 1297 424 1084
f 1084 333 1297
f 1297 333 1045
f 1459 1165 904
f 904 613 1459
f 904 871 465
f 904 742 871
f 758 904 465
f 613 904 758
f 573 1391 1206
f 573 758 465
f 573 1206 613
f 613 758 573
f 186 1391 62
f 871 884 62
f 62 884 186
f 1018 1171 1006
f 1546 1009 565
f 565 670 1203
f 1203 1546 565
f 645 1165 1459
f 369 197 41
f 1031 197 318
f 1459 613 671
f 613 1206 671
f 851 549 735
f 735 1059 851
f 822 226 945
f 945 629 822
f 1454 1568 963
f 963 1568 1128
f 70 952 1410
f 240 952 70
f 1048 1128 1535
f 1454 983 1163
f 1163 112 1454
f 1454 112 625
f 625 1568 1454
f 638 1568 625
f 625 1163 638
f 112 1163 625
f 692 363 94
f 692 663 363
f 94 292 692
f 292 663 692
f 292 1002 1026
f 1026 759 1514
f 1514 292 1026
f 68 1330 528
f 1597 1330 1356
f 482 552 1356
f 552 1597 1356
f 1330 1310 1356
f 1356 1310 1608
f 1356 532 482
f 1608 532 1356
f 1191 892 15
f 15 955 1191
f 15 648 955
f 15 892 1169
f 1169 648 15
f 630 1576 278
f 1576 648 278
f 278 932 630
f 426 183 847
f 847 930 426
f 426 930 183
f 260 351 1556
f 1563 351 260
f 1556 1417 260
f 260 1417 1563
f 1452 1417 1276
f 1563 1417 1452
f 1276 729 1452
f 729 1227 1452
f 1452 1227 1563
f 331 695 117
f 117 571 331
f 695 571 117
f 330 172 411
f 552 172 330
f 330 411 528
f 528 1597 330
f 331 571 53
f 331 1463 1573
f 1573 552 1051
f 1051 331 1573
f 1573 608 552
f 1312 1436 86
f 921 574 86
f 574 1312 86
f 86 1260 921
f 86 1436 1260
f 1312 1553 306
f 1553 1223 306
f 682 675 1253
f 76 675 206
f 72 100 784
f 100 175 784
f 1609 72 784
f 784 175 1609
f 535 1008 138
f 535 1040 1008
f 343 1073 1332
f 1332 535 343
f 906 1073 164
f 794 206 362
f 206 1484 362
f 362 1484 471
f 1269 11 1632
f 94 363 339
f 1035 1508 1293
f 1293 463 489
f 1204 1293 1508
f 463 1293 1204
f 646 463 1204
f 511 722 926
f 511 1508 929
f 929 722 511
f 929 981 946
f 946 722 929
f 981 722 946
f 1593 507 1410
f 1410 1081 1593
f 1593 1081 507
f 1532 353 11
f 1532 11 1269
f 396 938 105
f 1192 388 1565
f 549 388 1192
f 1565 707 1384
f 1013 633 1289
f 1289 348 1013
f 1265 713 1055
f 1173 1265 1055
f 1055 277 1173
f 1027 984 1527
f 1027 1527 611
f 320 1028 902
f 902 1456 320
f 320 1456 1028
f 597 807 1076
f 1076 336 597
f 807 50 1076
f 1076 50 336
f 246 1570 1301
f 1301 1350 1361
f 188 1570 246
f 188 246 965
f 1135 1570 188
f 188 406 1135
f 526 1421 991
f 991 1421 1600
f 73 575 725
f 73 314 1068
f 1068 930 73
f 499 1506 73
f 73 930 499
f 1496 469 537
f 279 1496 537
f 1506 279 537
f 721 469 1496
f 1197 264 1069
f 1069 1350 192
f 868 264 1197
f 1350 1069 216
f 216 1069 264
f 672 192 284
f 284 79 672
f 192 79 284
f 1361 685 968
f 968 685 166
f 1343 166 500
f 500 868 1343
f 1343 868 405
f 134 1198 785
f 134 868 1198
f 405 868 134
f 517 1118 731
f 755 1012 1588
f 1012 728 1588
f 728 1578 1588
f 957 161 506
f 506 772 1399
f 506 1399 957
f 506 161 869
f 368 994 817
f 817 1348 368
f 368 1348 964
f 964 994 368
f 1285 857 1189
f 502 354 1268
f 1268 1426 286
f 163 1426 1268
f 1268 354 163
f 1426 841 569
f 569 1591 1426
f 569 841 337
f 337 1591 569
f 1120 914 1195
f 1195 1486 1120
f 1345 1071 108
f 1345 1428 110
f 1403 1428 1345
f 1345 108 1403
f 599 1113 1174
f 958 185 1432
f 1432 673 958
f 958 673 185
f 689 185 149
f 185 1238 149
f 133 1238 185
f 1149 1238 133
f 527 142 389
f 389 443 527
f 108 1071 310
f 310 142 108
f 1492 704 1390
f 119 1461 250
f 250 1210 119
f 656 1358 1408
f 1408 1358 761
f 706 1150 1037
f 1037 1150 1590
f 1590 787 1037
f 1181 1358 1390
f 1181 13 185
f 84 1358 1181
f 148 180 233
f 233 271 148
f 148 271 180
f 474 752 995
f 111 1589 474
f 1574 1589 591
f 591 485 1574
f 591 1589 111
f 430 1329 592
f 592 1567 430
f 592 1585 1567
f 1438 1329 430
f 1438 1139 1084
f 684 879 334
f 334 1473 684
f 684 1473 1406
f 1406 1257 684
f 1258 1257 1592
f 1258 684 1257
f 341 65 534
f 985 999 516
f 741 999 985
f 985 516 1446
f 1446 741 985
f 811 999 836
f 1525 741 2
f 1525 999 741
f 1525 836 999
f 2 93 1525
f 93 836 1525
f 444 741 749
f 444 749 1540
f 1415 455 302
f 302 816 1415
f 1455 455 1415
f 1415 816 741
f 302 577 1471
f 1471 65 302
f 1471 577 1143
f 1105 392 242
f 169 969 1542
f 504 1007 1542
f 1542 1007 169
f 1036 969 1357
f 1357 1424 1036
f 1088 74 1022
f 1022 1220 1088
f 1633 74 1088
f 1633 1614 1566
f 1022 1062 503
f 503 1062 1633
f 1633 1566 503
f 504 1400 1420
f 1420 1400 385
f 1420 1007 504
f 1614 385 1159
f 385 1400 1159
f 1159 1400 1423
f 1034 992 602
f 545 763 445
f 445 763 385
f 1404 545 445
f 445 215 1404
f 226 1358 256
f 256 33 226
f 1358 33 256
f 579 380 476
f 380 606 476
f 1426 1616 1507
f 1616 311 1507
f 1254 1426 1507
f 1507 311 1254
f 690 792 1445
f 546 690 1445
f 1439 1322 1445
f 1445 792 1439
f 1616 606 1603
f 1603 792 1534
f 1439 792 1603
f 1603 606 1439
f 1534 621 1603
f 1603 311 1616
f 1077 606 1616
f 1616 1319 1077
f 1077 1319 579
f 579 476 1077
f 579 1319 12
f 12 425 163
f 989 683 456
f 644 888 1404
f 1404 664 644
f 667 888 644
f 602 667 644
f 89 328 1085
f 1085 639 89
f 1085 328 1349
f 1349 539 1085
f 539 639 1085
f 667 1086 1194
f 1194 1411 667
f 1086 639 1194
f 64 639 602
f 602 1126 64
f 64 1126 81
f 64 694 488
f 488 89 585
f 89 639 585
f 585 64 488
f 639 64 585
f 536 285 47
f 1091 1152 536
f 696 1127 769
f 769 1041 636
f 769 1127 1041
f 636 789 769
f 1488 696 858
f 1488 1127 696
f 858 87 1488
f 87 1127 1488
f 1099 1182 501
f 1182 880 501
f 501 1320 1099
f 1441 1320 501
f 1142 880 699
f 1142 501 880
f 856 1075 1262
f 217 1075 856
f 1271 1182 1153
f 1466 267 783
f 951 856 1262
f 951 1271 856
f 1262 87 951
f 951 87 397
f 951 397 858
f 1050 1090 1531
f 371 1090 1050
f 1612 674 655
f 170 51 1103
f 1103 674 170
f 1103 655 674
f 1103 51 266
f 266 655 1103
f 1620 674 1351
f 915 1142 1487
f 699 1205 1487
f 1441 915 1487
f 1487 1369 1441
f 1205 1562 1188
f 1188 1487 1205
f 1369 1487 1188
f 825 1419 1365
f 1137 1419 1429
f 1143 1244 1137
f 1562 1419 1137
f 1137 1244 1562
f 1247 1598 1457
f 1457 1460 1247
f 1457 1598 51
f 51 1460 1457
f 1336 1626 579
f 230 1626 461
f 422 461 1388
f 230 461 422
f 422 606 230
f 422 1322 1439
f 1439 606 422
f 588 920 542
f 1066 1229 458
f 458 815 1066
f 815 1229 1066
f 349 1229 815
f 349 894 546
f 349 815 894
f 349 1445 1229
f 546 1445 349
f 120 1430 458
f 1351 674 1483
f 1340 1365 325
f 1016 50 1083
f 336 50 1016
f 1016 1083 1032
f 1032 336 1016
f 1132 800 861
f 861 416 1132
f 800 416 861
f 846 252 1106
f 1106 776 846
f 846 776 252
f 1341 1018 1337
f 1337 1018 1006
f 1006 871 1021
f 871 742 1021
f 477 116 1234
f 1234 8 477
f 477 8 1239
f 116 477 146
f 1239 127 146
f 1183 116 146
f 146 127 1183
f 146 477 1239
f 1005 1391 551
f 551 1448 1005
f 702 738 619
f 619 1448 702
f 1201 508 1070
f 1070 1184 1201
f 1201 1184 1
f 1 824 1201
f 823 234 1387
f 1 1184 753
f 1184 1380 753
f 753 1307 1
f 753 1380 1307
f 1184 1307 37
f 37 1380 1184
f 1307 1380 37
f 1368 234 823
f 1368 1344 234
f 420 1307 1184
f 1184 1344 420
f 1510 1316 1409
f 1409 1221 1510
f 1409 1316 1393
f 430 1567 899
f 632 1212 288
f 876 366 414
f 1459 671 567
f 959 30 1104
f 30 1108 1104
f 1104 1206 959
f 1391 573 299
f 299 62 1391
f 299 573 465
f 465 871 299
f 871 62 299
f 670 565 7
f 96 670 7
f 7 1592 96
f 1046 1579 1171
f 1171 1018 1046
f 1046 1018 1341
f 1341 1579 1046
f 828 1579 1341
f 255 41 897
f 255 369 41
f 1123 369 251
f 251 1263 1123
f 197 369 1123
f 1123 193 197
f 313 168 1031
f 1031 318 313
f 318 237 313
f 1523 1331 1211
f 122 193 480
f 197 193 122
f 122 1211 197
f 1524 1211 122
f 383 735 549
f 1289 735 383
f 383 348 1289
f 1213 629 1465
f 1213 822 629
f 1465 629 1606
f 629 412 1606
f 1190 70 929
f 240 70 1190
f 1190 929 1035
f 1035 1293 1190
f 400 981 929
f 929 1468 400
f 400 722 981
f 400 1468 722
f 780 1468 929
f 312 289 926
f 1110 289 312
f 375 1048 1535
f 1248 1048 375
f 1535 1412 375
f 375 1412 1248
f 245 963 1128
f 1128 1048 245
f 245 1048 1248
f 1248 1412 620
f 858 471 253
f 143 1163 983
f 143 184 638
f 638 1163 143
f 340 372 759
f 22 1002 1515
f 1515 548 22
f 528 1608 1385
f 1385 68 528
f 733 932 717
f 932 278 717
f 627 1463 331
f 331 53 627
f 345 571 254
f 345 53 571
f 1500 1260 1312
f 1312 306 1500
f 1500 1223 1260
f 1500 306 1223
f 1253 1040 1217
f 1217 682 1253
f 1065 76 440
f 440 76 206
f 440 160 1065
f 46 535 138
f 46 343 535
f 906 164 1374
f 675 682 1374
f 1374 164 675
f 675 164 118
f 797 1484 118
f 118 1484 675
f 794 362 595
f 595 362 471
f 415 769 261
f 261 769 789
f 1015 11 1029
f 1015 1632 11
f 364 11 94
f 94 339 364
f 468 1560 103
f 103 1532 468
f 468 1532 1269
f 103 1560 1569
f 431 646 541
f 646 1204 541
f 20 396 1317
f 20 1317 929
f 938 396 20
f 929 70 20
f 1410 938 20
f 20 70 1410
f 451 1384 707
f 1215 1055 713
f 907 277 668
f 277 1055 668
f 1082 907 668
f 984 1027 447
f 38 1570 1350
f 1350 1301 38
f 38 1301 1570
f 965 1170 809
f 809 188 965
f 1170 406 809
f 406 188 809
f 618 739 789
f 789 466 618
f 618 73 725
f 618 466 314
f 314 73 618
f 575 73 178
f 178 415 575
f 1044 415 178
f 1179 868 1197
f 1197 1069 1179
f 672 1198 1179
f 1198 868 1179
f 500 1350 1467
f 1350 216 1467
f 264 868 925
f 925 216 264
f 357 731 1440
f 1440 731 270
f 1154 1462 1440
f 270 1102 1440
f 1074 1154 1440
f 1440 1102 1074
f 434 1578 533
f 434 1588 1578
f 755 1588 434
f 434 586 755
f 434 533 586
f 679 1189 857
f 679 1348 287
f 679 857 1348
f 1285 1189 509
f 509 506 869
f 772 506 509
f 509 869 755
f 755 1285 509
f 1113 599 1625
f 1625 599 494
f 494 1063 1625
f 635 840 766
f 766 84 635
f 84 710 635
f 635 1308 840
f 108 142 724
f 142 527 724
f 656 1408 1519
f 1519 787 1590
f 706 1037 947
f 435 1358 226
f 435 1157 1358
f 761 1358 1407
f 1358 1157 1407
f 238 1181 1390
f 13 1181 238
f 185 673 826
f 826 1181 185
f 673 1181 826
f 84 1181 1453
f 1453 1181 673
f 111 474 1501
f 1501 474 995
f 995 1585 1501
f 1585 592 1501
f 272 1438 430
f 1139 1438 272
f 430 899 272
f 272 899 1139
f 151 1315 1529
f 1529 1378 151
f 1378 1521 151
f 1521 879 151
f 879 684 151
f 1212 247 176
f 523 1133 684
f 326 93 341
f 341 534 326
f 326 525 811
f 811 93 326
f 990 534 65
f 990 1471 1143
f 65 1471 990
f 1143 1137 990
f 258 836 93
f 258 93 811
f 811 836 258
f 741 444 801
f 801 1415 741
f 801 444 1540
f 1540 1415 801
f 1540 949 1395
f 1395 1415 1540
f 949 1455 1395
f 1455 1415 1395
f 481 187 935
f 242 481 935
f 935 1105 242
f 680 616 1533
f 1533 616 35
f 35 293 1533
f 993 577 1280
f 1143 577 993
f 236 49 504
f 504 1542 236
f 236 419 49
f 1413 579 379
f 360 1088 1220
f 360 522 1088
f 360 557 354
f 911 1038 989
f 964 857 916
f 916 1242 964
f 916 857 533
f 1038 911 916
f 916 911 1242
f 533 1617 916
f 916 1617 1038
f 479 1346 1022
f 1022 503 479
f 385 763 1209
f 1423 1566 1622
f 1622 1159 1423
f 1622 1566 1614
f 1614 1159 1622
f 335 1034 384
f 992 1034 335
f 215 445 376
f 445 335 376
f 376 335 384
f 1534 311 408
f 408 621 1534
f 579 12 43
f 557 360 43
f 43 12 163
f 43 379 579
f 163 354 43
f 354 557 43
f 43 360 1220
f 43 1220 1413
f 1413 379 43
f 1411 1194 1379
f 1564 1411 1379
f 1379 539 1564
f 1379 639 539
f 1379 1194 639
f 177 536 47
f 1091 536 177
f 1522 769 415
f 196 1075 580
f 628 196 580
f 580 1075 217
f 217 856 1383
f 350 217 1383
f 1153 350 1383
f 1182 1271 849
f 849 1271 140
f 849 1466 1182
f 140 1466 849
f 202 880 1182
f 464 1412 1535
f 267 1412 464
f 783 267 464
f 464 1575 783
f 1568 1430 121
f 812 951 858
f 140 1271 812
f 1271 951 812
f 711 422 1388
f 266 525 303
f 303 655 266
f 1612 655 303
f 525 326 303
f 129 1142 699
f 699 1487 129
f 129 1487 1142
f 1562 1244 1619
f 732 1188 1562
f 773 956 732
f 956 1369 732
f 1369 1188 732
f 170 674 1279
f 674 90 1279
f 1279 90 1626
f 909 90 1388
f 1626 90 909
f 542 920 634
f 634 422 542
f 1322 422 634
f 838 120 458
f 458 588 838
f 838 542 321
f 838 588 542
f 1202 1483 1434
f 1202 29 542
f 542 1483 1202
f 1434 1087 1202
f 429 1202 1290
f 29 1202 429
f 542 1620 232
f 813 1483 674
f 813 674 1429
f 1429 1419 813
f 1434 1483 813
f 813 736 1434
f 672 298 859
f 1341 1337 262
f 262 828 1341
f 1594 1337 742
f 1594 262 1337
f 1165 645 1594
f 645 1615 1594
f 123 1337 1006
f 742 1337 123
f 1516 1391 186
f 1516 551 1391
f 1240 1201 824
f 508 1201 1240
f 1240 1387 508
f 520 237 1278
f 520 313 237
f 486 48 282
f 806 917 1221
f 1221 1409 806
f 715 1139 944
f 1139 899 944
f 944 899 1212
f 407 1567 288
f 407 899 1567
f 288 1212 407
f 1212 899 407
f 424 1297 1630
f 1547 1286 589
f 558 316 1158
f 624 632 288
f 624 165 247
f 288 1315 624
f 1315 165 624
f 135 247 1212
f 1212 632 135
f 135 624 247
f 632 624 135
f 883 414 782
f 897 876 95
f 876 414 95
f 95 972 897
f 228 671 1206
f 1206 1104 228
f 905 454 390
f 77 454 1130
f 454 1111 1130
f 734 262 347
f 828 262 734
f 600 7 459
f 459 565 1009
f 459 7 565
f 307 255 567
f 369 255 307
f 307 315 369
f 189 114 193
f 251 369 808
f 808 1263 251
f 808 796 1263
f 369 315 808
f 837 748 1123
f 837 1123 1263
f 1263 796 837
f 796 563 837
f 1386 318 603
f 1386 237 318
f 1549 1331 1523
f 603 318 1559
f 318 1331 1559
f 1559 1549 603
f 1331 1549 1559
f 850 1331 318
f 850 1211 1331
f 850 318 197
f 197 1211 850
f 1586 122 480
f 1524 122 1586
f 193 114 747
f 550 1293 489
f 550 1190 1293
f 550 489 240
f 240 1190 550
f 1317 963 24
f 929 1317 24
f 24 780 929
f 722 1468 898
f 1468 312 898
f 926 722 898
f 898 312 926
f 319 312 1468
f 948 312 319
f 319 1043 948
f 524 175 1166
f 1166 175 1433
f 1433 1110 1166
f 1110 312 1166
f 398 620 1412
f 1248 620 475
f 239 1484 1518
f 1518 620 239
f 609 143 983
f 609 195 478
f 983 195 609
f 478 894 609
f 894 184 609
f 184 143 609
f 484 278 648
f 484 717 278
f 484 648 733
f 733 717 484
f 138 1008 82
f 1627 595 1373
f 471 1627 1373
f 1373 595 471
f 308 1484 239
f 308 605 1484
f 253 605 308
f 858 253 308
f 471 1484 900
f 1484 605 900
f 900 253 471
f 900 605 253
f 1599 261 789
f 1246 415 1044
f 1246 409 415
f 415 409 34
f 518 1569 1560
f 1317 1569 518
f 1454 963 518
f 518 963 1317
f 1497 451 707
f 700 451 1497
f 775 451 700
f 1515 451 775
f 775 548 1515
f 218 713 36
f 218 1215 713
f 1265 447 85
f 85 713 1265
f 85 447 1027
f 672 1179 1572
f 1572 192 672
f 1548 868 500
f 500 1467 1548
f 1079 731 357
f 1079 517 731
f 1189 679 703
f 1367 1189 703
f 703 819 1367
f 772 509 931
f 931 509 1189
f 1526 1625 1063
f 1526 1063 760
f 1526 760 1339
f 220 635 710
f 220 1453 673
f 1308 635 220
f 220 710 84
f 84 1453 220
f 219 1308 220
f 1432 219 220
f 220 673 1432
f 1601 1333 467
f 467 547 1601
f 787 1519 67
f 67 1519 1408
f 450 947 1037
f 450 629 1096
f 450 412 629
f 600 1478 561
f 1033 561 1528
f 1122 176 247
f 247 165 1122
f 1122 165 1315
f 1212 176 1635
f 1296 1137 1429
f 1296 990 1137
f 534 990 1296
f 1429 410 1296
f 1296 326 534
f 1296 303 326
f 1296 410 1612
f 1612 303 1296
f 647 617 1300
f 647 187 617
f 647 935 187
f 1300 1286 647
f 647 1286 1547
f 1547 1470 647
f 647 954 1099
f 647 1470 954
f 1099 1320 647
f 75 392 647
f 392 1105 647
f 1105 935 647
f 1441 75 647
f 647 1320 1441
f 1280 680 1629
f 680 1533 1629
f 1550 1619 1244
f 1550 993 1280
f 1280 1629 1550
f 1550 187 956
f 1550 1629 1533
f 293 187 1550
f 1550 1533 293
f 977 354 716
f 1499 360 354
f 522 360 1499
f 354 977 1499
f 977 1080 1499
f 678 1420 385
f 385 1209 678
f 694 64 1571
f 1571 64 81
f 533 694 1571
f 1571 1617 533
f 81 1038 1571
f 1038 1617 1571
f 1182 1466 69
f 69 202 1182
f 1466 202 69
f 1389 202 1466
f 1389 1466 783
f 1389 1575 325
f 783 1575 1389
f 325 1575 1295
f 1434 736 1543
f 1575 1087 875
f 875 736 1575
f 875 1543 736
f 1396 1340 325
f 1396 736 1340
f 325 1295 1396
f 1396 1295 736
f 1365 1340 1294
f 1294 736 1365
f 1340 736 1294
f 457 812 858
f 140 812 457
f 457 1466 140
f 858 308 457
f 457 308 1412
f 457 1412 267
f 267 1466 457
f 422 711 1504
f 1504 1620 542
f 542 422 1504
f 674 1620 1504
f 1504 711 1388
f 1388 90 1504
f 1504 90 674
f 1562 1619 101
f 773 732 101
f 101 732 1562
f 1619 1550 101
f 101 956 773
f 101 1550 956
f 1095 579 170
f 170 1279 1095
f 1095 1336 579
f 1626 1336 1095
f 1095 1279 1626
f 1481 461 1626
f 1626 909 1481
f 265 1290 1430
f 265 429 1290
f 1430 120 265
f 223 1483 542
f 542 232 223
f 736 813 1267
f 1267 825 1365
f 1365 736 1267
f 347 262 697
f 697 1615 212
f 697 1594 1615
f 262 1594 697
f 1544 904 1165
f 742 904 1544
f 1376 520 1278
f 497 282 1314
f 1314 48 497
f 1314 282 48
f 1517 234 486
f 486 282 1517
f 1517 1387 234
f 1517 77 508
f 128 1297 715
f 715 944 128
f 1212 1297 128
f 128 944 1212
f 1049 1297 1212
f 649 1286 424
f 649 589 1286
f 1327 558 1158
f 18 414 366
f 18 782 414
f 972 95 1536
f 1536 95 414
f 771 97 55
f 1509 842 212
f 972 1536 1226
f 1226 567 972
f 1291 671 1472
f 1472 890 1291
f 1291 890 567
f 1472 671 1490
f 671 228 1490
f 1490 228 1104
f 764 454 905
f 764 1111 454
f 198 30 1607
f 14 77 719
f 77 1130 719
f 1009 828 1052
f 828 734 1052
f 31 1478 600
f 600 459 31
f 31 459 1478
f 567 255 291
f 291 1489 567
f 291 255 897
f 897 1489 291
f 897 972 145
f 145 1489 897
f 972 567 145
f 567 1489 145
f 193 1123 640
f 666 808 521
f 796 808 666
f 666 563 796
f 521 567 666
f 567 890 666
f 666 890 1472
f 1472 563 666
f 315 307 214
f 214 808 315
f 214 307 567
f 1549 1376 891
f 603 1549 891
f 891 1386 603
f 237 1386 891
f 1524 1586 1414
f 885 747 114
f 417 747 1261
f 1261 563 417
f 566 747 417
f 417 563 566
f 566 563 1472
f 1472 1524 566
f 1524 1414 566
f 948 1043 818
f 1468 780 821
f 130 82 1017
f 524 1166 1017
f 44 398 1412
f 44 308 239
f 1412 308 44
f 239 620 44
f 620 398 44
f 1248 475 1447
f 948 1447 924
f 924 1447 475
f 924 312 948
f 1089 346 548
f 548 340 1089
f 1089 340 759
f 1117 22 548
f 548 346 1117
f 138 82 594
f 594 82 130
f 789 739 387
f 387 1599 789
f 1311 493 901
f 73 493 1311
f 1311 178 73
f 827 1311 106
f 106 1311 901
f 409 827 106
f 1627 409 106
f 173 409 1627
f 173 34 409
f 1627 42 173
f 1355 1522 415
f 415 34 1355
f 696 769 1355
f 769 1522 1355
f 471 696 1355
f 1355 34 471
f 1236 1440 1462
f 357 1440 1147
f 1147 1079 357
f 1440 1079 1147
f 1577 1358 656
f 1390 1358 1577
f 1577 1492 1390
f 367 450 1096
f 947 450 367
f 347 697 660
f 1528 561 820
f 347 660 820
f 820 660 842
f 820 1033 1528
f 1164 7 600
f 600 561 661
f 561 1033 661
f 622 523 1270
f 1133 523 622
f 1270 1258 622
f 622 1258 1592
f 1212 1635 40
f 1449 40 1635
f 1212 40 1449
f 1449 1049 1212
f 152 842 1158
f 1158 316 152
f 316 832 152
f 684 1133 996
f 996 1122 1315
f 1315 151 996
f 996 151 684
f 176 1122 275
f 275 1635 176
f 275 996 1133
f 1143 993 227
f 227 1550 1244
f 227 1244 1143
f 716 964 472
f 472 977 716
f 964 1242 472
f 472 1080 977
f 989 456 988
f 988 1080 989
f 1633 1080 988
f 989 1080 681
f 681 1080 1242
f 1633 1088 1121
f 1121 1080 1633
f 522 1499 182
f 182 1499 1080
f 1080 1121 182
f 325 699 355
f 699 880 355
f 880 202 355
f 1575 464 373
f 373 464 1535
f 1535 1128 373
f 1128 158 373
f 896 1087 1575
f 1575 373 896
f 896 373 158
f 1575 736 712
f 712 1295 1575
f 736 1295 712
f 1114 1087 1434
f 1114 875 1087
f 825 1267 642
f 642 1267 813
f 1419 825 642
f 642 813 1419
f 939 1594 742
f 742 1544 939
f 1165 1594 939
f 939 1544 1165
f 865 1376 1549
f 1228 1274 555
f 555 593 1228
f 313 593 555
f 168 313 555
f 555 1274 150
f 555 150 168
f 508 1387 799
f 799 1517 508
f 1387 1517 799
f 124 454 77
f 77 1517 124
f 124 390 454
f 124 1517 1228
f 297 1630 1297
f 1297 1049 297
f 937 1464 867
f 1101 1327 1158
f 366 483 657
f 1327 866 657
f 657 866 366
f 558 1327 657
f 782 18 1450
f 1151 1226 1552
f 1552 1226 1536
f 1158 1509 174
f 1158 842 191
f 191 1509 1158
f 842 1509 191
f 212 1615 1502
f 1502 1509 212
f 1502 1615 645
f 645 1151 1502
f 1151 1509 1502
f 782 1450 1303
f 1264 414 883
f 1264 612 414
f 1459 567 58
f 567 1226 58
f 58 645 1459
f 58 1151 645
f 58 1226 1151
f 974 567 671
f 671 1291 974
f 974 1291 567
f 905 1211 473
f 473 1490 1104
f 1472 1490 473
f 473 1104 1108
f 473 1524 1472
f 473 1211 1524
f 1108 1111 473
f 473 764 905
f 1111 764 473
f 1607 14 757
f 757 198 1607
f 757 1130 1111
f 757 1111 1108
f 757 1108 30
f 30 198 757
f 519 459 1009
f 1009 1052 519
f 1309 189 193
f 193 640 1309
f 521 808 615
f 808 214 615
f 615 567 521
f 615 214 567
f 748 837 1605
f 747 885 1605
f 1605 1261 747
f 98 837 563
f 563 1261 98
f 98 1605 837
f 1261 1605 98
f 283 818 963
f 948 818 283
f 928 24 963
f 963 818 928
f 1624 319 1468
f 1468 821 1624
f 104 1017 1148
f 130 1017 104
f 312 924 1025
f 1025 1166 312
f 1216 1627 471
f 1216 42 1627
f 471 34 1216
f 298 1118 498
f 1109 1079 1440
f 1440 1236 1109
f 298 498 1109
f 1397 859 298
f 298 1109 1397
f 1397 1109 1236
f 1397 1236 1462
f 672 859 1397
f 1397 965 672
f 1397 492 965
f 1397 1462 492
f 714 1333 1492
f 1492 1577 714
f 714 467 1333
f 212 842 171
f 842 660 171
f 171 697 212
f 171 660 697
f 7 1164 1093
f 514 622 1592
f 1129 1449 1635
f 1122 996 705
f 705 275 1122
f 996 275 705
f 993 1550 922
f 922 227 993
f 1550 227 922
f 1242 1080 872
f 872 472 1242
f 1080 472 872
f 1088 522 126
f 522 182 126
f 126 1121 1088
f 126 182 1121
f 202 1389 798
f 798 355 202
f 121 896 358
f 1568 121 358
f 358 896 158
f 1128 1568 358
f 358 158 1128
f 950 124 1228
f 1228 593 950
f 950 593 313
f 313 520 950
f 867 589 1010
f 1010 937 867
f 867 1464 1230
f 1230 832 867
f 366 866 359
f 359 771 366
f 97 771 359
f 316 558 844
f 844 1199 316
f 718 61 793
f 867 832 452
f 452 832 316
f 61 718 452
f 55 1450 1451
f 1451 1450 18
f 55 1509 788
f 788 1450 55
f 1509 1450 788
f 1151 1552 582
f 582 1552 1536
f 582 612 1151
f 582 1536 414
f 414 612 582
f 1235 1101 1158
f 1158 174 1235
f 55 97 413
f 751 1509 55
f 751 413 174
f 55 413 751
f 1151 612 167
f 381 1450 1509
f 381 1303 1450
f 207 757 14
f 1130 757 207
f 14 719 207
f 207 719 1130
f 1004 561 1478
f 1004 820 561
f 1478 459 1004
f 459 519 1004
f 347 820 1004
f 1148 1017 1366
f 1366 1017 1166
f 1166 886 1366
f 1530 886 1166
f 1530 1025 797
f 1166 1025 1530
f 797 1025 107
f 107 1484 797
f 107 1518 1484
f 1496 1024 843
f 843 721 1496
f 622 514 210
f 1193 1129 973
f 973 1129 152
f 973 1053 1193
f 973 152 832
f 590 1129 1635
f 152 1129 590
f 590 275 1133
f 1635 275 590
f 903 798 1389
f 355 798 903
f 903 1389 325
f 325 355 903
f 905 390 607
f 520 1376 607
f 1376 865 607
f 726 934 1193
f 1193 1053 726
f 814 1230 1464
f 1053 973 1019
f 720 483 366
f 867 452 1347
f 1347 452 718
f 1347 589 867
f 1347 718 862
f 862 720 1347
f 1347 366 1547
f 1547 589 1347
f 1347 720 366
f 1372 452 316
f 61 452 1372
f 1394 174 1509
f 1509 751 1394
f 1394 751 174
f 1509 1303 1207
f 1207 381 1509
f 1303 381 1207
f 106 843 1342
f 1627 106 1342
f 526 1627 1342
f 1342 843 1024
f 1342 1421 526
f 80 1093 1033
f 1033 820 80
f 820 622 80
f 842 152 32
f 152 590 32
f 32 820 842
f 32 590 1133
f 1133 622 32
f 32 622 820
f 424 401 404
f 404 401 1304
f 709 950 520
f 520 607 709
f 124 950 709
f 390 124 709
f 709 607 390
f 665 1019 973
f 832 1230 665
f 665 973 832
f 1230 814 665
f 665 814 1053
f 1053 1019 665
f 1321 720 848
f 483 720 1321
f 1321 848 316
f 316 1199 1321
f 56 718 793
f 622 210 1476
f 295 210 7
f 7 1093 295
f 295 1476 210
f 1449 1129 998
f 998 598 1449
f 393 401 1449
f 1449 598 393
f 1020 649 424
f 424 404 1020
f 718 56 790
f 862 718 790
f 790 720 862
f 1000 1628 864
f 1151 1628 1000
f 1000 1509 1151
f 1000 1303 1509
f 1623 1628 1151
f 864 1628 1623
f 167 864 1623
f 1151 167 1623
f 1093 80 309
f 309 295 1093
f 1304 401 1259
f 401 393 1259
f 1304 1155 1178
f 1178 404 1304
f 399 1178 1155
f 399 1155 1193
f 1193 934 399
f 233 1326 544
f 544 1561 233
f 71 1023 803
f 803 810 71
f 1146 169 576
f 576 1357 1146
f 1140 19 1136
f 139 1140 1136
f 1520 1580 427
f 1520 427 882
f 439 892 1191
f 439 1191 1245
f 955 1318 92
f 601 1318 955
f 835 1144 833
f 833 1195 835
f 833 1144 1602
f 491 27 1411
f 1564 491 1411
f 27 942 1411
f 249 623 1604
f 249 1604 1168
f 249 1131 623
f 1112 274 540
f 540 274 211
f 1173 1611 1316
f 1316 1510 1173
f 1316 1611 505
f 1391 1005 959
f 411 172 442
f 442 172 1474
f 66 817 994
f 17 66 994
f 200 1092 1610
f 1610 1092 716
f 1587 691 374
f 374 691 701
f 1060 980 352
f 1060 874 1493
f 119 433 1060
f 1493 643 1060
f 1060 643 980
f 433 874 1060
f 1551 879 1521
f 1521 910 1551
f 334 1257 1473
f 1473 1257 1406
f 386 1115 60
f 386 1354 1583
f 543 1354 386
f 386 1305 543
f 60 995 386
f 1583 1003 386
f 1003 1115 386
f 1498 888 667
f 1404 888 1498
f 997 781 436
f 436 853 997
f 436 1196 853
f 1176 294 23
f 1099 1176 23
f 23 294 1200
f 1479 277 907
f 1479 141 651
f 907 141 1479
f 1435 344 735
f 735 791 1435
f 1289 791 735
f 735 1231 136
f 136 1059 735
f 344 1231 735
f 330 1597 552
f 1253 675 76
f 1402 1431 76
f 305 881 76
f 1431 1469 76
f 76 881 1402
f 1065 305 76
f 76 1469 1253
f 965 246 134
f 134 1301 1361
f 134 785 965
f 166 1343 134
f 1361 968 134
f 246 1301 134
f 134 968 166
f 134 1343 405
f 1268 490 502
f 286 490 1268
f 1120 743 914
f 976 743 1120
f 1120 1486 976
f 581 831 1063
f 1063 1596 581
f 1063 1174 1175
f 831 839 1063
f 1175 453 1063
f 1063 839 760
f 1063 453 1596
f 1063 599 1174
f 494 599 1063
f 389 142 310
f 110 689 310
f 310 1345 110
f 689 149 310
f 310 1238 389
f 1071 1345 310
f 310 149 1238
f 474 1538 224
f 224 1302 474
f 474 1574 1538
f 474 1302 752
f 474 1589 1574
f 1077 476 606
f 12 1319 1616
f 1616 425 12
f 1218 1292 536
f 536 1152 1218
f 1292 1039 536
f 1039 529 536
f 536 529 285
f 1075 967 378
f 1075 1161 1262
f 378 1161 1075
f 196 967 1075
f 1142 915 1441
f 1441 501 1142
f 1050 1482 371
f 1531 1482 1050
f 828 1009 895
f 895 1171 828
f 1171 1579 828
f 1385 1310 1330
f 1608 1310 1385
f 1330 68 1385
f 1463 627 345
f 254 608 345
f 608 1573 345
f 345 1573 1463
f 345 627 53
f 1374 1217 1040
f 1374 535 1332
f 1332 906 1374
f 1040 535 1374
f 682 1217 1374
f 160 440 595
f 595 495 1621
f 595 206 794
f 526 991 595
f 595 1627 526
f 1621 91 595
f 595 440 206
f 1323 160 595
f 595 91 1323
f 1600 495 595
f 595 991 1600
f 364 363 5
f 5 11 364
f 364 339 363
f 1569 396 105
f 1569 1532 103
f 105 353 1569
f 353 1532 1569
f 1317 396 1569
f 541 511 926
f 541 887 431
f 926 887 541
f 541 1204 1508
f 1508 511 541
f 1001 960 451
f 451 1485 1001
f 451 1192 1565
f 451 960 633
f 1515 1485 451
f 451 383 549
f 633 1013 451
f 549 1192 451
f 1565 1384 451
f 451 1013 348
f 348 383 451
f 447 1272 1074
f 1074 1477 447
f 447 1265 1272
f 447 1477 1527
f 1527 984 447
f 1064 572 724
f 724 1172 863
f 724 443 1064
f 724 572 1172
f 863 1097 724
f 724 1097 108
f 724 527 443
f 268 704 1333
f 1333 1461 268
f 704 1492 1333
f 1601 1210 1333
f 1333 250 1461
f 1210 250 1333
f 185 13 238
f 238 133 185
f 1390 1149 238
f 1149 133 238
f 1501 1438 1084
f 1084 485 1501
f 1501 591 111
f 485 591 1501
f 1501 592 1329
f 1329 1438 1501
f 684 1258 523
f 523 1258 1270
f 969 1036 236
f 236 1424 419
f 236 1542 969
f 236 1036 1424
f 479 1566 1423
f 1423 1346 479
f 479 503 1566
f 335 445 385
f 385 992 335
f 602 644 376
f 376 1034 602
f 376 664 215
f 384 1034 376
f 376 644 664
f 408 1603 621
f 311 1603 408
f 564 1091 177
f 177 47 564
f 580 217 350
f 580 350 628
f 856 1271 1383
f 1383 1271 1153
f 634 588 458
f 634 1445 1322
f 458 1229 634
f 1229 1445 634
f 920 588 634
f 123 1021 742
f 1006 1021 123
f 1516 186 738
f 738 702 1516
f 1448 551 1516
f 1516 702 1448
f 1307 420 1240
f 824 437 1240
f 823 1387 1240
f 1240 1368 823
f 1240 437 1307
f 1344 1368 1240
f 1240 420 1344
f 806 26 1631
f 1631 917 806
f 1393 26 806
f 806 1409 1393
f 518 983 1454
f 1029 983 518
f 518 468 1269
f 1269 1632 518
f 518 1015 1029
f 1632 1015 518
f 1560 468 518
f 1208 1125 775
f 923 372 775
f 372 340 775
f 775 687 923
f 775 388 1208
f 775 1125 687
f 324 388 775
f 775 707 324
f 775 1497 707
f 775 340 548
f 700 1497 775
f 1082 668 218
f 218 36 1082
f 1055 1215 218
f 218 668 1055
f 85 1027 611
f 611 713 85
f 1572 1179 1069
f 1572 1069 192
f 1548 1467 216
f 1548 925 868
f 216 925 1548
f 703 194 819
f 287 1160 703
f 703 1160 194
f 703 679 287
f 1399 772 931
f 1367 1399 931
f 931 1189 1367
f 1526 113 1124
f 1339 269 1526
f 1526 323 391
f 391 626 1526
f 1526 626 113
f 936 889 1526
f 889 323 1526
f 1526 269 936
f 1124 1392 1526
f 1526 1392 978
f 978 870 1526
f 1526 870 1113
f 1113 1625 1526
f 226 822 450
f 450 1408 761
f 787 67 450
f 450 1037 787
f 1465 1606 450
f 450 1213 1465
f 761 1407 450
f 450 435 226
f 822 1213 450
f 450 1606 412
f 1157 435 450
f 450 1407 1157
f 450 67 1408
f 1007 1420 678
f 678 763 1007
f 678 1209 763
f 1481 909 1388
f 1388 461 1481
f 321 961 265
f 265 838 321
f 265 961 29
f 120 838 265
f 29 429 265
f 1351 1483 223
f 223 1620 1351
f 223 232 1620
f 1517 1274 1228
f 1517 282 497
f 150 1274 1517
f 497 150 1517
f 1278 237 891
f 891 1376 1278
f 193 747 566
f 480 193 566
f 566 1586 480
f 566 1414 1586
f 1017 583 1609
f 1609 524 1017
f 1008 583 1017
f 1017 82 1008
f 1117 1026 1002
f 759 1026 1117
f 1002 22 1117
f 1117 1089 759
f 346 1089 1117
f 725 575 387
f 415 261 387
f 575 415 387
f 387 618 725
f 739 618 387
f 261 1599 387
f 1311 1246 1044
f 1044 178 1311
f 409 1246 1311
f 1311 827 409
f 706 947 367
f 851 132 367
f 966 1251 367
f 367 83 966
f 367 629 851
f 1096 629 367
f 367 132 83
f 1251 706 367
f 988 456 683
f 988 683 1633
f 1242 911 681
f 681 911 989
f 1290 1202 896
f 896 1202 1087
f 1430 1290 896
f 896 121 1430
f 1543 875 1114
f 1434 1543 1114
f 1605 640 1123
f 1123 748 1605
f 189 1309 1605
f 114 189 1605
f 1605 885 114
f 1605 1309 640
f 1248 1447 283
f 283 245 1248
f 963 245 283
f 283 1447 948
f 1624 821 780
f 780 24 1624
f 1043 319 1624
f 1624 818 1043
f 24 928 1624
f 1624 928 818
f 1216 173 42
f 34 173 1216
f 1109 498 1118
f 1118 517 1109
f 517 1079 1109
f 1590 1150 714
f 714 1577 656
f 918 547 714
f 714 1150 918
f 656 1519 714
f 714 1519 1590
f 547 467 714
f 600 661 1093
f 1093 1164 600
f 1093 661 1033
f 366 771 1451
f 1451 18 366
f 1451 771 55
f 1327 1101 413
f 1101 1235 413
f 413 866 1327
f 97 359 413
f 413 359 866
f 413 1235 174
f 1004 1052 734
f 1004 734 347
f 1004 519 1052
f 1530 104 1148
f 1530 46 138
f 138 594 1530
f 797 118 1530
f 1073 343 1530
f 1530 164 1073
f 343 46 1530
f 1530 118 164
f 1530 594 130
f 130 104 1530
f 1148 1366 1530
f 1530 1366 886
f 620 1518 107
f 107 475 620
f 107 924 475
f 107 1025 924
f 843 493 73
f 843 73 1506
f 1506 537 843
f 843 106 901
f 843 537 469
f 469 721 843
f 901 493 843
f 210 514 1592
f 1592 7 210
f 1523 1211 607
f 607 1211 905
f 607 1549 1523
f 607 865 1549
f 1422 986 1342
f 1342 1496 279
f 986 1421 1342
f 279 1255 1342
f 1342 1180 1422
f 1255 1180 1342
f 1342 1024 1496
f 424 1630 401
f 1630 297 401
f 1049 1449 401
f 401 297 1049
f 1321 844 558
f 558 657 1321
f 1321 657 483
f 1199 844 1321
f 793 61 790
f 790 1372 316
f 316 848 790
f 848 720 790
f 61 1372 790
f 790 56 793
f 782 1303 1000
f 883 782 1000
f 1000 1264 883
f 612 1264 1000
f 1000 167 612
f 1000 864 167
f 622 1476 309
f 309 80 622
f 1476 295 309
f 1193 1155 1259
f 1259 1129 1193
f 1259 998 1129
f 598 998 1259
f 1259 393 598
f 1259 1155 1304
f 399 814 1464
f 589 649 399
f 1464 937 399
f 399 1010 589
f 937 1010 399
f 934 726 399
f 399 726 1053
f 1053 814 399
f 649 1020 399
f 399 1020 404
f 404 1178 399

