# https://github.com/mikedh/trimesh
v 0.00000000 -0.00002317 -0.00680682
v 0.04805454 -0.02682476 -0.00886743
v 0.04620928 -0.02813242 -0.00638000
v 0.00100225 -0.01683747 -0.02471597
v 0.04017654 -0.02660761 -0.01360190
v 0.03789813 -0.02940400 -0.00572199
v 0.00065343 -0.02321109 -0.01844905
v 0.00000000 -0.02781952 -0.00811880
v 0.04114974 -0.02383612 -0.01771214
v 0.04183262 -0.02537019 -0.01549211
v 0.00143332 -0.02463219 -0.01710810
v 0.00015086 -0.02856593 -0.00576396
v 0.00068496 -0.02761403 -0.01088805
v 0.00185592 -0.01568986 -0.02556466
v 0.00000000 -0.01056986 -0.02670784
v 0.01892079 -0.02918453 -0.00694631
v 0.03958004 -0.02472473 -0.01686992
v 0.03349220 -0.02997408 -0.00056826
v 0.01242809 -0.02899782 -0.00764791
v 0.00313835 -0.02997125 -0.00126232
v 0.00020844 -0.02701908 -0.01106656
v 0.00075893 -0.02325064 -0.01856162
v 0.04641660 -0.02874002 -0.00154381
v 0.03426724 -0.02970199 -0.00413067
v 0.03835488 -0.02791967 -0.01086175
v 0.00658751 -0.01506723 -0.02594083
v 0.00864658 -0.00224714 -0.02991518
v 0.04992693 -0.02101156 -0.01135488
v 0.04064688 -0.02947512 -0.00469865
v 0.00012737 -0.01013311 -0.02729712
v 0.03804388 -0.02895430 -0.00768369
v 0.00000000 -0.01231339 -0.02554085
v 0.01077918 -0.02569672 -0.01547657
v 0.00847952 -0.00530376 -0.02952494
v 0.04108249 -0.02857018 -0.00848729
v 0.04540668 -0.02570191 -0.01355635
v 0.03318762 -0.02728111 -0.01247871
v 0.03802692 -0.02840987 -0.00950994
v 0.00131993 -0.01576791 -0.02550884
v 0.04099919 -0.02893530 -0.00712263
v 0.00000000 -0.02730242 -0.00905583
v 0.03013794 -0.02818254 -0.01027670
v 0.00163153 -0.00311834 -0.02983367
v 0.00312341 -0.02318989 -0.01903103
v 0.00044270 -0.00874780 -0.02810899
v 0.04402405 -0.02935254 -0.00133643
v 0.04042391 -0.02935401 -0.00545243
v 0.04291658 -0.02708626 -0.01189661
v 0.04294850 -0.02416197 -0.01707015
v 0.04328415 -0.02628232 -0.01345282
v 0.04615142 -0.02883616 -0.00056101
v 0.00821868 -0.01577582 -0.02551149
v 0.01637972 -0.02397494 -0.01803078
v 0.00128624 -0.02076338 -0.02162868
v 0.00019870 -0.02535503 -0.01447006
v 0.00782334 -0.02823105 -0.01014804
v 0.03650411 -0.02997308 -0.00048536
v 0.02009887 -0.02889862 -0.00801270
v 0.00116800 -0.00870971 -0.02867362
v 0.00019906 -0.01336764 -0.02595671
v 0.00189311 -0.00889029 -0.02865259
v 0.04130974 -0.02780044 -0.01067934
v 0.03798064 -0.02438611 -0.01745925
v 0.03373744 -0.02988320 -0.00256292
v 0.03781476 -0.02408873 -0.01787658
v 0.00818918 -0.00539799 -0.02950940
v 0.00664297 -0.00000928 -0.02999976
v 0.00412122 -0.02824829 -0.01009928
v 0.00143190 -0.02167316 -0.02073084
v 0.04578158 -0.02763206 -0.00867963
v 0.00733492 -0.01207406 -0.02746273
v 0.04672100 -0.02835732 -0.00423665
v 0.04589879 -0.02678977 -0.01093180
v 0.00377851 -0.01543410 -0.02572443
v 0.04460270 -0.02706122 -0.01107797
v 0.04053769 -0.02916633 -0.00636485
v 0.00927960 -0.01858797 -0.02354099
v 0.03257610 -0.02874345 -0.00858294
v 0.00000000 -0.02072004 -0.01882024
v 0.02136709 -0.02919739 -0.00689262
v 0.00004141 -0.02480687 -0.01509332
v 0.03961858 -0.02527976 -0.01601462
v 0.00135877 -0.02628589 -0.01443661
v 0.04527035 -0.02786902 -0.00827633
v 0.00000000 -0.00007033 -0.00001258
v 0.04686744 -0.02645193 -0.01097189
v 0.04919822 -0.02674982 -0.00749713
v 0.04278407 -0.02907770 -0.00552120
v 0.01358383 -0.02920413 -0.00686453
v 0.04541952 -0.02681402 -0.01117490
v 0.04412746 -0.02207373 -0.01687214
v 0.03490293 -0.02459808 -0.01716600
v 0.00022297 -0.01315832 -0.02608892
v 0.00002721 -0.02861692 -0.00484844
v 0.03856271 -0.02537213 -0.01594958
v 0.04070970 -0.02973180 -0.00248196
v 0.00013464 -0.02482663 -0.01524141
v 0.00044219 -0.01330160 -0.02626386
v 0.00037904 -0.00591541 -0.02877048
v 0.04387388 -0.02722891 -0.01110732
v 0.04305894 -0.02674853 -0.01257243
v 0.04253939 -0.02912183 -0.00549394
v 0.03718224 -0.02864746 -0.00882258
v 0.00169808 -0.01608561 -0.02531207
v 0.00004940 -0.01111501 -0.02683480
v 0.00125097 -0.02897701 -0.00767612
v 0.03631417 -0.02965112 -0.00440860
v 0.04142028 -0.02630082 -0.01395559
v 0.00960005 -0.02092747 -0.02149238
v 0.00362274 -0.02835205 -0.00979837
v 0.00713959 -0.02072579 -0.02168974
v 0.04029472 -0.02403164 -0.01780822
v 0.01565443 -0.02670331 -0.01366841
v 0.00007363 -0.02797627 -0.00789457
v 0.04991019 -0.02609336 -0.00874046
v 0.00253978 -0.02945840 -0.00567044
v 0.00058320 -0.02097563 -0.02085913
v 0.04848130 -0.02754701 -0.00546154
v 0.00068559 -0.02413308 -0.01727933
v 0.00146973 -0.00935942 -0.02849706
v 0.00137732 -0.01394434 -0.02655294
v 0.00071918 -0.02544986 -0.01534247
v 0.00000000 -0.02683477 -0.00952799
v 0.03498270 -0.02981100 -0.00324648
v 0.00052689 -0.00256853 -0.02940428
v 0.00158017 -0.01006980 -0.02825818
v 0.00058664 -0.00690731 -0.02876291
v 0.04597917 -0.02755629 -0.00875433
v 0.04251107 -0.02419408 -0.01714261
v 0.00293023 -0.02998015 -0.00098216
v 0.00001194 -0.01205605 -0.02637568
v 0.01080251 -0.02664315 -0.01378617
v 0.04274435 -0.02796008 -0.00972076
v 0.00240992 -0.02580530 -0.01529911
v 0.03759984 -0.02499822 -0.01656497
v 0.04231656 -0.02937008 -0.00422283
v 0.04092757 -0.02856796 -0.00855147
v 0.00190309 -0.01442430 -0.02630006
v 0.04368547 -0.02703693 -0.01163041
v 0.00105824 -0.01152093 -0.02762781
v 0.00089352 -0.00372594 -0.02960952
v 0.04758992 -0.02570421 -0.01206392
v 0.00000000 -0.00587163 -0.02839105
v 0.00894767 -0.00172802 -0.02994712
v 0.04267283 -0.02930212 -0.00440008
v 0.02739225 -0.02402252 -0.01796941
v 0.03987747 -0.02903993 -0.00705861
v 0.04959735 -0.02751687 -0.00232770
v 0.00093279 -0.02204326 -0.02015718
v 0.00095697 -0.01932857 -0.02278970
v 0.03835994 -0.02959565 -0.00465728
v 0.00087265 -0.01700987 -0.02450761
v 0.04988274 -0.02100000 -0.01311974
v 0.00429597 -0.00483355 -0.02960352
v 0.04210715 -0.02968499 -0.00034283
v 0.04800625 -0.02134095 -0.01495095
v 0.04032400 -0.02958597 -0.00404743
v 0.00371138 -0.00285025 -0.02986356
v 0.00005730 -0.01178304 -0.02655621
v 0.00096322 -0.00846352 -0.02866275
v 0.04809181 -0.02352805 -0.01489509
v 0.00138683 -0.01653685 -0.02502232
v 0.04621928 -0.02761421 -0.00829104
v 0.03348363 -0.02879160 -0.00840045
v 0.04990478 -0.02389674 -0.01345997
v 0.04117073 -0.02900810 -0.00677333
v 0.00382800 -0.02131698 -0.02110864
v 0.03153583 -0.02963177 -0.00468271
v 0.00055558 -0.02944564 -0.00249255
v 0.04640598 -0.02870143 -0.00202196
v 0.03327513 -0.02834058 -0.00981695
v 0.04277967 -0.02711448 -0.01190022
v 0.03858472 -0.02920967 -0.00662024
v 0.00760599 -0.01499422 -0.02598280
v 0.02858505 -0.02543759 -0.01590072
v 0.04018145 -0.02478109 -0.01674122
v 0.00633805 -0.02969833 -0.00423990
v 0.00022350 -0.02866935 -0.00562719
v 0.00046960 -0.02914602 -0.00434660
v 0.00150000 -0.00001101 -0.01279071
v 0.00900055 -0.00220494 -0.02991823
v 0.00094156 -0.01183216 -0.02743164
v 0.04661146 -0.02850172 -0.00351025
v 0.00751211 -0.01071038 -0.02802120
v 0.04996476 -0.02535913 -0.01062311
v 0.00902758 -0.00799363 -0.02888400
v 0.04340848 -0.02565857 -0.01451424
v 0.00651872 -0.00882517 -0.02867154
v 0.04754875 -0.02665330 -0.00979858
v 0.00021845 -0.01730336 -0.02352224
v 0.04640936 -0.02867464 -0.00231322
v 0.00052579 -0.02447947 -0.01650076
v 0.04928363 -0.02701964 -0.00639466
v 0.00861468 -0.00056446 -0.02998709
v 0.00137703 -0.02992755 -0.00191573
v 0.04492633 -0.02705857 -0.01088053
v 0.04074132 -0.02475014 -0.01669156
v 0.02924407 -0.02999746 -0.00012575
v 0.00015891 -0.02912124 -0.00096589
v 0.00086759 -0.00186660 -0.02977120
v 0.04371107 -0.02886091 -0.00578636
v 0.04016358 -0.02784442 -0.01083997
v 0.00169786 -0.02205798 -0.02032240
v 0.04029312 -0.02981681 -0.00159486
v 0.00000167 -0.00585615 -0.02839986
v 0.00175426 -0.02520607 -0.01626521
v 0.04807005 -0.02620368 -0.01051748
v 0.04914525 -0.02620711 -0.00028448
v 0.03890255 -0.02438368 -0.01741596
v 0.04687154 -0.02630741 -0.01128560
v 0.04669203 -0.02864817 -0.00154322
v 0.00849100 -0.00804021 -0.02889941
v 0.00293098 -0.00479996 -0.02960860
v 0.04998379 -0.02728703 -0.00305718
v 0.00070638 -0.01806338 -0.02356911
v 0.00387273 -0.00138764 -0.02996669
v 0.04776001 -0.02533156 -0.01270917
v 0.00743645 -0.00688476 -0.02919832
v 0.03595020 -0.02417758 -0.01775729
v 0.04351742 -0.02374909 -0.01710361
v 0.03859923 -0.02993854 -0.00038162
v 0.00175141 -0.02844057 -0.00952278
v 0.00126868 -0.02970282 -0.00412523
v 0.03804674 -0.02539487 -0.01595029
v 0.03820482 -0.02865315 -0.00877550
v 0.01201518 -0.02994321 -0.00169593
v 0.04863797 -0.02738355 -0.00599275
v 0.03253993 -0.02512695 -0.01638668
v 0.04424616 -0.02864248 -0.00630558
v 0.03240600 -0.02432901 -0.01755017
v 0.00224162 -0.02774256 -0.01140879
v 0.01081942 -0.02722978 -0.01259103
v 0.04512224 -0.02799183 -0.00794972
v 0.00143563 -0.02923590 -0.00671706
v 0.00120757 -0.01381732 -0.02659448
v 0.04874874 -0.02797388 -0.00112210
v 0.03581215 -0.02992307 -0.00161166
v 0.00074392 -0.00130725 -0.02970411
v 0.04869470 -0.02784332 -0.00294183
v 0.00075746 -0.02973099 -0.00109025
v 0.03774279 -0.02450037 -0.01729983
v 0.04359716 -0.02755258 -0.01039921
v 0.03986022 -0.02918195 -0.00647705
v 0.01005795 -0.02846128 -0.00000295
v 0.03694231 -0.02996608 -0.00004905
v 0.04280817 -0.02892843 -0.00628576
v 0.03544031 -0.02725625 -0.01251138
v 0.00113051 -0.02229708 -0.02000834
v 0.00000000 -0.02779089 -0.00680153
v 0.03816592 -0.02940212 -0.00572063
v 0.00054586 -0.02312149 -0.01838960
v 0.00090821 -0.00819338 -0.02870639
v 0.00208766 -0.02990377 -0.00231071
v 0.03680728 -0.02728744 -0.01243051
v 0.00186141 -0.01696060 -0.02473737
v 0.04034781 -0.02625002 -0.01428801
v 0.00193799 -0.01471949 -0.02613340
v 0.03468787 -0.02961663 -0.00472912
v 0.04791671 -0.02136722 -0.01500529
v 0.03741125 -0.02996645 -0.00051732
v 0.00089088 -0.02805621 -0.01017354
v 0.04439608 -0.02604727 -0.01338909
v 0.00938137 -0.02722340 -0.01260473
v 0.04269970 -0.02615081 -0.01391252
v 0.04259314 -0.02646930 -0.01332369
v 0.00888702 -0.00385123 -0.02974726
v 0.03342286 -0.02980512 -0.00340886
v 0.04050572 -0.02954311 -0.00429414
v 0.04593557 -0.02702878 -0.01024402
v 0.04266870 -0.02715248 -0.01186258
v 0.02077207 -0.02919928 -0.00688470
v 0.00060522 -0.02903802 -0.00573960
v 0.00167433 -0.02088081 -0.02153864
v 0.00693318 -0.01227567 -0.02737248
v 0.00108235 -0.01186400 -0.02748400
v 0.00154118 -0.02985663 -0.00290625
v 0.04618939 -0.02836701 -0.00515741
v 0.00011531 -0.01659356 -0.02391833
v 0.03400244 -0.02999321 -0.00012885
v 0.03697101 -0.02985785 -0.00265040
v 0.00364609 -0.02999852 -0.00007274
v 0.00000000 -0.00011471 -0.02214582
v 0.04897003 -0.02123526 -0.01420341
v 0.04157393 -0.02960096 -0.00295150
v 0.04596428 -0.02664975 -0.01120072
v 0.00198931 -0.01659850 -0.02498542
v 0.04705753 -0.02855193 -0.00005386
v 0.04278252 -0.02960210 -0.00044755
v 0.00058050 -0.00854283 -0.02831897
v 0.03323935 -0.02419984 -0.01772687
v 0.00666606 -0.02943094 -0.00579835
v 0.04994904 -0.02599979 -0.00894535
v 0.04968115 -0.02110289 -0.01363839
v 0.03848588 -0.02801548 -0.01061574
v 0.03357060 -0.02823898 -0.01012102
v 0.03526749 -0.02981958 -0.00315456
v 0.02876960 -0.02987479 -0.00273450
v 0.00123760 -0.02990750 -0.00199941
v 0.03532434 -0.02540389 -0.01594540
v 0.04280051 -0.02633391 -0.01352984
v 0.00139539 -0.02709979 -0.01286200
v 0.02722818 -0.02989297 -0.00246824
v 0.00079656 -0.02625227 -0.01406209
v 0.00275646 -0.00859274 -0.02873994
v 0.00141690 -0.02005784 -0.02230281
v 0.00041551 -0.02941415 -0.00003497
v 0.00107653 -0.02093338 -0.02139480
v 0.03351049 -0.02978786 -0.00354029
v 0.00277195 -0.02071969 -0.02169494
v 0.00010899 -0.02120068 -0.01993676
v 0.03160358 -0.02822719 -0.01015991
v 0.03765000 -0.02801634 -0.01065946
v 0.03403898 -0.02810342 -0.01046132
v 0.04942955 -0.02277452 -0.01383830
v 0.04175063 -0.02708145 -0.01227195
v 0.00400793 -0.02515617 -0.01634494
v 0.03836698 -0.02994801 -0.00031987
v 0.00113930 -0.02488150 -0.01668162
v 0.02561118 -0.02987730 -0.00270947
v 0.00032446 -0.02330566 -0.01779544
v 0.04738470 -0.02541920 -0.01282077
v 0.00145572 -0.02965512 -0.00449432
v 0.00331164 -0.02876710 -0.00850990
v 0.03081928 -0.02403365 -0.01795419
v 0.00216769 -0.01563606 -0.02559943
v 0.00097579 -0.01854647 -0.02343882
v 0.04823782 -0.02386964 -0.01477878
v 0.03290499 -0.02884531 -0.00820246
v 0.04081150 -0.02724006 -0.01216963
v 0.00052145 -0.00809532 -0.02838902
v 0.03438737 -0.02697997 -0.01310157
v 0.00889317 -0.01684803 -0.02481208
v 0.03842899 -0.02993072 -0.00101910
v 0.00262177 -0.01149546 -0.02770894
v 0.02664127 -0.02514186 -0.01636534
v 0.03861387 -0.02438110 -0.01743965
v 0.00007847 -0.01144957 -0.02672757
v 0.00293887 -0.02989069 -0.00251249
v 0.00069374 -0.02297376 -0.01881214
v 0.02291320 -0.02987855 -0.00269276
v 0.04865722 -0.02801263 -0.00069002
v 0.03981908 -0.02856357 -0.00882045
v 0.03275837 -0.02977081 -0.00366899
v 0.03710990 -0.02928065 -0.00637919
v 0.00319527 -0.02947334 -0.00559376
v 0.03929703 -0.02470566 -0.01691898
v 0.03207833 -0.02999582 -0.00011974
v 0.01878961 -0.02932492 -0.00629790
v 0.03429171 -0.02989075 -0.00236958
v 0.04658918 -0.02716850 -0.00002740
v 0.04413578 -0.02925210 -0.00223702
v 0.00150000 -0.00031422 -0.00036592
v 0.01575573 -0.02999988 -0.00000587
v 0.00088317 -0.01820491 -0.02364207
v 0.00247058 -0.01784152 -0.02411443
v 0.03219396 -0.02988892 -0.00247352
v 0.04851544 -0.02686796 -0.00811316
v 0.04623279 -0.02825430 -0.00573482
v 0.04244560 -0.02898534 -0.00626532
v 0.00727704 -0.00893454 -0.02863863
v 0.04306014 -0.02438296 -0.01670749
v 0.04521742 -0.02454889 -0.01564877
v 0.03329364 -0.02939003 -0.00592235
v 0.00222291 -0.02948614 -0.00552099
v 0.00959173 -0.02987376 -0.00273998
v 0.04841157 -0.02787093 -0.00379911
v 0.00090979 -0.00030792 -0.02985438
v 0.01040427 -0.02136050 -0.02106074
v 0.00124641 -0.02978678 -0.00336092
v 0.04361636 -0.02944059 -0.00005731
v 0.03392696 -0.02761463 -0.01166157
v 0.03337867 -0.02749648 -0.01195388
v 0.00099305 -0.01327677 -0.02678774
v 0.00788388 -0.00828057 -0.02883270
v 0.00000000 -0.02854283 -0.00485392
v 0.00892113 -0.01464870 -0.02617834
v 0.00202019 -0.01257353 -0.02723523
v 0.01371258 -0.02937136 -0.00607898
v 0.04227986 -0.02950724 -0.00313582
v 0.03272618 -0.02687997 -0.01332110
v 0.03353910 -0.02995241 -0.00104432
v 0.00040441 -0.02912940 -0.00397444
v 0.01144837 -0.02298938 -0.01927315
v 0.03144544 -0.02979297 -0.00350784
v 0.03208971 -0.02980395 -0.00342104
v 0.04393788 -0.02744515 -0.01048577
v 0.00682257 -0.02722402 -0.01260325
v 0.00000005 -0.00008933 -0.02895477
v 0.00137171 -0.01941327 -0.02286100
v 0.02739990 -0.02684332 -0.01339407
v 0.00261735 -0.02998044 -0.00096734
v 0.00063071 -0.00870100 -0.02831898
v 0.04789627 -0.02763829 -0.00607844
v 0.04759799 -0.02623159 -0.01090782
v 0.00086246 -0.02809146 -0.01003173
v 0.00861981 -0.01213163 -0.02743737
v 0.00140415 -0.01261549 -0.02721536
v 0.00127862 -0.00550891 -0.02947180
v 0.02794495 -0.02824636 -0.01010487
v 0.02979227 -0.02687363 -0.01333442
v 0.00008999 -0.01791267 -0.02290317
v 0.04368688 -0.02809764 -0.00880579
v 0.02049144 -0.02987686 -0.00271246
v 0.00125549 -0.02583656 -0.01521875
v 0.00001254 -0.01920077 -0.02173646
v 0.00064679 -0.02902289 -0.00604515
v 0.00745882 -0.02822543 -0.01016373
v 0.04281261 -0.02935261 -0.00386345
v 0.00219591 -0.00443443 -0.02966948
v 0.00218360 -0.00527323 -0.02952780
v 0.03824260 -0.02767231 -0.01147130
v 0.00058305 -0.02549376 -0.01499690
v 0.03793107 -0.02994594 -0.00098546
v 0.00064935 -0.02460157 -0.01654172
v 0.00317439 -0.02921979 -0.00679282
v 0.00171365 -0.02555969 -0.01569510
v 0.00000000 -0.01362659 -0.00995794
v 0.02466389 -0.02685706 -0.01336725
v 0.03989638 -0.02955288 -0.00446515
v 0.04998177 -0.02726353 -0.00332548
v 0.00950795 -0.02133659 -0.02108731
v 0.04405016 -0.02811395 -0.00849751
v 0.02674308 -0.02874276 -0.00858902
v 0.00024623 -0.01518372 -0.02498628
v 0.03867201 -0.02916726 -0.00678351
v 0.04006446 -0.02649795 -0.01383531
v 0.00734763 -0.00550382 -0.02949060
v 0.00888092 -0.01682155 -0.02482992
v 0.00161745 -0.02013304 -0.02223583
v 0.00006876 -0.01886348 -0.02211056
v 0.03451184 -0.02834270 -0.00979107
v 0.00862597 -0.01177863 -0.02758723
v 0.00173668 -0.01271211 -0.02717134
v 0.00083731 -0.02027993 -0.02185076
v 0.00133895 -0.02617732 -0.01462914
v 0.03345879 -0.02687061 -0.01333967
v 0.00824764 -0.00303227 -0.02983999
v 0.04886742 -0.02182257 -0.01428493
v 0.00127935 -0.02663272 -0.01377837
v 0.04589707 -0.02321686 -0.01616018
v 0.04298690 -0.02908463 -0.00529526
v 0.00610123 -0.01522087 -0.02585141
v 0.00284522 -0.00901529 -0.02861335
v 0.00414297 -0.01220699 -0.02740419
v 0.04493768 -0.02913674 -0.00126312
v 0.00430884 -0.01427162 -0.02638619
v 0.04245793 -0.02436118 -0.01691349
v 0.00659851 -0.02716035 -0.01273767
v 0.00125561 -0.01920666 -0.02302525
v 0.04846014 -0.02808396 -0.00036667
v 0.04832860 -0.02661794 -0.00912594
v 0.03478273 -0.02811155 -0.01043814
v 0.00026365 -0.00639814 -0.02855060
v 0.00816137 -0.02121194 -0.02121261
v 0.04092931 -0.02640079 -0.01386796
v 0.00060729 -0.00862489 -0.02831984
v 0.00039601 -0.01569294 -0.02484846
v 0.00076807 -0.01953962 -0.02243851
v 0.00006022 -0.01007155 -0.02724632
v 0.04526311 -0.02471863 -0.01535314
v 0.04027235 -0.02539356 -0.01578041
v 0.03603031 -0.02490991 -0.01670778
v 0.00202824 -0.01054403 -0.02807950
v 0.00004618 -0.00986715 -0.02730402
v 0.00387823 -0.01129541 -0.02778928
v 0.03599956 -0.02813702 -0.01036650
v 0.04021357 -0.02726217 -0.01225232
v 0.00185225 -0.02976657 -0.00371904
v 0.00603803 -0.01224262 -0.02738773
v 0.04258812 -0.02763976 -0.01071465
v 0.04322044 -0.02114065 -0.01721870
v 0.00266946 -0.02997010 -0.00128561
v 0.00058158 -0.02083857 -0.02099506
v 0.04277308 -0.02902295 -0.00582017
v 0.00002767 -0.00116657 -0.02900244
v 0.00000000 -0.02221066 -0.00007472
v 0.04954548 -0.02432792 -0.01321367
v 0.04200760 -0.02943694 -0.00397568
v 0.04326032 -0.02436997 -0.01665464
v 0.04084506 -0.02443506 -0.01714309
v 0.03905213 -0.02991833 -0.00033813
v 0.00145261 -0.00592235 -0.02940835
v 0.00891272 -0.00575401 -0.02944043
v 0.00046120 -0.01307945 -0.02639362
v 0.00444037 -0.01543562 -0.02572316
v 0.00080759 -0.00151216 -0.02975428
v 0.00049933 -0.02944994 -0.00159282
v 0.04996253 -0.02581037 -0.00943346
v 0.00120946 -0.00668770 -0.02921331
v 0.00056957 -0.02700078 -0.01203896
v 0.00087820 -0.00186906 -0.02977742
v 0.04628828 -0.02870730 -0.00235277
v 0.00117370 -0.01135925 -0.02772925
v 0.04502043 -0.02483280 -0.01526883
v 0.04038309 -0.02978745 -0.00204823
v 0.00233021 -0.00560001 -0.02947232
v 0.00059917 -0.02606066 -0.01402411
v 0.04475358 -0.02918348 -0.00014685
v 0.00374456 -0.02876805 -0.00850717
v 0.00126401 -0.02225000 -0.02010033
v 0.03312835 -0.02964666 -0.00457186
v 0.00089686 -0.00463968 -0.02948626
v 0.00437105 -0.02516333 -0.01633411
v 0.03384553 -0.02403630 -0.01795056
v 0.00241891 -0.02684460 -0.01339221
v 0.04907361 -0.02783632 -0.00006013
v 0.00128345 -0.02194033 -0.02043315
v 0.00129428 -0.02538878 -0.01594970
v 0.04028547 -0.02869371 -0.00831174
v 0.00168286 -0.02772558 -0.01144765
v 0.03753824 -0.02641282 -0.01419193
v 0.03872982 -0.02992905 -0.00081579
v 0.03996053 -0.02801627 -0.01043545
v 0.04297248 -0.02511916 -0.01562310
v 0.04609259 -0.02859917 -0.00395788
v 0.04367928 -0.02416592 -0.01679934
v 0.00082173 -0.02945021 -0.00453329
v 0.00717866 -0.01530176 -0.02580385
v 0.00000000 -0.02175771 -0.01909582
v 0.04737432 -0.02434628 -0.01476597
v 0.00368977 -0.00860606 -0.02873770
v 0.00119957 -0.02664314 -0.01372601
v 0.04263264 -0.02956431 -0.00185798
v 0.03237625 -0.02873484 -0.00861521
v 0.00162245 -0.02812898 -0.01041557
v 0.04829357 -0.02724516 -0.00709205
v 0.01700814 -0.02920817 -0.00684715
v 0.00014051 -0.02897452 -0.00300893
v 0.00000000 -0.01729292 -0.02287427
v 0.00097081 -0.00880222 -0.02856828
v 0.00083275 -0.02948710 -0.00435982
v 0.00077223 -0.02581474 -0.01480532
v 0.00839941 -0.02313910 -0.01909356
v 0.03939744 -0.02951940 -0.00483096
v 0.00822373 -0.01489202 -0.02604083
v 0.04825688 -0.02719564 -0.00732132
v 0.00575282 -0.02293165 -0.01933898
v 0.04372325 -0.02941989 -0.00081449
v 0.00142674 -0.02265646 -0.01965444
v 0.04401309 -0.02833611 -0.00768888
v 0.00140105 -0.00432911 -0.02968276
v 0.03206494 -0.02815746 -0.01033422
v 0.00129714 -0.01482116 -0.02606319
v 0.01038535 -0.02229426 -0.02006918
v 0.04015928 -0.02808973 -0.01019004
v 0.04041536 -0.02977109 -0.00231462
v 0.04300514 -0.02843024 -0.00810362
v 0.00854022 -0.00682931 -0.02921090
v 0.04633420 -0.02550261 -0.01337359
v 0.00104588 -0.02729542 -0.01225911
v 0.00788517 -0.00004984 -0.02999877
v 0.00796147 -0.01044673 -0.02811824
v 0.03693132 -0.02996958 -0.00054749
v 0.04397293 -0.02816798 -0.00836522
v 0.00089866 -0.00134473 -0.02982232
v 0.04960545 -0.02637658 -0.00822072
v 0.04601448 -0.02817458 -0.00641391
v 0.04999201 -0.02741214 -0.00164062
v 0.00326171 -0.02726942 -0.01249759
v 0.03470553 -0.02767354 -0.01151362
v 0.03646082 -0.02416516 -0.01777366
v 0.00282352 -0.02919001 -0.00692392
v 0.03985270 -0.02417279 -0.01765120
v 0.04997004 -0.02162561 -0.01340885
v 0.04794222 -0.02408623 -0.01485314
v 0.03515925 -0.02986957 -0.00264656
v 0.00027776 -0.00557654 -0.02873587
v 0.04274911 -0.02952022 -0.00218490
v 0.04794949 -0.02753171 -0.00645459
v 0.00397358 -0.00715489 -0.02913255
v 0.00261128 -0.00895042 -0.02863397
v 0.00563326 -0.00420016 -0.02970293
v 0.04375149 -0.02610585 -0.01356934
v 0.00901466 -0.00192836 -0.02992073
v 0.04526058 -0.02841775 -0.00619518
v 0.04905297 -0.02717498 -0.00617244
v 0.00869167 -0.01810554 -0.02391971
v 0.04766639 -0.02456320 -0.01421052
v 0.02693714 -0.02959759 -0.00488437
v 0.04040536 -0.02850754 -0.00890884
v 0.00104322 -0.02186533 -0.02042198
v 0.04529774 -0.02508023 -0.01470612
v 0.04991736 -0.02521894 -0.01103711
v 0.04348020 -0.02875445 -0.00650347
v 0.00370158 -0.02948447 -0.00553347
v 0.00000000 -0.00103113 -0.02408050
v 0.00182560 -0.00661308 -0.02925202
v 0.00003995 -0.00672980 -0.02823344
v 0.00226652 -0.02070547 -0.02170787
v 0.00017642 -0.02910614 -0.00191018
v 0.04696855 -0.02370072 -0.01559209
v 0.00101765 -0.01538128 -0.02565720
v 0.04046546 -0.02921780 -0.00613746
v 0.00047590 -0.02842635 -0.00778301
v 0.00023572 -0.02774813 -0.00919234
v 0.04020025 -0.02898028 -0.00723235
v 0.00730525 -0.00001901 -0.02849942
v 0.03300280 -0.02692037 -0.01323622
v 0.04683797 -0.02101668 -0.01561875
v 0.00117120 -0.02898700 -0.00757427
v 0.03328918 -0.02721153 -0.01262479
v 0.04478955 -0.02116374 -0.01661429
v 0.00108292 -0.00065314 -0.02992610
v 0.04547962 -0.02850693 -0.00536743
v 0.03692212 -0.02996614 -0.00062376
v 0.00000000 -0.02426836 -0.01281484
v 0.04107379 -0.02966486 -0.00284406
v 0.00060899 -0.02522091 -0.01550138
v 0.01720117 -0.02755207 -0.01185133
v 0.03124732 -0.02962926 -0.00469911
v 0.01068161 -0.02687268 -0.01333692
v 0.03197742 -0.02822356 -0.01016957
v 0.04501827 -0.02591549 -0.01334861
v 0.00153975 -0.00759943 -0.02901541
v 0.00020274 -0.02631133 -0.01265903
v 0.04527949 -0.02841349 -0.00619266
v 0.00027407 -0.01207029 -0.02666106
v 0.02535902 -0.02990200 -0.00232714
v 0.04666387 -0.02544688 -0.01327644
v 0.00044553 -0.00310730 -0.02927611
v 0.00160877 -0.00567069 -0.02945864
v 0.04811493 -0.02660526 -0.00940002
v 0.00104243 -0.02874774 -0.00830697
v 0.00198098 -0.00445343 -0.02966659
v 0.04581925 -0.02619073 -0.01228715
v 0.03406397 -0.02518363 -0.01629991
v 0.00000000 -0.01590996 -0.02404310
v 0.00146397 -0.02339087 -0.01877803
v 0.04568063 -0.02586749 -0.01307827
v 0.04270009 -0.02388563 -0.01736673
v 0.00032498 -0.02675960 -0.01198284
v 0.03972369 -0.02441536 -0.01731299
v 0.00012065 -0.00858071 -0.02782534
v 0.03399233 -0.02911457 -0.00718107
v 0.04168626 -0.02952605 -0.00350679
v 0.03548973 -0.02842098 -0.00953640
v 0.00799412 -0.01433925 -0.02634839
v 0.04405149 -0.02404706 -0.01683410
v 0.03693492 -0.02811490 -0.01041019
v 0.00045067 -0.02107639 -0.02056835
v 0.00210373 -0.02917623 -0.00698171
v 0.04122265 -0.02977947 -0.00064925
v 0.04405909 -0.02874637 -0.00602180
v 0.04883379 -0.02763101 -0.00418585
v 0.03789036 -0.02829656 -0.00984913
v 0.00084542 -0.00495487 -0.02939813
v 0.04583254 -0.02436844 -0.01561848
v 0.00083465 -0.00317306 -0.02963931
v 0.04043273 -0.02955079 -0.00428929
v 0.04966761 -0.02108584 -0.01364915
v 0.00540909 -0.02997958 -0.00101000
v 0.00689840 -0.01174464 -0.02760288
v 0.04555532 -0.02835624 -0.00612760
v 0.01314371 -0.02322202 -0.01899265
v 0.04181804 -0.02944787 -0.00403583
v 0.04078489 -0.02982128 -0.00032171
v 0.00135290 -0.02997422 -0.00112394
v 0.00243793 -0.02980131 -0.00344722
v 0.00063508 -0.02306214 -0.01860769
v 0.04315746 -0.02549338 -0.01490666
v 0.03331202 -0.02966434 -0.00444332
v 0.00253533 -0.02719402 -0.01266779
v 0.00116119 -0.02929314 -0.00627394
v 0.04217331 -0.02848689 -0.00836083
v 0.04986542 -0.02747238 -0.00156740
v 0.00069823 -0.02651661 -0.01335056
v 0.00047532 -0.02105646 -0.02062382
v 0.04812524 -0.02598341 -0.01103288
v 0.00005928 -0.02886135 -0.00329101
v 0.03825597 -0.02911968 -0.00703492
v 0.00866158 -0.00429970 -0.02968620
v 0.00001301 -0.02608401 -0.01269426
v 0.00214441 -0.02408463 -0.01787932
v 0.00133445 -0.00035901 -0.02998730
v 0.00125506 -0.00289980 -0.02984421
v 0.02402143 -0.02848063 -0.00000258
v 0.00051580 -0.02109757 -0.02063966
v 0.04996333 -0.02477484 -0.01189556
v 0.00707688 -0.02318089 -0.01904242
v 0.04388709 -0.02938815 -0.00061920
v 0.00044683 -0.01877608 -0.02267840
v 0.03148992 -0.02986135 -0.00286518
v 0.00188073 -0.01210494 -0.02744853
v 0.04909870 -0.02776874 -0.00187894
v 0.00797854 -0.00887553 -0.02865602
v 0.04716711 -0.02850953 -0.00131781
v 0.03785636 -0.02985640 -0.00257665
v 0.00050090 -0.01484518 -0.02548840
v 0.03820759 -0.02773207 -0.01133106
v 0.00674547 -0.02920220 -0.00687273
v 0.03915468 -0.02991197 -0.00015757
v 0.04505326 -0.02889957 -0.00368324
v 0.02443335 -0.02696341 -0.01314754
v 0.00458712 -0.02988352 -0.00262281
v 0.00226587 -0.01185021 -0.02755852
v 0.00527829 -0.02577877 -0.01534190
v 0.00926715 -0.01873543 -0.02342266
v 0.03355056 -0.02923086 -0.00672648
v 0.04734335 -0.02402923 -0.01532824
v 0.02872689 -0.02923278 -0.00673111
v 0.00380302 -0.01215066 -0.02742908
v 0.01246261 -0.02761951 -0.01169530
v 0.03672615 -0.02966083 -0.00431781
v 0.04287555 -0.02750195 -0.01093591
v 0.04271479 -0.02744594 -0.01114636
v 0.01076809 -0.02182914 -0.02057618
v 0.00818302 -0.00227534 -0.02991259
v 0.04945771 -0.02743349 -0.00382130
v 0.00525668 -0.00896828 -0.02862831
v 0.00366731 -0.02914817 -0.00709314
v 0.00760042 -0.00246027 -0.02989720
v 0.00080177 -0.01688965 -0.02453092
v 0.00125364 -0.00428717 -0.02967443
v 0.04279270 -0.02620904 -0.01377371
v 0.00824280 -0.00887133 -0.02865716
v 0.00474127 -0.02832050 -0.00989357
v 0.00143883 -0.02855843 -0.00915681
v 0.04257993 -0.02887089 -0.00670923
v 0.04610173 -0.02884851 -0.00109921
v 0.00241500 -0.00879919 -0.02868071
v 0.00084325 -0.02979969 -0.00102034
v 0.00104101 -0.02990583 -0.00102289
v 0.01174293 -0.02920882 -0.00684421
v 0.00410403 -0.01264831 -0.02720072
v 0.00083434 -0.02852797 -0.00864331
v 0.00133896 -0.01402562 -0.02650964
v 0.01009843 -0.02064782 -0.02176366
v 0.02563053 -0.02964676 -0.00458385
v 0.00123772 -0.02489039 -0.01670872
v 0.00102044 -0.02188068 -0.02039194
v 0.04050454 -0.02983464 -0.00103029
v 0.00188080 -0.01644109 -0.02508564
v 0.00222453 -0.01521894 -0.02585166
v 0.00074808 -0.02130949 -0.02074833
v 0.00156794 -0.02827314 -0.01002912
v 0.04274650 -0.02677946 -0.01262896
v 0.04842078 -0.02732525 -0.00660989
v 0.04230627 -0.02785935 -0.01022179
v 0.00727821 -0.02949478 -0.00547192
v 0.00167169 -0.02939612 -0.00596341
v 0.01257053 -0.02313958 -0.01909340
v 0.00422755 -0.01540874 -0.02573964
v 0.04026010 -0.02705504 -0.01268310
v 0.00128223 -0.02997518 -0.00073953
v 0.01548311 -0.02381100 -0.01824862
v 0.00109321 -0.02647619 -0.01399023
v 0.02620069 -0.02999486 -0.00025412
v 0.00968183 -0.02904592 -0.00747046
v 0.01000007 -0.00056341 -0.02758401
v 0.03183557 -0.02869687 -0.00874021
v 0.04607671 -0.02754732 -0.00869591
v 0.04999083 -0.02713823 -0.00420157
v 0.00121236 -0.01086054 -0.02793329
v 0.00161368 -0.02982275 -0.00323760
v 0.01149081 -0.02999980 -0.00000987
v 0.01236626 -0.02828710 -0.00999023
v 0.03782475 -0.02529173 -0.01611572
v 0.00233859 -0.02873302 -0.00861528
v 0.04509707 -0.02467424 -0.01551131
v 0.04281602 -0.02830666 -0.00863937
v 0.04852828 -0.02728098 -0.00660537
v 0.03218465 -0.02919345 -0.00690336
v 0.00144482 -0.02952559 -0.00528031
v 0.03817625 -0.02713557 -0.01271981
v 0.03744722 -0.02805654 -0.01056168
v 0.04256067 -0.02926642 -0.00471983
v 0.00167083 -0.01764242 -0.02425447
v 0.00130310 -0.00865491 -0.02871504
v 0.00278686 -0.00161240 -0.02995320
v 0.04501450 -0.02341637 -0.01652588
v 0.03159652 -0.02988653 -0.00253856
v 0.00005286 -0.02806541 -0.00748772
v 0.00024807 -0.01680010 -0.02393474
v 0.03894240 -0.02741530 -0.01201483
v 0.00009810 -0.02526404 -0.01442539
v 0.04427443 -0.02894896 -0.00454561
v 0.03307850 -0.02918779 -0.00692384
v 0.03970910 -0.02402052 -0.01788072
v 0.04070469 -0.02405057 -0.01772114
v 0.04045243 -0.02787931 -0.01071402
v 0.00049462 -0.02350378 -0.01781600
v 0.00982017 -0.02102549 -0.02139599
v 0.00855436 -0.01459643 -0.02620743
v 0.00186213 -0.00060792 -0.02998506
v 0.00823382 -0.01613025 -0.02529292
v 0.03575649 -0.02706624 -0.01290666
v 0.00217927 -0.02999426 -0.00028369
v 0.00313554 -0.02514817 -0.01635640
v 0.04300520 -0.02417945 -0.01702892
v 0.00090917 -0.02469163 -0.01678100
v 0.00075723 -0.01058001 -0.02779946
v 0.00080807 -0.01860862 -0.02325826
v 0.00396156 -0.01187645 -0.02754763
v 0.03502713 -0.02961666 -0.00471709
v 0.00593318 -0.01115955 -0.02784260
v 0.03847595 -0.02985363 -0.00234417
v 0.00315056 -0.02517769 -0.01631096
v 0.00137819 -0.02359686 -0.01850830
v 0.00056953 -0.02944128 -0.00273691
v 0.00071943 -0.01004704 -0.02796645
v 0.04284376 -0.02851612 -0.00789301
v 0.00504695 -0.01170212 -0.02762212
v 0.04412100 -0.02934065 -0.00027156
v 0.03674240 -0.02961651 -0.00464102
v 0.04424930 -0.02382972 -0.01682055
v 0.03933587 -0.02978286 -0.00280664
v 0.00137245 -0.00900206 -0.02861308
v 0.04372408 -0.02799629 -0.00907561
v 0.00257668 -0.01659456 -0.02498880
v 0.04489599 -0.02410223 -0.01642483
v 0.00008318 -0.02579162 -0.01341932
v 0.00025999 -0.02753234 -0.00988096
v 0.00000000 -0.01849298 -0.01905819
v 0.04044211 -0.02956910 -0.00413380
v 0.04811625 -0.02819869 -0.00011960
v 0.00005665 -0.01864159 -0.02228105
v 0.00260024 -0.00491599 -0.02958872
v 0.04517636 -0.02906668 -0.00138792
v 0.00000000 -0.02753523 -0.00880270
v 0.03366901 -0.02958545 -0.00492019
v 0.01076220 -0.02320404 -0.01901447
v 0.00933025 -0.00059265 -0.02965298
v 0.00096413 -0.02780556 -0.01095446
v 0.04342308 -0.02636011 -0.01325282
v 0.03326475 -0.02997356 -0.00058565
v 0.03609430 -0.02452128 -0.01727565
v 0.00180212 -0.01812294 -0.02390734
v 0.00000000 -0.02595652 -0.01202881
v 0.04633043 -0.02853201 -0.00398657
v 0.00161984 -0.00580183 -0.02943302
v 0.04572518 -0.02442748 -0.01558177
v 0.03734233 -0.02919320 -0.00679708
v 0.00149360 -0.02719853 -0.01265844
v 0.03868920 -0.02978554 -0.00301459
v 0.04978255 -0.02742455 -0.00248087
v 0.00189047 -0.02998348 -0.00081719
v 0.00133638 -0.02329583 -0.01889500
v 0.00034281 -0.02709918 -0.01122536
v 0.00319336 -0.01813923 -0.02389525
v 0.00879753 -0.00723075 -0.02910758
v 0.04821220 -0.02100000 -0.01469775
v 0.04057033 -0.02533169 -0.01583400
v 0.04266882 -0.02868290 -0.00737696
v 0.03254939 -0.02527625 -0.01615688
v 0.02771593 -0.02999953 -0.00002316
v 0.03491980 -0.02557983 -0.01564429
v 0.00150000 -0.00135954 -0.00000738
v 0.04932038 -0.02578495 -0.01022341
v 0.00050276 -0.02865966 -0.00694550
v 0.03087134 -0.02538622 -0.01598334
v 0.03776283 -0.02736092 -0.01224284
v 0.00000000 -0.00293638 -0.02711041
v 0.00331365 -0.02327588 -0.01892609
v 0.02672512 -0.02999457 -0.00025837
v 0.00099990 -0.02627820 -0.01426900
v 0.00293271 -0.01562693 -0.02560593
v 0.03267775 -0.02921400 -0.00681908
v 0.04958471 -0.02457883 -0.01266578
v 0.03985067 -0.02411105 -0.01773996
v 0.00921438 -0.01927906 -0.02297995
v 0.04358313 -0.02869425 -0.00666046
v 0.03437059 -0.02988027 -0.00254599
v 0.03963894 -0.02988436 -0.00090160
v 0.04308964 -0.02930759 -0.00382559
v 0.00039768 -0.02783014 -0.00945821
v 0.04849411 -0.02803989 -0.00162293
v 0.00016033 -0.02536602 -0.01437018
v 0.04959964 -0.02471841 -0.01236459
v 0.00203851 -0.02662209 -0.01382772
v 0.00132469 -0.01446488 -0.02627037
v 0.00000000 -0.02804641 -0.00453029
v 0.04540389 -0.02137838 -0.01637491
v 0.00153957 -0.01116431 -0.02783798
v 0.00307348 -0.02326781 -0.01893593
v 0.00149659 -0.00973024 -0.02837234
v 0.04981011 -0.02752448 -0.00023050
v 0.00055265 -0.00586569 -0.02895478
v 0.01088638 -0.02281554 -0.01947705
v 0.04137926 -0.02961716 -0.00299005
v 0.04028810 -0.02510266 -0.01623815
v 0.00147887 -0.02751854 -0.01192389
v 0.00065228 -0.01683191 -0.02439723
v 0.01380893 -0.02828580 -0.00999347
v 0.00036559 -0.00904950 -0.02792972
v 0.00082849 -0.02459631 -0.01682584
v 0.00151405 -0.02687604 -0.01333016
v 0.00174258 -0.00806016 -0.02888670
v 0.00257130 -0.02126930 -0.02115610
v 0.04039969 -0.02718665 -0.01239927
v 0.00183376 -0.02909210 -0.00730315
v 0.03637020 -0.02870515 -0.00866233
v 0.02741825 -0.02864344 -0.00890425
v 0.04295326 -0.02491694 -0.01594277
v 0.03413687 -0.02920215 -0.00685023
v 0.04345741 -0.02895403 -0.00553808
v 0.02437810 -0.02860958 -0.00900819
v 0.04056194 -0.02949284 -0.00465074
v 0.00903768 -0.01720340 -0.02457253
v 0.04815346 -0.02800578 -0.00329985
v 0.01163384 -0.02265744 -0.01966224
v 0.00044453 -0.01236438 -0.02671130
v 0.04989100 -0.02237478 -0.01347166
v 0.03801687 -0.02962396 -0.00451369
v 0.00141876 -0.01989034 -0.02244856
v 0.04391506 -0.02832426 -0.00782635
v 0.04398858 -0.02914945 -0.00378544
v 0.04996711 -0.02532096 -0.01071773
v 0.04454817 -0.02821095 -0.00765931
v 0.04564571 -0.02337941 -0.01628068
v 0.00119384 -0.01566530 -0.02554930
v 0.00333617 -0.02947154 -0.00560246
v 0.01393140 -0.02987980 -0.00267669
v 0.00857260 -0.02314327 -0.01908849
v 0.04239512 -0.02638515 -0.01354545
v 0.00822464 -0.00670821 -0.02923739
v 0.00192150 -0.02978529 -0.00357168
v 0.00669232 -0.01237748 -0.02732554
v 0.02067846 -0.02804590 -0.01063190
v 0.03791094 -0.02801582 -0.01065952
v 0.00000000 -0.02645388 -0.00541134
v 0.04859048 -0.02671249 -0.00855884
v 0.00216516 -0.02829791 -0.00995932
v 0.00213154 -0.02971334 -0.00413645
v 0.04241388 -0.02778756 -0.01038145
v 0.04124233 -0.02909304 -0.00636075
v 0.00210618 -0.02218143 -0.02019134
v 0.00741920 -0.02950059 -0.00544162
v 0.03562253 -0.02721289 -0.01260067
v 0.00954081 -0.02916905 -0.00701091
v 0.04972431 -0.02516359 -0.01132957
v 0.04936611 -0.02633424 -0.00871254
v 0.03810319 -0.02649967 -0.01401001
v 0.00077116 -0.00518404 -0.02930173
v 0.03593384 -0.02583632 -0.01519903
v 0.00803807 -0.01620134 -0.02524756
v 0.00889951 -0.01221174 -0.02740190
v 0.00396447 -0.02845284 -0.00001484
v 0.03269924 -0.02531440 -0.01609744
v 0.00037452 -0.01590936 -0.02468982
v 0.04224433 -0.02615921 -0.01401554
v 0.03829935 -0.02842583 -0.00943605
v 0.03442497 -0.02432579 -0.01755457
v 0.00135519 -0.02915861 -0.00704327
v 0.00840830 -0.00537289 -0.02951377
v 0.00034777 -0.01426386 -0.02564286
v 0.04042005 -0.02744675 -0.01177487
v 0.01191929 -0.02686674 -0.01334865
v 0.03624454 -0.02808228 -0.01050369
v 0.00102684 -0.02294014 -0.01919794
v 0.04994485 -0.02573988 -0.00239529
v 0.00154964 -0.02105430 -0.02136782
v 0.04241325 -0.02832175 -0.00878626
v 0.00047370 -0.00159121 -0.02942962
v 0.00965171 -0.00048847 -0.02933428
v 0.02498244 -0.02873739 -0.00861005
v 0.00261500 -0.00000475 -0.02849984
v 0.00739764 -0.00898755 -0.02862204
v 0.00076730 -0.02669329 -0.01314155
v 0.02952595 -0.02687318 -0.01333535
v 0.04243408 -0.02405232 -0.01736449
v 0.00187983 -0.02729565 -0.01243679
v 0.00085044 -0.02740925 -0.01173764
v 0.00128293 -0.01848572 -0.02360458
v 0.00579888 -0.00281542 -0.02986723
v 0.00191083 -0.01827569 -0.02378721
v 0.03822509 -0.02941912 -0.00561921
v 0.00163533 -0.02969985 -0.00422315
v 0.04019108 -0.02976993 -0.00250858
v 0.03738517 -0.02718586 -0.01263822
v 0.04295857 -0.02873215 -0.00697339
v 0.04099093 -0.02458135 -0.01689658
v 0.00606597 -0.01513420 -0.02590206
v 0.03445948 -0.02543771 -0.01589060
v 0.04588903 -0.02869244 -0.00367707
v 0.03652919 -0.02466852 -0.01706379
v 0.04999188 -0.02567736 -0.00280811
v 0.00602251 -0.00969418 -0.02838803
v 0.00093783 -0.02881027 -0.00788619
v 0.00000000 -0.01664415 -0.02266401
v 0.04552373 -0.02614567 -0.01258221
v 0.03318422 -0.02831805 -0.00988515
v 0.04284864 -0.02925211 -0.00450798
v 0.03795230 -0.02877590 -0.00836143
v 0.00126926 -0.02905909 -0.00738091
v 0.00227696 -0.01814495 -0.02389076
v 0.03736398 -0.02495379 -0.01663400
v 0.00340495 -0.02660303 -0.01386498
v 0.04642149 -0.02863841 -0.00267836
v 0.00000000 -0.01737041 -0.02318542
v 0.03314269 -0.02788402 -0.01100315
v 0.00012708 -0.02763778 -0.00917686
v 0.03307540 -0.02989653 -0.00228747
v 0.00186625 -0.02916422 -0.00703203
v 0.04856892 -0.02804767 -0.00080997
v 0.04443969 -0.02515747 -0.01494877
v 0.04125755 -0.02469565 -0.01667278
v 0.03040780 -0.02815539 -0.01034278
v 0.03336589 -0.02858941 -0.00906435
v 0.00224219 -0.00528314 -0.02952614
v 0.00888685 -0.01602387 -0.02535819
v 0.01606667 -0.02724656 -0.01255448
v 0.04530506 -0.02436898 -0.01587651
v 0.04453418 -0.02791750 -0.00874823
v 0.02747012 -0.02426124 -0.01764286
v 0.04204792 -0.02933873 -0.00462766
v 0.04727742 -0.02631366 -0.01097594
v 0.00054249 -0.02537755 -0.01512139
v 0.04863671 -0.02802131 -0.00004118
v 0.00029690 -0.00409843 -0.02900521
v 0.00858967 -0.00135931 -0.02996913
v 0.00035547 -0.00785886 -0.02828025
v 0.04857807 -0.02404731 -0.01444253
v 0.04859531 -0.02768861 -0.00442311
v 0.03682083 -0.02995544 -0.00086306
v 0.00422146 -0.00543025 -0.02950207
v 0.00303572 -0.02660318 -0.01386471
v 0.04371619 -0.02636499 -0.01308558
v 0.03300072 -0.02957593 -0.00497830
v 0.04028261 -0.02942877 -0.00509718
v 0.03660175 -0.02921299 -0.00674161
v 0.02445842 -0.02980118 -0.00344818
v 0.00584895 -0.00283513 -0.02986523
v 0.01154219 -0.02257116 -0.01975963
v 0.00150093 -0.00603110 -0.02938375
v 0.00170949 -0.00131178 -0.02996779
v 0.00255746 -0.02783067 -0.01119518
v 0.04270481 -0.02709197 -0.01198583
v 0.00134876 -0.01692488 -0.02476042
v 0.04821114 -0.02684462 -0.00865581
v 0.00024943 -0.01837506 -0.02275079
v 0.04604363 -0.02879925 -0.00199098
v 0.00144528 -0.02326080 -0.01894431
v 0.03580497 -0.02709480 -0.01284688
v 0.04326781 -0.02500718 -0.01569421
v 0.00947059 -0.02111054 -0.02131235
v 0.00122681 -0.02989459 -0.00217428
v 0.01133126 -0.02248653 -0.01985490
v 0.03391181 -0.02822330 -0.01015953
v 0.01209302 -0.02998392 -0.00079547
v 0.04901564 -0.02654065 -0.00852936
v 0.04685970 -0.02861794 -0.00004721
v 0.03552057 -0.02494633 -0.01665478
v 0.00117387 -0.00115759 -0.02994096
v 0.04127423 -0.02459514 -0.01681849
v 0.03732453 -0.02732616 -0.01233149
v 0.04929807 -0.02774129 -0.00115546
v 0.00893539 -0.00631831 -0.02932134
v 0.00142532 -0.02997159 -0.00126308
v 0.04818783 -0.02711008 -0.00772439
v 0.03965716 -0.02718923 -0.01246830
v 0.00044112 -0.02912342 -0.00430553
v 0.04046738 -0.02797273 -0.01048287
v 0.00012256 -0.00859753 -0.02782226
v 0.03678044 -0.02849831 -0.00000566
v 0.01345219 -0.02846794 -0.00944280
v 0.00895969 -0.01732133 -0.02449253
v 0.04216507 -0.02900431 -0.00631995
v 0.04960328 -0.02424121 -0.01332178
v 0.00035970 -0.02492973 -0.01550109
v 0.00000000 -0.00376024 -0.02816982
v 0.00896125 -0.01131626 -0.02777555
v 0.00234129 -0.02821282 -0.01019650
v 0.00271241 -0.00534500 -0.02951585
v 0.00271072 -0.01671420 -0.02490908
v 0.00258225 -0.02834782 -0.00981105
v 0.04206198 -0.02416561 -0.01728490
v 0.04219106 -0.02958204 -0.00243015
v 0.04596644 -0.02838075 -0.00539753
v 0.04938397 -0.02451333 -0.01298065
v 0.04231733 -0.02716897 -0.01192740
v 0.00000000 -0.00090876 -0.02250265
v 0.00776037 -0.00525796 -0.02953285
v 0.00256163 -0.00720594 -0.02911936
v 0.04811334 -0.02765982 -0.00554909
v 0.04267933 -0.02743449 -0.01118925
v 0.03815221 -0.02972084 -0.00372459
v 0.04687784 -0.02826743 -0.00444823
v 0.00110425 -0.02630171 -0.01431089
v 0.03301593 -0.02982382 -0.00322885
v 0.04396265 -0.02792665 -0.00912025
v 0.04853379 -0.02799487 -0.00198365
v 0.04282146 -0.02853370 -0.00784145
v 0.00140565 -0.01904137 -0.02318008
v 0.03337986 -0.02947374 -0.00549656
v 0.03320169 -0.02407777 -0.01789385
v 0.04864876 -0.02468329 -0.01327442
v 0.00000000 -0.02629367 -0.01161857
v 0.03822720 -0.02468963 -0.01701801
v 0.00875945 -0.00466482 -0.02962743
v 0.04295490 -0.02479124 -0.01613109
v 0.04230438 -0.02966570 -0.00071383
v 0.00073376 -0.02029650 -0.02172091
v 0.04625717 -0.02757237 -0.00839944
v 0.04277749 -0.02960003 -0.00077587
v 0.02035966 -0.02405035 -0.01793132
v 0.00347150 -0.00562639 -0.02946738
v 0.04657466 -0.02852785 -0.00335305
v 0.00150000 -0.00007463 -0.00110959
v 0.00881006 -0.00522578 -0.02953722
v 0.00954091 -0.02712752 -0.01280602
v 0.00160131 -0.02542709 -0.01590888
v 0.00080389 -0.00826304 -0.02861400
v 0.04223211 -0.02561113 -0.01498127
v 0.00316380 -0.02997556 -0.00116686
v 0.00561979 -0.00924802 -0.02853780
v 0.03804756 -0.02754966 -0.01178395
v 0.04567509 -0.02540941 -0.01391612
v 0.00036971 -0.02593587 -0.01376578
v 0.00058893 -0.02957660 -0.00031617
v 0.04056663 -0.02971765 -0.00283469
v 0.00248030 -0.02140281 -0.02101767
v 0.00083830 -0.01096272 -0.02771920
v 0.00072873 -0.02500780 -0.01605457
v 0.00141237 -0.02299254 -0.01926407
v 0.03194304 -0.02518609 -0.01629731
v 0.03625960 -0.02430525 -0.01757793
v 0.04467119 -0.02275042 -0.01666027
v 0.02091878 -0.02687018 -0.01334168
v 0.04451104 -0.02895665 -0.00416239
v 0.04522503 -0.02596317 -0.01314456
v 0.00193144 -0.02231004 -0.02005093
v 0.00854472 -0.01633230 -0.02515914
v 0.00066905 -0.01589404 -0.02504403
v 0.00184517 -0.02330708 -0.01888665
v 0.04922967 -0.02552240 -0.01101910
v 0.04556652 -0.02898149 -0.00004485
v 0.00487498 -0.02911301 -0.00722351
v 0.03732078 -0.02463980 -0.01710572
v 0.04339081 -0.02583594 -0.01420731
v 0.04158178 -0.02954522 -0.00343366
v 0.04618627 -0.02230867 -0.01600840
v 0.04257346 -0.02732042 -0.01150166
v 0.00895512 -0.00615383 -0.02935611
v 0.00164229 -0.02596296 -0.01502010
v 0.04803338 -0.02450389 -0.01405619
v 0.04532894 -0.02336714 -0.01640411
v 0.04348243 -0.02825742 -0.00841320
v 0.04264302 -0.02445525 -0.01673346
v 0.00338979 -0.01432923 -0.02635470
v 0.00000005 -0.00010435 -0.02899443
v 0.03808953 -0.02991102 -0.00158507
v 0.00139422 -0.02071786 -0.02169404
v 0.03320965 -0.02952380 -0.00524266
v 0.03622685 -0.02985882 -0.00271530
v 0.00056209 -0.01296878 -0.02655934
v 0.00652696 -0.01043343 -0.02812462
v 0.04647489 -0.02613467 -0.01193881
v 0.00000000 -0.02175414 -0.01883235
v 0.00011189 -0.02287391 -0.01800575
v 0.04893099 -0.02784713 -0.00179773
v 0.00007521 -0.02862715 -0.00507689
v 0.00433415 -0.00575743 -0.02944182
v 0.00135751 -0.02533230 -0.01605369
v 0.00091746 -0.01765267 -0.02408475
v 0.00145766 -0.00099882 -0.02997547
v 0.00397948 -0.02302352 -0.01923051
v 0.04603708 -0.02648115 -0.01150973
v 0.00000000 -0.02287776 -0.00131174
v 0.00154228 -0.02802636 -0.01068373
v 0.03942709 -0.02627562 -0.01432033
v 0.00070363 -0.02935471 -0.00452413
v 0.00136565 -0.02980031 -0.00339489
v 0.00178098 -0.00746230 -0.02905291
v 0.00139701 -0.02180212 -0.02059276
v 0.04184409 -0.02452456 -0.01680714
v 0.00577631 -0.02999963 -0.00001802
v 0.03335893 -0.02842319 -0.00956705
v 0.03919005 -0.02955893 -0.00466367
v 0.04420461 -0.02129554 -0.01684221
v 0.00265417 -0.02874812 -0.00856853
v 0.00000000 -0.00480486 -0.02847867
v 0.04066915 -0.02861207 -0.00849527
v 0.03796993 -0.02799958 -0.01069812
v 0.04344268 -0.02227567 -0.01713627
v 0.00044553 -0.00380639 -0.02919792
v 0.04291566 -0.02722362 -0.01158431
v 0.04382175 -0.02890722 -0.00538866
v 0.00025369 -0.00848509 -0.02799375
v 0.03383679 -0.02437661 -0.01748504
v 0.04705339 -0.02617996 -0.01142857
v 0.04010196 -0.02985514 -0.00105987
v 0.00123790 -0.02177325 -0.02060075
v 0.03271248 -0.02983913 -0.00308057
v 0.00139592 -0.02951349 -0.00534828
v 0.00147041 -0.00911696 -0.02857862
v 0.00056535 -0.02221925 -0.01948400
v 0.00657401 -0.01636662 -0.02514001
v 0.03286442 -0.02810922 -0.01045095
v 0.00715505 -0.00956132 -0.02843361
v 0.00585433 -0.02716929 -0.01271906
v 0.00081219 -0.01213445 -0.02720436
v 0.00010001 -0.01782694 -0.02298019
v 0.00172297 -0.01281190 -0.02712533
v 0.03261127 -0.02981215 -0.00334174
v 0.04649947 -0.02803960 -0.00636513
v 0.01319916 -0.02332928 -0.01885936
v 0.04319286 -0.02313128 -0.01722679
v 0.04461562 -0.02245185 -0.01668206
v 0.04285195 -0.02941192 -0.00328397
v 0.03825914 -0.02461735 -0.01712082
v 0.01121832 -0.02302371 -0.01923276
v 0.00000001 -0.00010429 -0.02642895
v 0.00805195 -0.02078135 -0.02163620
v 0.04297817 -0.02956256 -0.00001945
v 0.04543784 -0.02901347 -0.00108069
v 0.00438373 -0.01520034 -0.02586324
v 0.00005885 -0.00737668 -0.02809280
v 0.00602973 -0.01642566 -0.02510157
v 0.04806458 -0.02609412 -0.01081472
v 0.04011028 -0.02974169 -0.00286248
v 0.00811646 -0.01040263 -0.02813375
v 0.04473608 -0.02918783 -0.00100847
v 0.00141255 -0.00288675 -0.02985900
v 0.04599881 -0.02761782 -0.00854292
v 0.03971298 -0.02642811 -0.01400913
v 0.00000000 -0.00007277 -0.01827462
v 0.03484885 -0.02523982 -0.01620951
v 0.00086908 -0.02812203 -0.00996199
v 0.00052301 -0.02145118 -0.02026951
v 0.03929458 -0.02402453 -0.01790675
v 0.04323671 -0.02687806 -0.01220154
v 0.00000002 -0.00000647 -0.02392484
v 0.03371947 -0.02807073 -0.01054294
v 0.00408263 -0.02997647 -0.00112771
v 0.00213776 -0.02510076 -0.01642387
v 0.01287048 -0.02987599 -0.00271914
v 0.01029063 -0.02876729 -0.00850731
v 0.04340547 -0.02852971 -0.00742488
v 0.04870209 -0.02734789 -0.00603930
v 0.03382114 -0.02827087 -0.01002043
v 0.04406283 -0.02885845 -0.00537037
v 0.03379976 -0.02869549 -0.00873660
v 0.03958691 -0.02459664 -0.01705926
v 0.00147372 -0.02782749 -0.01120344
v 0.00294380 -0.01140646 -0.02774492
v 0.00852698 -0.00918104 -0.02855973
v 0.04996290 -0.02745979 -0.00084057
v 0.02481096 -0.02990162 -0.00233543
v 0.04840130 -0.02150057 -0.01465502
v 0.03741245 -0.02798839 -0.01072910
v 0.04682075 -0.02555601 -0.01293070
v 0.03760448 -0.02862029 -0.00889587
v 0.00000000 -0.02391271 -0.00019182
v 0.04046795 -0.02978357 -0.00200628
v 0.00402021 -0.00144194 -0.02996529
v 0.00026469 -0.02396838 -0.01677742
v 0.04056899 -0.02874026 -0.00804619
v 0.00920750 -0.00027936 -0.02766813
v 0.04950158 -0.02431860 -0.01327576
v 0.00316384 -0.01788173 -0.02408576
v 0.03346338 -0.02925825 -0.00659000
v 0.04125808 -0.02943264 -0.00456227
v 0.04736488 -0.02313722 -0.01535423
v 0.00012573 -0.01361600 -0.02574114
v 0.00072984 -0.01425650 -0.02607792
v 0.04438032 -0.02925789 -0.00146436
v 0.03805315 -0.02537242 -0.01598860
v 0.00750488 -0.02328055 -0.01892066
v 0.04455220 -0.02907067 -0.00314220
v 0.03342726 -0.02986193 -0.00285866
v 0.00399266 -0.01775921 -0.02417629
v 0.00864626 -0.01744374 -0.02440537
v 0.02869321 -0.02878174 -0.00844279
v 0.00214576 -0.01510733 -0.02591455
v 0.00071073 -0.02956164 -0.00293699
v 0.01850290 -0.02687206 -0.01333800
v 0.00730679 -0.00411113 -0.02971539
v 0.00000000 -0.02754680 -0.00698757
v 0.00050686 -0.02893042 -0.00578797
v 0.00085317 -0.01728930 -0.02429438
v 0.02859582 -0.02980023 -0.00345506
v 0.00166107 -0.02058404 -0.02182007
v 0.00217189 -0.02085400 -0.02156501
v 0.00552578 -0.01050836 -0.02809739
v 0.00086816 -0.02113709 -0.02105626
v 0.03112802 -0.02728719 -0.01246609
v 0.04746203 -0.02466868 -0.01415878
v 0.04890746 -0.02219171 -0.01425297
v 0.04377731 -0.02502080 -0.01548332
v 0.04561024 -0.02641050 -0.01195501
v 0.04388071 -0.02938939 -0.00031693
v 0.00062995 -0.00845952 -0.02839600
v 0.00399190 -0.01814664 -0.02388934
v 0.00650751 -0.02784590 -0.01115251
v 0.00112218 -0.02563972 -0.01548115
v 0.00066865 -0.01371179 -0.02629792
v 0.04978862 -0.02652646 -0.00740123
v 0.02985381 -0.02732130 -0.01238719
v 0.00065419 -0.02416955 -0.01717352
v 0.00123307 -0.02537465 -0.01595539
v 0.00728848 -0.01086861 -0.02795948
v 0.04651585 -0.02724337 -0.00912682
v 0.00873524 -0.00452165 -0.02965047
v 0.00000000 -0.02695745 -0.01051773
v 0.04331690 -0.02875248 -0.00663119
v 0.00022519 -0.01423443 -0.02552091
v 0.00013276 -0.00940784 -0.02756168
v 0.00097245 -0.01875395 -0.02327367
v 0.00097424 -0.02816461 -0.01001650
v 0.03835654 -0.02601437 -0.01485968
v 0.04601280 -0.02550794 -0.01354993
v 0.04848825 -0.02586115 -0.01095709
v 0.04300535 -0.02529228 -0.01532047
v 0.00061899 -0.02894956 -0.00623679
v 0.00040599 -0.02642195 -0.01289150
v 0.03805880 -0.02682806 -0.01334975
v 0.04125103 -0.02534267 -0.01566684
v 0.00916758 -0.01924548 -0.02300870
v 0.03273568 -0.02824145 -0.01011706
v 0.01891167 -0.02516083 -0.01633809
v 0.00000000 -0.02117180 -0.00301313
v 0.00131863 -0.00227244 -0.02990013
v 0.04256809 -0.02775428 -0.01042198
v 0.03805489 -0.02581021 -0.01523567
v 0.00068040 -0.02966811 -0.00054721
v 0.04798798 -0.02700722 -0.00835365
v 0.00688336 -0.00936620 -0.02849903
v 0.00297072 -0.01133854 -0.02777195
v 0.04823172 -0.02197405 -0.01478807
v 0.00106190 -0.02955929 -0.00467444
v 0.02559761 -0.02987896 -0.00268542
v 0.02754331 -0.02988498 -0.00259160
v 0.04953622 -0.02565882 -0.01031572
v 0.00204598 -0.02031585 -0.02206794
v 0.01759842 -0.02800793 -0.01073155
v 0.03831900 -0.02868610 -0.00866230
v 0.03633936 -0.02985708 -0.00272519
v 0.04044735 -0.02501748 -0.01634214
v 0.03276976 -0.02880148 -0.00836615
v 0.00378177 -0.00434494 -0.02968266
v 0.04799788 -0.02345637 -0.01495623
v 0.00160035 -0.02362347 -0.01847669
v 0.00066779 -0.00273127 -0.02952980
v 0.04530980 -0.02697467 -0.01084868
v 0.03683545 -0.02492871 -0.01667498
v 0.04417596 -0.02835230 -0.00747374
v 0.02401198 -0.02873442 -0.00862051
v 0.03946032 -0.02428298 -0.01752315
v 0.00007851 -0.02826529 -0.00680605
v 0.00092692 -0.02807015 -0.01019798
v 0.04703437 -0.02819876 -0.00454092
v 0.00392421 -0.01032637 -0.02816571
v 0.00167850 -0.02444030 -0.01738122
v 0.04739285 -0.02375480 -0.01533764
v 0.03985807 -0.02455706 -0.01709805
v 0.02670515 -0.02822709 -0.01015999
v 0.00468770 -0.00983279 -0.02834035
v 0.00061518 -0.00888065 -0.02824369
v 0.04666933 -0.02388670 -0.01575075
v 0.00000000 -0.00261287 -0.02659620
v 0.00042697 -0.02281367 -0.01858680
v 0.04974707 -0.02755118 -0.00113005
v 0.04839545 -0.02755789 -0.00559306
v 0.00130213 -0.01398250 -0.02652778
v 0.03587350 -0.02969736 -0.00409055
v 0.00210939 -0.01678277 -0.02486260
v 0.00006778 -0.02435862 -0.01584401
v 0.03807741 -0.02978173 -0.00324101
v 0.00272883 -0.01172286 -0.02761359
v 0.03238117 -0.02731818 -0.01239363
v 0.04133802 -0.02628877 -0.01399760
v 0.03719096 -0.02651956 -0.01398714
v 0.04586146 -0.02433805 -0.01565132
v 0.00789956 -0.02070107 -0.02171328
v 0.03775828 -0.02659709 -0.01382119
v 0.00175535 -0.00202832 -0.02992276
v 0.00153624 -0.01876014 -0.02340341
v 0.00073205 -0.00038247 -0.02971901
v 0.00785470 -0.00954647 -0.02843864
v 0.00069295 -0.01902069 -0.02279499
v 0.00197352 -0.02980640 -0.00339744
v 0.00069443 -0.02696606 -0.01242877
v 0.00000000 -0.01085144 -0.02671062
v 0.00097541 -0.02612485 -0.01451992
v 0.00000000 -0.01970132 -0.00000654
v 0.00180454 -0.02630170 -0.01441290
v 0.00032220 -0.00862736 -0.02802257
v 0.00104315 -0.01794648 -0.02394948
v 0.01194586 -0.02951884 -0.00533490
v 0.04717916 -0.02839936 -0.00252241
v 0.00501917 -0.02845430 -0.00001041
v 0.00086891 -0.02362110 -0.01821390
v 0.02635057 -0.02824478 -0.01011009
v 0.04693210 -0.02837627 -0.00371988
v 0.00068179 -0.00739537 -0.02873822
v 0.00114732 -0.01028392 -0.02813993
v 0.00657236 -0.02770479 -0.01149712
v 0.04694041 -0.02572647 -0.01248025
v 0.04606990 -0.02868389 -0.00325461
v 0.04802554 -0.02315439 -0.01493879
v 0.00538537 -0.02719143 -0.01267267
v 0.00153574 -0.01894002 -0.02326090
v 0.00874898 -0.02279629 -0.01949885
v 0.03418536 -0.02729851 -0.01243171
v 0.00269956 -0.01549016 -0.02569039
v 0.03875812 -0.02983828 -0.00239889
v 0.00009601 -0.02047569 -0.02066755
v 0.00048047 -0.01147626 -0.02715269
v 0.00123992 -0.02951804 -0.00522724
v 0.00130285 -0.00923927 -0.02852638
v 0.00115465 -0.02994739 -0.00085743
v 0.00146485 -0.00437481 -0.02967768
v 0.00198399 -0.02878902 -0.00843128
v 0.03690997 -0.02960358 -0.00472440
v 0.00038800 -0.02117171 -0.02038072
v 0.04957525 -0.02545666 -0.01080893
v 0.00245272 -0.01553859 -0.02566065
v 0.04937153 -0.02686148 -0.00683041
v 0.04142951 -0.02975329 -0.00018153
v 0.02707820 -0.02988228 -0.00263351
v 0.03493089 -0.02400651 -0.01799131
v 0.03759381 -0.02618771 -0.01458797
v 0.03726773 -0.02994515 -0.00107401
v 0.04969714 -0.02677068 -0.00666080
v 0.02690533 -0.02682595 -0.01342808
v 0.00074764 -0.02952967 -0.00350229
v 0.04931737 -0.02769787 -0.00163977
v 0.03357922 -0.02885635 -0.00815616
v 0.03852516 -0.02944493 -0.00541672
v 0.04910474 -0.02763396 -0.00333565
v 0.00372005 -0.02909868 -0.00727754
v 0.00000000 -0.02542685 -0.01031931
v 0.00252420 -0.02655568 -0.01395685
v 0.00530403 -0.02943811 -0.00576579
v 0.00082050 -0.00162110 -0.02975581
v 0.00118956 -0.00242994 -0.02986629
v 0.04246111 -0.02510146 -0.01579257
v 0.00896731 -0.01400227 -0.02651426
v 0.04822617 -0.02815304 -0.00135343
v 0.00480493 -0.01537981 -0.02575698
v 0.00003464 -0.02202137 -0.01889261
v 0.00046478 -0.00500044 -0.02903040
v 0.04548522 -0.02456627 -0.01548820
v 0.00077175 -0.00627228 -0.02908999
v 0.03609315 -0.02456306 -0.01721709
v 0.00001008 -0.02654474 -0.01168139
v 0.04843392 -0.02789177 -0.00353181
v 0.00198939 -0.01905921 -0.02316656
v 0.03221993 -0.02961265 -0.00479413
v 0.03349962 -0.02987318 -0.00274531
v 0.01158812 -0.02303797 -0.01921567
v 0.04199669 -0.02477677 -0.01639610
v 0.04861575 -0.02792381 -0.00242340
v 0.03741547 -0.02983535 -0.00286158
v 0.00746388 -0.00562754 -0.02946735
v 0.00702876 -0.02838560 -0.00969540
v 0.00179866 -0.01305935 -0.02700219
v 0.03946265 -0.02627796 -0.01431331
v 0.00112762 -0.00445869 -0.02962301
v 0.00264735 -0.00009410 -0.02999767
v 0.04763175 -0.02709445 -0.00847103
v 0.00127225 -0.02334725 -0.01881598
v 0.00986836 -0.02823012 -0.01015074
v 0.04651042 -0.02873448 -0.00120958
v 0.00114067 -0.02834618 -0.00968901
v 0.04095883 -0.02796341 -0.01035138
v 0.00034400 -0.00624153 -0.02866812
v 0.04210598 -0.02700210 -0.01234357
v 0.00955150 -0.02279236 -0.01950381
v 0.04280457 -0.02959783 -0.00068776
v 0.00379407 -0.02326883 -0.01893474
v 0.00907722 -0.01910768 -0.02312248
v 0.02262197 -0.02677194 -0.01353390
v 0.04975331 -0.02100000 -0.01349613
v 0.00617491 -0.02783903 -0.01117006
v 0.00034444 -0.00410245 -0.02905244
v 0.00004442 -0.01438584 -0.02523116
v 0.00028325 -0.02618595 -0.01309750
v 0.00000006 -0.00007809 -0.02862323
v 0.00500866 -0.00981927 -0.02834487
v 0.00053870 -0.02807142 -0.00918338
v 0.00399568 -0.01172465 -0.02761313
v 0.00243116 -0.01155569 -0.02768456
v 0.00022739 -0.02274192 -0.01835699
v 0.02481370 -0.02921624 -0.00680899
v 0.00022898 -0.02446675 -0.01597858
v 0.00781508 -0.00925389 -0.02853632
v 0.00010340 -0.00265770 -0.02897313
v 0.00820856 -0.01839258 -0.02369757
v 0.03960010 -0.02917976 -0.00654706
v 0.04194011 -0.02970558 -0.00066604
v 0.03492074 -0.02975242 -0.00372212
v 0.00026203 -0.01220412 -0.02658589
v 0.00866672 -0.00956812 -0.02843000
v 0.00387970 -0.01044704 -0.02811931
v 0.04599073 -0.02140234 -0.01611246
v 0.01278998 -0.02667935 -0.01371537
v 0.03792007 -0.02962297 -0.00452919
v 0.04715397 -0.02414296 -0.01525286
v 0.00076779 -0.02727814 -0.01188191
v 0.03014371 -0.02872185 -0.00866223
v 0.04970379 -0.02529656 -0.01107125
v 0.03666898 -0.02469894 -0.01701921
v 0.00280357 -0.01020800 -0.02820912
v 0.04970011 -0.02745521 -0.00252767
v 0.00070671 -0.02450405 -0.01679145
v 0.00130889 -0.02295620 -0.01929060
v 0.00526390 -0.02309925 -0.01914146
v 0.00122906 -0.02836889 -0.00968755
v 0.03667917 -0.02983577 -0.00291040
v 0.00136278 -0.02726575 -0.01249920
v 0.00595111 -0.02773307 -0.01143062
v 0.00103620 -0.00966642 -0.02831321
v 0.00081866 -0.01489533 -0.02580156
v 0.00801793 -0.01629089 -0.02519028
v 0.03381450 -0.02762608 -0.01163396
v 0.04571818 -0.02445308 -0.01554492
v 0.04576061 -0.02719299 -0.00992369
v 0.00586465 -0.02722339 -0.01260438
v 0.00166359 -0.02148613 -0.02092932
v 0.04810338 -0.02820299 -0.00106048
v 0.04720907 -0.02455283 -0.01451198
v 0.00009277 -0.00166693 -0.02903637
v 0.04494248 -0.02785626 -0.00863412
v 0.00023613 -0.01186077 -0.02671651
v 0.04836466 -0.02756840 -0.00559177
v 0.04640769 -0.02720825 -0.00932169
v 0.02922079 -0.02999840 -0.00007914
v 0.03184669 -0.02978697 -0.00355149
v 0.04032818 -0.02921393 -0.00620512
v 0.00169081 -0.01128551 -0.02779107
v 0.04351564 -0.02883157 -0.00613588
v 0.04805317 -0.02821974 -0.00052526
v 0.00074490 -0.00010698 -0.02973872
v 0.00113639 -0.00184306 -0.02989667
v 0.03329300 -0.02747049 -0.01201787
v 0.03769204 -0.02804144 -0.01059767
v 0.04215082 -0.02763706 -0.01085298
v 0.00679327 -0.01444424 -0.02629196
v 0.00132686 -0.02754180 -0.01185979
v 0.04246796 -0.02947792 -0.00322521
v 0.00104920 -0.00052695 -0.02991714
v 0.00969325 -0.02005577 -0.02230921
v 0.04240172 -0.02673575 -0.01281974
v 0.00106928 -0.01838175 -0.02361908
v 0.00636498 -0.00696451 -0.02917903
v 0.04698687 -0.02834509 -0.00380579
v 0.00136171 -0.00043829 -0.02998668
v 0.03825301 -0.02989217 -0.00183621
v 0.00064160 -0.01652858 -0.02459383
v 0.04355622 -0.02618061 -0.01352277
v 0.00077840 -0.01541710 -0.02546736
v 0.00012710 -0.00125455 -0.02909794
v 0.00135554 -0.02949379 -0.00545581
v 0.04537486 -0.02854514 -0.00529723
v 0.04848866 -0.02807445 -0.00108933
v 0.00831573 -0.00825230 -0.02884093
v 0.04527160 -0.02792002 -0.00808149
v 0.00913637 -0.01737572 -0.02445473
v 0.04980952 -0.02695176 -0.00564128
v 0.00083446 -0.02861027 -0.00837869
v 0.04195999 -0.02458075 -0.01670027
v 0.00137861 -0.02710108 -0.01285744
v 0.03370869 -0.02775386 -0.01132076
v 0.00000000 -0.00728726 -0.02755018
v 0.00872863 -0.00903660 -0.02860619
v 0.04730041 -0.02361077 -0.01539591
v 0.03759329 -0.02637180 -0.01426544
f 85 1243 1375
f 956 180 67
f 1222 180 956
f 1311 85 920
f 476 1375 1243
f 1248 1098 749
f 85 506 208
f 749 1098 28
f 847 350 85
f 847 244 676
f 85 1375 847
f 1375 244 847
f 1008 506 85
f 85 350 1008
f 920 85 417
f 1222 956 1469
f 1071 417 85
f 920 417 1071
f 1222 1202 282
f 282 1216 1222
f 1158 1243 85
f 85 1311 1158
f 920 1243 1158
f 1158 1311 920
f 1381 244 1375
f 1098 1248 597
f 67 180 597
f 597 180 1098
f 876 208 506
f 954 1248 749
f 352 28 1098
f 208 28 352
f 352 1098 85
f 85 208 352
f 388 1469 956
f 586 1202 1350
f 586 282 1202
f 1350 1071 586
f 1071 282 586
f 1216 282 1
f 1222 1216 1
f 1 1071 85
f 1 282 1071
f 1 180 1222
f 85 1098 1
f 1098 180 1
f 937 1381 1375
f 950 28 208
f 208 876 950
f 749 28 153
f 153 954 749
f 551 954 822
f 67 597 551
f 1248 954 551
f 551 597 1248
f 194 551 822
f 67 551 194
f 1204 1008 350
f 244 1381 1166
f 1237 1352 558
f 1237 950 876
f 28 950 976
f 976 1237 558
f 950 1237 976
f 650 954 1464
f 954 153 1464
f 1464 293 650
f 144 194 602
f 1054 847 676
f 350 847 1054
f 1054 1204 350
f 1126 1204 370
f 245 1204 845
f 845 1204 353
f 353 1054 676
f 1204 1054 353
f 676 244 353
f 306 937 1375
f 1381 937 306
f 306 1166 1381
f 1375 476 306
f 306 476 1243
f 1243 199 306
f 1000 1505 785
f 603 674 1043
f 603 1532 674
f 1043 674 1155
f 1486 194 822
f 471 144 602
f 1174 144 471
f 1008 1204 1041
f 1204 1126 1041
f 244 1166 755
f 755 353 244
f 1166 306 281
f 306 787 281
f 1150 236 866
f 1350 1202 852
f 852 1071 1350
f 1060 1202 1140
f 1140 1171 1060
f 1060 852 1202
f 1171 1555 1060
f 1060 1555 852
f 1524 475 1140
f 1524 1450 674
f 1140 388 1524
f 1524 388 956
f 1524 956 67
f 67 1450 1524
f 753 126 873
f 1504 592 1542
f 373 592 1504
f 672 519 81
f 871 1243 920
f 871 249 375
f 871 375 1243
f 375 249 819
f 376 1000 535
f 785 1505 935
f 1428 376 637
f 674 1450 1538
f 1538 1155 674
f 1428 724 936
f 590 199 669
f 1243 375 669
f 669 199 1243
f 836 787 657
f 9 186 630
f 630 960 9
f 9 960 779
f 63 65 1220
f 220 805 630
f 574 144 220
f 602 194 872
f 194 1486 872
f 599 1486 822
f 1058 165 678
f 1012 165 1058
f 327 165 1012
f 1006 142 394
f 394 142 668
f 841 954 650
f 822 954 841
f 841 599 822
f 125 620 1478
f 487 199 590
f 866 236 1546
f 1417 1046 236
f 236 1150 1417
f 558 835 214
f 989 529 627
f 627 1373 131
f 627 1467 989
f 131 1467 627
f 1373 627 32
f 32 627 529
f 32 529 979
f 979 813 32
f 852 1555 32
f 920 1071 32
f 1071 852 32
f 1373 32 15
f 15 32 1555
f 475 1524 1368
f 405 519 989
f 767 963 1028
f 150 458 792
f 4 910 1028
f 4 592 910
f 1542 592 4
f 1386 126 753
f 800 791 105
f 105 791 1398
f 131 464 105
f 1255 1504 1542
f 373 1504 1255
f 1193 397 433
f 93 60 131
f 1254 1467 131
f 131 60 1254
f 60 1255 1254
f 519 672 1087
f 1087 672 1294
f 1294 819 1087
f 775 672 81
f 920 32 1422
f 1422 32 813
f 898 1000 1549
f 1505 1000 1122
f 1122 428 1505
f 1000 428 1122
f 255 767 1028
f 1505 898 1208
f 1028 910 162
f 910 39 162
f 733 138 26
f 26 138 174
f 1447 637 446
f 1428 637 1447
f 1193 724 1447
f 1447 724 1428
f 784 1538 1450
f 1155 1538 784
f 144 1245 1010
f 194 144 1010
f 1155 784 1010
f 1010 1025 1155
f 67 194 1010
f 1010 1450 67
f 1010 784 1450
f 181 144 574
f 630 266 181
f 574 220 181
f 181 220 630
f 181 1245 144
f 621 482 1402
f 917 936 724
f 778 376 1428
f 1000 376 778
f 1220 1549 778
f 1549 1000 778
f 1320 663 1399
f 663 1544 1399
f 531 1036 1416
f 195 1036 276
f 276 253 195
f 657 787 744
f 744 306 1109
f 744 787 306
f 279 845 347
f 279 245 845
f 347 845 1518
f 1518 198 347
f 532 1374 303
f 303 1374 855
f 779 960 1066
f 638 960 630
f 630 805 638
f 638 759 516
f 1174 220 1197
f 1197 144 1174
f 1197 220 144
f 1169 91 1174
f 1174 471 1169
f 1169 471 602
f 909 872 1486
f 564 678 165
f 564 1464 153
f 564 153 28
f 293 1464 564
f 28 976 564
f 1249 1012 1058
f 565 1012 1249
f 668 142 217
f 1086 1492 217
f 321 1086 217
f 217 142 321
f 1209 394 668
f 668 1302 1209
f 1406 185 488
f 583 185 1406
f 1239 283 438
f 438 1278 1239
f 541 43 1402
f 1213 43 541
f 1402 482 541
f 482 398 541
f 1478 620 1175
f 953 125 1478
f 370 1204 288
f 752 214 420
f 558 214 752
f 752 976 558
f 752 564 976
f 1384 183 829
f 569 526 737
f 569 1195 3
f 994 1546 236
f 1081 1443 1150
f 1081 1150 866
f 1046 1417 665
f 1352 1046 665
f 558 1352 665
f 148 1417 684
f 684 1417 1150
f 829 183 974
f 993 16 80
f 1488 1404 151
f 1123 939 1542
f 989 1467 278
f 1467 424 278
f 278 424 939
f 1367 1083 963
f 1028 963 1378
f 1378 4 1028
f 807 1400 768
f 186 9 1556
f 1428 936 112
f 112 778 1428
f 112 9 779
f 112 1556 9
f 131 105 159
f 901 1515 1398
f 800 105 30
f 30 1297 800
f 688 1255 1542
f 1542 424 688
f 688 424 1467
f 373 1255 1286
f 373 182 275
f 1398 791 1191
f 1145 901 1191
f 1191 901 1398
f 1191 1286 1145
f 1191 182 373
f 373 1286 1191
f 397 1354 235
f 373 275 235
f 235 275 397
f 235 592 373
f 121 397 1193
f 1193 1447 121
f 121 1447 446
f 683 873 1521
f 683 397 873
f 444 683 701
f 800 1297 884
f 464 633 1053
f 1053 1297 464
f 1053 884 1297
f 60 93 98
f 1145 1286 98
f 98 1255 60
f 98 1286 1255
f 1467 1254 1296
f 1296 1254 1255
f 1296 688 1467
f 577 1262 1549
f 1283 577 1479
f 1533 305 904
f 429 305 1533
f 307 150 449
f 963 1083 449
f 828 1087 819
f 519 1087 828
f 1007 775 81
f 307 449 54
f 54 449 305
f 320 1246 1149
f 532 1007 122
f 920 1422 1268
f 1268 871 920
f 249 871 1268
f 1505 428 332
f 332 898 1505
f 332 428 1000
f 1000 898 332
f 1056 898 1549
f 1187 935 1505
f 1505 1208 1187
f 104 162 39
f 257 733 1264
f 138 733 257
f 39 733 14
f 14 104 39
f 446 637 1529
f 1245 1025 216
f 216 1010 1245
f 1025 1010 216
f 266 43 1022
f 266 671 1267
f 1267 43 266
f 1293 266 1089
f 1293 671 266
f 482 621 830
f 624 621 1402
f 223 1399 1544
f 1320 1399 223
f 1416 1036 722
f 1109 306 1315
f 721 722 1315
f 338 253 276
f 276 694 338
f 590 669 528
f 528 799 590
f 669 799 528
f 721 1315 240
f 240 1315 306
f 240 306 199
f 199 487 240
f 155 288 1204
f 1409 155 1204
f 1048 195 253
f 657 195 1048
f 1048 391 836
f 1048 836 657
f 854 198 747
f 347 198 854
f 1440 1322 1410
f 1067 1531 523
f 1225 206 11
f 508 404 1290
f 1290 729 508
f 134 696 1412
f 318 729 1290
f 318 1452 729
f 561 1116 942
f 248 1452 949
f 1343 1179 11
f 1343 673 1179
f 1290 404 1285
f 1285 318 1290
f 1285 1374 532
f 532 122 1285
f 33 175 1412
f 1412 696 33
f 33 134 175
f 696 134 33
f 850 503 938
f 1217 626 757
f 757 1257 1217
f 938 626 1217
f 1217 1257 938
f 779 1066 480
f 789 638 516
f 1553 439 886
f 662 232 833
f 1065 222 922
f 969 254 247
f 1045 254 969
f 1179 942 1435
f 1435 1128 92
f 11 1179 1435
f 1435 92 11
f 335 1115 1310
f 938 503 1310
f 166 664 718
f 596 425 509
f 36 629 1120
f 91 1169 1198
f 440 909 1486
f 165 1278 314
f 314 1278 438
f 1058 678 477
f 477 1249 1058
f 1086 1249 1069
f 1363 1489 647
f 699 1344 327
f 327 1012 699
f 699 1012 565
f 699 1489 1363
f 1363 810 699
f 1135 578 565
f 565 1249 1135
f 1135 1249 1086
f 1135 1086 321
f 321 578 1135
f 86 285 1006
f 73 285 86
f 1006 285 210
f 668 217 1125
f 1125 217 1492
f 1125 1302 668
f 1125 1406 1302
f 1125 1492 583
f 583 1406 1125
f 1029 751 2
f 394 751 1517
f 583 678 907
f 907 185 583
f 678 564 907
f 564 752 907
f 488 185 907
f 907 752 488
f 147 425 596
f 173 425 1480
f 425 147 1480
f 1480 147 596
f 31 832 894
f 173 832 670
f 670 425 173
f 832 31 670
f 670 31 1326
f 1326 509 670
f 670 509 425
f 358 653 3
f 801 664 760
f 229 575 643
f 1163 1073 570
f 1163 587 1073
f 1163 614 482
f 489 398 482
f 489 614 768
f 482 614 489
f 1449 398 489
f 1213 541 675
f 713 398 1449
f 713 541 398
f 1449 675 713
f 713 675 541
f 1532 603 555
f 1207 633 464
f 205 475 1478
f 588 1207 205
f 1478 475 1513
f 1513 953 1478
f 475 953 1513
f 475 1368 1543
f 1543 953 475
f 1281 803 370
f 680 803 1281
f 498 1126 370
f 370 803 498
f 1437 1420 239
f 239 1443 1437
f 1443 1081 1437
f 1437 1384 366
f 1013 366 1353
f 1550 115 752
f 829 72 1537
f 1537 1384 829
f 366 1384 1537
f 1195 569 393
f 3 1195 393
f 393 358 3
f 393 569 737
f 1451 751 1029
f 488 752 292
f 752 115 292
f 1008 994 341
f 341 994 236
f 1495 684 214
f 148 684 1495
f 1495 214 835
f 1511 1454 1546
f 51 1041 1126
f 51 1454 1041
f 829 974 515
f 80 857 271
f 929 16 993
f 993 710 929
f 234 740 1544
f 762 80 16
f 762 857 80
f 1439 501 168
f 168 501 661
f 1542 939 457
f 457 424 1542
f 939 424 457
f 939 1123 1540
f 882 278 1540
f 1540 278 939
f 882 215 773
f 773 278 882
f 215 190 773
f 190 278 773
f 458 405 430
f 458 150 434
f 434 150 307
f 307 1275 434
f 734 339 1186
f 519 310 1431
f 310 1186 1431
f 519 405 1397
f 1397 310 519
f 1405 1186 310
f 310 1397 1405
f 1438 1083 1392
f 1083 1367 1392
f 1392 1479 1438
f 1367 1479 1392
f 827 1367 963
f 963 767 827
f 827 767 355
f 792 215 354
f 1112 1191 791
f 182 1191 1112
f 1112 791 800
f 800 1503 1112
f 1400 1386 59
f 1386 1503 59
f 768 1400 59
f 59 489 768
f 1400 807 875
f 126 1386 875
f 875 1386 1400
f 61 807 768
f 1185 807 61
f 443 1185 61
f 61 571 443
f 463 873 126
f 1105 1185 443
f 1477 1105 443
f 859 112 563
f 778 112 859
f 337 105 1398
f 337 159 105
f 1398 1515 337
f 1515 159 337
f 1483 901 1145
f 1483 159 1515
f 459 105 464
f 459 30 105
f 397 275 493
f 753 873 493
f 873 397 493
f 493 1386 753
f 543 39 910
f 910 592 543
f 592 235 543
f 543 733 39
f 726 1354 397
f 397 121 726
f 726 121 138
f 1139 121 446
f 138 121 1139
f 446 1529 1139
f 1139 1529 376
f 535 174 1139
f 1139 174 138
f 1139 376 535
f 936 917 274
f 377 433 397
f 397 683 377
f 683 444 377
f 701 71 396
f 936 444 396
f 396 444 701
f 432 936 396
f 396 71 432
f 1145 98 484
f 484 98 93
f 1255 688 945
f 945 1296 1255
f 688 1296 945
f 1438 697 1462
f 1462 1308 1438
f 697 1308 1462
f 1220 1533 860
f 860 697 1220
f 860 1308 697
f 1438 1308 860
f 77 697 1438
f 1438 1479 77
f 77 1479 577
f 77 577 1549
f 77 1549 1220
f 1220 697 77
f 839 1479 985
f 1283 1479 839
f 985 827 839
f 839 577 1283
f 389 1083 1438
f 1438 860 389
f 389 449 1083
f 1533 904 389
f 389 860 1533
f 389 904 305
f 305 449 389
f 1324 429 1533
f 1272 429 1324
f 1298 449 150
f 1298 150 792
f 792 354 1298
f 65 706 368
f 727 1533 1220
f 1220 65 727
f 65 368 727
f 727 368 782
f 727 1324 1533
f 1272 1324 727
f 41 819 249
f 41 828 819
f 606 1422 813
f 979 529 1148
f 519 828 1148
f 989 519 1148
f 1148 529 989
f 412 1007 532
f 608 122 1059
f 1149 1246 1357
f 1357 1431 1149
f 81 519 1357
f 519 1431 1357
f 7 320 1149
f 7 339 22
f 1064 1208 898
f 898 1056 1064
f 286 162 732
f 162 104 732
f 1407 733 1395
f 1407 14 733
f 1395 733 74
f 26 174 518
f 535 1000 518
f 518 174 535
f 485 74 518
f 783 637 376
f 376 1529 783
f 783 1529 637
f 437 181 266
f 266 1022 437
f 437 27 181
f 158 43 1213
f 158 1022 43
f 1213 27 158
f 1402 43 572
f 43 1267 572
f 1320 223 369
f 369 531 1320
f 1036 531 369
f 8 819 1294
f 375 819 8
f 993 234 943
f 663 984 943
f 943 1544 663
f 943 234 1544
f 1416 722 1265
f 1265 722 721
f 721 240 1265
f 1265 382 1416
f 1265 799 669
f 669 382 1265
f 657 744 1401
f 1401 1315 722
f 1401 744 1109
f 1109 1315 1401
f 365 694 276
f 276 1226 365
f 365 1226 694
f 169 240 487
f 169 487 590
f 590 799 169
f 799 1265 169
f 169 1265 240
f 245 317 691
f 656 1409 691
f 1204 245 691
f 691 1409 1204
f 260 317 245
f 245 279 260
f 279 57 260
f 523 1094 1091
f 1091 1067 523
f 1094 1460 1091
f 1460 288 1091
f 288 155 1091
f 155 1481 1091
f 1039 854 747
f 1224 854 1039
f 1039 651 1224
f 177 923 967
f 343 923 177
f 403 1226 276
f 1260 1079 267
f 1260 1440 297
f 1322 1440 302
f 1410 1321 319
f 319 1440 1410
f 297 1440 319
f 319 658 297
f 1371 658 319
f 319 403 276
f 635 478 1531
f 844 626 938
f 844 1115 626
f 938 1310 844
f 844 1310 1115
f 206 1225 788
f 788 1225 11
f 404 439 746
f 248 500 1497
f 1497 1452 248
f 1497 837 1452
f 1452 837 798
f 11 729 798
f 729 1452 798
f 798 837 628
f 628 1332 798
f 798 1343 11
f 798 1332 673
f 673 1343 798
f 1452 318 1382
f 1382 949 1452
f 22 949 1382
f 734 1275 149
f 149 339 734
f 248 949 149
f 22 339 149
f 149 949 22
f 672 775 811
f 672 811 1468
f 1468 811 1108
f 505 611 886
f 886 869 505
f 83 1376 1423
f 1423 869 83
f 83 1134 1376
f 886 439 83
f 83 869 886
f 1423 1376 511
f 797 175 206
f 797 850 175
f 503 850 797
f 206 788 797
f 175 850 973
f 889 1050 743
f 996 197 971
f 197 480 971
f 971 1044 996
f 960 638 49
f 638 789 49
f 789 1138 49
f 361 1034 893
f 361 1138 789
f 1303 1103 1427
f 1427 1138 893
f 1442 1138 1427
f 759 638 362
f 638 810 362
f 886 833 301
f 301 1553 886
f 301 833 1501
f 1501 1553 301
f 1391 662 1190
f 232 662 263
f 662 1391 263
f 758 1403 717
f 1276 232 37
f 559 833 1509
f 559 961 833
f 833 961 881
f 1501 833 881
f 601 247 37
f 780 946 1052
f 329 946 889
f 946 780 202
f 202 1052 513
f 202 780 1052
f 1128 1088 135
f 135 1257 757
f 135 1088 1257
f 63 1088 241
f 241 1088 1128
f 336 63 1220
f 826 942 1116
f 826 1435 942
f 1442 1427 842
f 996 1442 842
f 596 509 1247
f 1247 509 1172
f 342 509 1326
f 1279 1034 759
f 824 50 1541
f 264 1103 1303
f 980 1120 629
f 889 743 5
f 5 743 1050
f 1050 764 5
f 5 764 426
f 805 770 1136
f 1136 909 805
f 91 1198 1136
f 599 841 156
f 283 1239 156
f 650 283 156
f 156 841 650
f 902 564 165
f 165 314 902
f 1086 1069 868
f 1277 1512 1489
f 619 1512 1277
f 321 619 1277
f 1277 578 321
f 549 629 36
f 619 629 549
f 549 1512 619
f 1512 549 460
f 1180 142 1006
f 1006 210 1180
f 1147 1388 285
f 625 285 629
f 394 2 189
f 269 1517 751
f 1323 1406 488
f 1323 848 1406
f 1406 848 451
f 451 848 1029
f 37 247 1394
f 1394 247 254
f 1360 1276 37
f 37 1394 1360
f 524 750 1232
f 891 164 1232
f 1520 966 243
f 243 1480 596
f 983 891 1326
f 1326 31 983
f 894 891 983
f 983 31 894
f 3 653 616
f 1522 643 201
f 584 246 718
f 1522 246 584
f 584 861 229
f 229 643 584
f 584 643 1522
f 1228 861 801
f 1228 1137 861
f 408 145 864
f 1531 145 408
f 982 145 766
f 1531 478 136
f 136 145 1531
f 136 478 897
f 766 145 136
f 766 29 102
f 1024 1163 482
f 587 1163 1024
f 482 1073 1024
f 1073 587 1024
f 482 1133 1047
f 630 186 1047
f 1047 1133 630
f 840 1047 186
f 548 1047 840
f 1089 266 1099
f 1312 675 1426
f 1213 675 1312
f 1043 1155 1312
f 1155 1025 1312
f 1312 1366 1213
f 1025 1366 1312
f 1532 555 367
f 674 1532 367
f 367 1524 674
f 1524 367 486
f 486 367 555
f 1478 1175 1009
f 1009 205 1478
f 588 205 453
f 453 205 1457
f 1457 127 453
f 453 1207 588
f 453 127 1207
f 143 1555 1171
f 143 1171 1140
f 143 15 1555
f 1373 15 143
f 131 1373 143
f 1140 475 143
f 475 205 143
f 143 464 131
f 143 1207 464
f 143 205 1207
f 1457 205 99
f 708 752 420
f 420 1420 708
f 708 1437 366
f 1420 1437 708
f 576 1550 752
f 1316 1451 1029
f 526 569 1093
f 115 556 1040
f 450 994 1008
f 1008 815 450
f 866 1546 1429
f 1546 1454 1429
f 1389 492 974
f 183 1097 1389
f 1389 974 183
f 974 492 692
f 523 1531 568
f 351 445 1256
f 890 710 993
f 993 943 890
f 890 943 1403
f 740 116 364
f 1544 740 364
f 661 501 258
f 1439 820 258
f 258 501 1439
f 267 1482 124
f 610 579 1439
f 1439 168 610
f 728 168 661
f 728 343 177
f 661 343 728
f 728 610 168
f 458 430 1370
f 792 458 1370
f 1370 215 792
f 989 278 401
f 734 473 1092
f 1092 1275 734
f 1092 434 1275
f 473 1397 1092
f 458 434 1092
f 1092 1397 405
f 1092 405 458
f 1149 1431 1474
f 734 1405 677
f 734 1186 1219
f 1219 1405 734
f 1186 1405 1219
f 965 827 985
f 1367 827 965
f 985 1479 965
f 965 1479 1367
f 4 1378 1154
f 1378 354 1154
f 530 1503 800
f 530 59 1503
f 646 489 1434
f 489 252 1434
f 1434 933 646
f 1385 127 1434
f 1434 127 1457
f 140 1503 1386
f 140 1112 1503
f 182 1112 140
f 1386 493 140
f 140 275 182
f 140 493 275
f 120 807 1185
f 120 875 807
f 614 521 304
f 184 552 1211
f 1061 1291 184
f 184 1211 1061
f 1061 1211 1484
f 1061 936 432
f 1061 112 936
f 1484 1556 1061
f 1556 112 1061
f 465 1291 795
f 1291 1061 795
f 1369 977 1189
f 1236 1556 1484
f 1484 1369 1236
f 1236 1369 1477
f 1105 1477 1317
f 1317 1369 1189
f 1477 1369 1317
f 1515 901 617
f 617 1483 1515
f 901 1483 617
f 870 235 1354
f 870 543 235
f 1354 726 870
f 870 726 138
f 138 257 870
f 870 257 1264
f 1264 733 870
f 733 543 870
f 1318 1291 465
f 469 444 936
f 936 274 469
f 884 1053 1377
f 800 884 1348
f 633 1207 1011
f 1011 127 1385
f 1207 127 1011
f 1262 577 1261
f 1549 1262 1261
f 355 767 1261
f 1261 255 1549
f 767 255 1261
f 1535 1298 1378
f 449 1298 1535
f 1535 1378 963
f 963 449 1535
f 326 354 1378
f 1378 1298 326
f 326 1298 354
f 123 41 249
f 828 41 123
f 249 1268 123
f 123 1268 1422
f 1422 606 123
f 123 606 828
f 828 606 79
f 979 1148 79
f 79 1148 828
f 79 813 979
f 79 606 813
f 307 54 1182
f 1182 500 248
f 1182 507 500
f 97 1059 122
f 97 1007 81
f 97 122 1007
f 81 1357 97
f 1476 1059 97
f 97 1357 1476
f 1246 1496 192
f 1246 320 119
f 22 1382 119
f 885 1496 119
f 119 1382 885
f 414 192 1496
f 1476 192 414
f 414 1059 1476
f 1113 1496 885
f 1113 414 1496
f 1113 122 608
f 608 1059 1113
f 1059 414 1113
f 1208 1064 809
f 1356 1064 1056
f 1549 255 1356
f 1356 1056 1549
f 1356 255 1028
f 1028 162 1356
f 1356 162 286
f 286 809 1356
f 1356 809 1064
f 325 1407 856
f 14 1407 325
f 325 856 785
f 785 935 325
f 733 1430 742
f 742 74 733
f 1430 518 742
f 742 518 74
f 1206 1430 733
f 1206 518 1430
f 26 518 972
f 972 733 26
f 972 1206 733
f 52 518 1000
f 485 518 52
f 1213 1366 707
f 707 27 1213
f 1366 27 707
f 769 27 1366
f 769 1025 1245
f 769 1366 1025
f 1245 181 769
f 181 27 769
f 711 437 1022
f 27 437 711
f 1402 572 1330
f 1330 1267 671
f 1330 572 1267
f 483 1099 266
f 483 266 630
f 630 1133 483
f 1096 621 496
f 496 1445 1096
f 496 621 410
f 621 624 410
f 772 8 114
f 114 594 772
f 1491 750 524
f 298 722 1036
f 298 1401 722
f 657 1401 298
f 298 195 657
f 1036 195 298
f 553 260 57
f 605 1413 553
f 731 1091 1481
f 1067 1091 731
f 472 20 1048
f 1048 20 1104
f 391 1048 1104
f 130 391 1104
f 1104 651 130
f 1224 651 1104
f 825 279 347
f 322 967 223
f 322 223 1544
f 223 967 1162
f 1162 369 223
f 276 1036 1162
f 1036 369 1162
f 923 1271 1021
f 1021 658 923
f 1079 658 1021
f 297 658 682
f 682 1260 297
f 384 1271 923
f 308 343 661
f 267 384 308
f 308 1482 267
f 1413 64 349
f 237 64 1413
f 403 319 912
f 694 1226 912
f 1226 403 912
f 1440 1144 566
f 566 64 1440
f 1144 280 566
f 1531 1067 379
f 626 1115 228
f 228 1115 335
f 503 797 316
f 316 797 788
f 316 1310 503
f 206 175 1101
f 175 134 416
f 416 1101 175
f 134 1134 416
f 416 1134 404
f 404 1101 416
f 1078 746 855
f 855 1374 1078
f 1374 1285 1078
f 1078 1285 404
f 404 746 1078
f 439 1553 522
f 522 746 439
f 1196 1124 1258
f 65 561 219
f 219 1411 65
f 561 942 219
f 745 1124 1196
f 1196 1411 745
f 745 1411 146
f 146 1095 745
f 628 1124 745
f 745 1332 628
f 673 1332 745
f 900 1411 741
f 539 500 1121
f 500 203 1121
f 1121 900 539
f 885 1382 790
f 790 1382 318
f 318 1285 790
f 790 1285 122
f 790 1113 885
f 122 1113 790
f 307 1182 581
f 581 1182 248
f 581 1275 307
f 1004 230 1179
f 1179 673 1004
f 673 1095 1004
f 775 1007 55
f 497 1468 1108
f 532 303 497
f 497 412 532
f 991 8 1294
f 114 8 991
f 1294 672 1436
f 1436 991 1294
f 812 991 1436
f 1501 881 1530
f 1530 881 1234
f 404 1134 435
f 1134 83 435
f 435 439 404
f 435 83 439
f 247 601 331
f 1306 764 969
f 1412 175 934
f 764 1306 932
f 893 1138 1090
f 1090 361 893
f 1138 361 1090
f 479 789 516
f 479 361 789
f 516 759 479
f 759 1034 479
f 1034 361 479
f 1303 1427 514
f 514 1427 893
f 893 1034 514
f 514 1279 1303
f 1034 1279 514
f 1002 810 1363
f 1363 362 1002
f 1002 362 810
f 735 1159 525
f 222 717 735
f 1234 1159 735
f 735 922 222
f 106 717 1403
f 106 943 984
f 1403 943 106
f 232 1276 1001
f 510 231 1234
f 1234 881 510
f 738 1456 1052
f 1052 924 738
f 1070 329 889
f 946 329 1528
f 946 202 467
f 889 946 467
f 467 1050 889
f 467 774 1050
f 986 1335 1128
f 1128 135 986
f 1200 1088 63
f 63 336 1200
f 1338 336 1220
f 563 112 1345
f 176 880 1257
f 176 480 197
f 176 1345 112
f 176 112 779
f 779 480 176
f 1328 842 880
f 1328 176 197
f 880 176 1328
f 1328 197 996
f 996 842 1328
f 880 842 461
f 40 166 596
f 596 1247 40
f 664 166 40
f 40 1247 664
f 76 593 1520
f 596 166 76
f 76 243 596
f 1520 243 76
f 1326 513 545
f 513 1052 545
f 1313 738 924
f 547 1228 801
f 547 801 760
f 760 1137 547
f 128 269 751
f 494 1279 759
f 36 1120 613
f 613 1120 824
f 1129 1541 50
f 889 108 914
f 914 265 889
f 265 914 300
f 300 736 265
f 1280 285 73
f 629 285 1280
f 1280 980 629
f 1334 128 196
f 455 108 889
f 455 1361 108
f 10 1427 1103
f 91 1136 1117
f 1117 1136 770
f 1486 591 1131
f 1131 440 1486
f 1319 156 1239
f 583 1492 930
f 930 868 583
f 930 1492 1086
f 1086 868 930
f 858 1069 1249
f 858 868 1069
f 583 868 858
f 858 678 583
f 1489 699 520
f 520 1277 1489
f 36 1107 1301
f 1301 549 36
f 1433 460 759
f 759 362 1433
f 1433 362 1363
f 1489 1512 1433
f 1512 460 1433
f 1388 1147 1241
f 321 1388 1241
f 1241 619 321
f 1157 1147 285
f 285 625 1157
f 1292 751 394
f 394 189 1292
f 557 616 575
f 3 616 557
f 557 575 229
f 622 451 1029
f 1029 2 622
f 622 2 394
f 231 1387 1502
f 1234 231 1502
f 1526 1360 1394
f 894 857 777
f 857 762 777
f 1326 891 225
f 1242 38 225
f 225 38 941
f 225 513 1326
f 225 941 513
f 750 1491 896
f 524 1232 78
f 78 1232 164
f 998 1232 750
f 897 419 1168
f 1168 1076 151
f 419 1076 1168
f 1520 1019 534
f 534 1168 151
f 534 1019 897
f 897 1168 534
f 820 1084 1020
f 894 832 1020
f 653 604 1545
f 653 358 277
f 277 358 829
f 829 515 277
f 1177 201 643
f 718 664 843
f 1522 201 895
f 766 136 1005
f 897 29 1005
f 1005 29 766
f 474 88 766
f 766 102 474
f 474 102 246
f 359 102 29
f 718 246 359
f 246 102 359
f 915 548 482
f 482 1047 915
f 915 1047 548
f 548 840 218
f 482 548 218
f 496 1063 1015
f 427 1445 496
f 624 1072 154
f 213 624 154
f 944 154 1072
f 944 1072 34
f 34 1099 944
f 1099 483 944
f 944 483 1445
f 1043 1312 1525
f 1525 1312 1426
f 1525 603 1043
f 1525 555 603
f 238 486 953
f 238 1543 1368
f 953 1543 238
f 238 1368 1524
f 1524 486 238
f 646 933 648
f 933 1175 648
f 648 1175 620
f 648 1525 1426
f 1466 1009 1175
f 205 1009 1432
f 1009 1466 1432
f 1432 1175 933
f 1432 1466 1175
f 366 1013 644
f 644 708 366
f 1013 708 644
f 1353 393 227
f 227 393 737
f 752 708 227
f 193 576 737
f 1550 576 193
f 1516 393 1353
f 1516 1074 393
f 393 1074 1077
f 1077 72 829
f 1451 1316 1049
f 1049 1093 1451
f 1049 1316 1029
f 751 1451 1214
f 1451 1093 1214
f 1214 128 751
f 1214 70 128
f 3 557 1214
f 1514 70 1214
f 229 1548 1214
f 163 569 3
f 163 1093 569
f 3 1214 163
f 163 1214 1093
f 931 1040 1029
f 115 1040 931
f 921 526 1029
f 1029 1040 921
f 1546 1523 287
f 287 1523 815
f 287 1511 1546
f 1008 1041 287
f 287 815 1008
f 988 1389 1097
f 492 1389 988
f 686 23 211
f 686 1429 1454
f 1454 23 686
f 492 23 1031
f 1031 692 492
f 1031 1259 692
f 211 23 899
f 899 23 1380
f 899 1380 1384
f 1384 1437 899
f 776 1545 1119
f 1119 1545 604
f 1199 568 1531
f 1199 408 864
f 1531 408 1199
f 710 890 1127
f 1184 364 763
f 1544 364 1184
f 763 322 1184
f 1184 322 1544
f 1439 579 927
f 585 364 345
f 345 927 585
f 345 364 116
f 857 348 700
f 1475 857 700
f 641 234 993
f 641 562 234
f 1018 820 1439
f 1488 703 804
f 1404 1488 804
f 296 124 1444
f 267 124 296
f 1444 1500 296
f 903 1488 151
f 151 1076 903
f 1030 401 215
f 215 1370 1030
f 1030 1370 681
f 1192 190 215
f 215 401 1192
f 1192 278 190
f 1192 401 278
f 1351 1474 1431
f 1351 1186 339
f 1351 1431 1186
f 1149 1474 1351
f 667 1397 473
f 882 1540 712
f 712 215 882
f 712 1123 1542
f 712 1540 1123
f 252 530 1102
f 1102 1282 1385
f 800 1282 1102
f 1102 530 800
f 1385 1434 1102
f 1102 1434 252
f 160 530 252
f 59 530 160
f 160 252 489
f 489 59 160
f 1457 99 877
f 877 1434 1457
f 933 1434 877
f 443 571 709
f 374 521 614
f 614 1547 374
f 614 1163 212
f 212 1547 614
f 212 1163 570
f 212 218 840
f 1556 1547 212
f 186 1556 212
f 212 840 186
f 1556 360 715
f 715 1547 1556
f 614 304 887
f 768 614 887
f 887 61 768
f 720 304 521
f 61 887 720
f 720 887 304
f 521 188 720
f 1146 552 184
f 463 1342 1485
f 1494 463 126
f 1494 1342 463
f 1521 1318 1235
f 1235 334 1521
f 1235 1318 465
f 71 1472 802
f 701 683 793
f 793 71 701
f 793 1472 71
f 633 1011 330
f 1385 1282 330
f 330 1011 1385
f 577 839 1250
f 1250 1261 577
f 1250 839 827
f 1250 827 355
f 355 1261 1250
f 1289 1496 1246
f 1246 119 1289
f 1289 119 1496
f 320 7 781
f 781 119 320
f 781 7 22
f 22 119 781
f 442 972 518
f 518 1206 442
f 1206 972 442
f 1022 158 964
f 964 711 1022
f 409 624 1402
f 1402 1330 409
f 1152 1133 482
f 1152 483 1133
f 1445 483 1152
f 482 830 1152
f 999 1063 496
f 496 410 999
f 817 624 213
f 817 410 624
f 524 423 955
f 955 1491 524
f 413 553 1413
f 260 553 413
f 317 260 413
f 413 512 317
f 221 691 317
f 317 512 221
f 656 731 642
f 642 731 1481
f 642 1409 656
f 1181 731 863
f 863 731 656
f 226 472 1238
f 20 472 226
f 279 825 18
f 825 992 18
f 468 1162 967
f 468 967 923
f 923 658 468
f 385 1021 1271
f 385 384 267
f 1271 384 385
f 1183 658 1079
f 1183 682 658
f 1079 1260 1183
f 1260 682 1183
f 923 343 1519
f 1519 384 923
f 343 308 1519
f 1519 308 384
f 24 308 661
f 1482 308 1355
f 1355 308 703
f 1014 1413 605
f 1014 237 1413
f 1238 302 618
f 618 226 1238
f 64 992 356
f 340 319 1321
f 340 912 319
f 1327 280 1144
f 1327 1500 1444
f 862 349 64
f 64 566 862
f 897 478 655
f 626 228 1042
f 1042 228 335
f 335 1310 1042
f 1310 316 1042
f 1128 1042 1493
f 1493 1042 316
f 206 1101 1153
f 1153 508 729
f 404 508 1153
f 1153 1101 404
f 11 206 1153
f 1153 729 11
f 628 837 1032
f 1032 1124 628
f 837 1497 1114
f 1114 1032 837
f 1114 500 539
f 1114 1497 500
f 53 1095 673
f 673 745 53
f 53 745 1095
f 1179 230 290
f 290 504 1179
f 1085 504 290
f 900 741 383
f 654 1411 1196
f 654 741 1411
f 1196 1258 654
f 1037 1121 544
f 1037 544 706
f 1037 706 65
f 65 1411 1037
f 926 203 706
f 926 1121 203
f 706 544 926
f 544 1121 926
f 248 149 730
f 730 581 248
f 730 149 1275
f 1275 581 730
f 867 497 1108
f 55 497 867
f 775 55 867
f 666 497 303
f 1468 497 666
f 672 1468 615
f 615 1372 672
f 13 812 21
f 812 1436 21
f 436 331 601
f 331 436 1033
f 1257 224 299
f 938 1257 299
f 299 850 938
f 299 973 850
f 1314 224 1257
f 1257 461 1314
f 1314 461 1300
f 175 973 846
f 846 934 175
f 1558 932 511
f 1300 932 1558
f 1558 1314 1300
f 1412 1314 1558
f 1558 134 1412
f 1558 1134 134
f 1376 1134 1558
f 1558 511 1376
f 1138 447 129
f 960 49 129
f 129 49 1138
f 1552 1138 1442
f 1552 447 1138
f 1552 1442 996
f 996 1044 1552
f 1066 447 1552
f 1234 735 1499
f 1499 1530 1234
f 1499 735 717
f 717 106 1499
f 1062 735 525
f 600 106 984
f 663 978 600
f 600 984 663
f 232 1001 387
f 1509 833 387
f 833 232 387
f 1052 946 62
f 946 1528 62
f 329 1070 1132
f 1132 1528 329
f 1132 1070 270
f 563 1345 632
f 1257 1088 346
f 1257 880 82
f 880 461 82
f 256 461 842
f 1361 455 256
f 1103 1361 256
f 256 10 1103
f 256 5 426
f 889 5 256
f 256 455 889
f 402 422 1137
f 402 1137 760
f 760 133 402
f 402 1313 808
f 402 808 1080
f 133 1313 402
f 73 269 1508
f 269 128 1508
f 1508 1334 73
f 1508 128 1334
f 36 494 582
f 582 494 759
f 759 460 582
f 582 1107 36
f 582 460 549
f 582 1301 1107
f 549 1301 582
f 1279 494 995
f 995 494 1541
f 824 1541 262
f 262 613 824
f 187 1129 660
f 660 1279 187
f 1303 1279 660
f 660 264 1303
f 940 914 108
f 264 914 940
f 108 1361 940
f 1103 264 940
f 940 1361 1103
f 824 300 714
f 714 50 824
f 714 1129 50
f 714 914 264
f 714 300 914
f 264 660 714
f 714 660 1129
f 824 1120 1017
f 1120 980 1017
f 980 1280 1017
f 1176 100 704
f 101 824 1221
f 808 1313 242
f 242 1313 704
f 704 100 242
f 1349 1131 591
f 909 440 1349
f 805 909 1349
f 1349 638 805
f 1349 591 1344
f 1344 699 1349
f 1349 810 638
f 1349 699 810
f 1557 1253 156
f 591 1253 1557
f 1344 591 1557
f 156 1253 259
f 599 156 259
f 156 1319 161
f 1344 1331 161
f 327 1344 161
f 1507 647 1489
f 1489 1433 1507
f 394 1209 207
f 207 622 394
f 702 1502 1387
f 1276 1360 1288
f 1360 702 1288
f 372 1526 919
f 919 1526 1394
f 851 1045 969
f 969 764 851
f 1050 774 851
f 851 764 1050
f 922 756 716
f 1065 922 716
f 1418 777 164
f 1418 164 891
f 103 225 891
f 1242 225 103
f 750 896 892
f 110 716 1446
f 1065 716 110
f 164 777 328
f 151 966 1419
f 1419 534 151
f 1419 966 1520
f 1520 534 1419
f 250 1020 832
f 250 832 173
f 173 1480 250
f 151 1404 250
f 250 966 151
f 250 243 966
f 1480 243 250
f 894 1020 698
f 698 857 894
f 1068 604 653
f 653 277 1068
f 718 843 970
f 664 801 1082
f 1082 843 664
f 441 895 982
f 441 982 766
f 766 88 441
f 1522 895 441
f 1252 136 897
f 897 1005 1252
f 1252 1005 136
f 47 359 29
f 47 29 897
f 897 1019 47
f 1520 593 47
f 47 1019 1520
f 593 76 1057
f 1057 47 593
f 359 47 1057
f 1057 166 718
f 718 359 1057
f 1536 1073 482
f 482 218 1536
f 570 1073 1536
f 1536 212 570
f 218 212 1536
f 66 427 496
f 496 1015 66
f 1445 427 66
f 66 944 1445
f 486 648 1333
f 125 953 1333
f 953 486 1333
f 620 125 1333
f 1333 648 620
f 646 648 502
f 502 489 646
f 1449 489 502
f 555 1525 491
f 1525 648 491
f 737 576 1229
f 1229 227 737
f 1229 576 752
f 752 227 1229
f 118 1013 1353
f 1353 227 118
f 118 708 1013
f 118 227 708
f 1550 193 1414
f 72 1077 1341
f 1341 1077 1074
f 526 1093 536
f 1093 1049 536
f 1029 526 536
f 536 1049 1029
f 1514 1214 84
f 84 1214 1548
f 737 526 357
f 526 921 357
f 46 1212 803
f 46 803 680
f 445 1212 46
f 1256 445 46
f 680 538 46
f 46 351 1256
f 46 1094 523
f 46 538 1460
f 46 1460 1094
f 523 568 46
f 568 1199 46
f 1454 51 719
f 719 23 1454
f 445 23 719
f 170 23 492
f 818 23 445
f 818 1031 23
f 1259 1031 818
f 445 351 818
f 818 351 1259
f 906 1199 864
f 1259 351 906
f 351 46 906
f 906 46 1199
f 692 1259 906
f 906 1119 515
f 776 1119 906
f 906 515 974
f 974 692 906
f 864 145 906
f 145 982 906
f 1231 776 906
f 906 643 1231
f 906 1177 643
f 1439 927 1379
f 1424 348 857
f 1424 291 911
f 911 345 1424
f 1424 345 116
f 234 562 415
f 1143 1084 820
f 820 1018 1143
f 107 804 703
f 703 308 107
f 661 258 794
f 794 258 1404
f 1404 804 794
f 794 24 661
f 1444 1358 687
f 687 1327 1444
f 280 1327 687
f 806 796 687
f 333 413 1141
f 512 413 333
f 401 1030 816
f 989 401 816
f 816 1030 681
f 816 405 989
f 816 430 405
f 681 1370 816
f 816 1370 430
f 339 7 659
f 659 1351 339
f 1149 1351 659
f 117 667 473
f 677 667 117
f 117 473 734
f 734 677 117
f 640 677 1405
f 640 667 677
f 640 1405 1397
f 1397 667 640
f 215 712 1270
f 1270 354 215
f 1270 1154 354
f 567 877 99
f 567 99 205
f 205 1432 567
f 567 1432 933
f 933 877 567
f 957 709 360
f 957 360 1556
f 443 709 957
f 685 715 360
f 360 720 685
f 685 720 188
f 1342 1146 1274
f 1274 1146 184
f 1274 1485 1342
f 1347 1494 126
f 977 1369 1347
f 1473 802 1472
f 1472 1359 1473
f 1473 683 1521
f 1521 334 1473
f 432 71 652
f 71 802 652
f 392 1282 800
f 800 1348 392
f 1377 289 45
f 884 1377 45
f 633 330 1178
f 1178 330 1282
f 109 727 782
f 782 1203 109
f 109 1203 727
f 594 1304 849
f 375 8 94
f 8 772 94
f 94 669 375
f 691 221 481
f 656 691 481
f 481 863 656
f 481 221 512
f 512 863 481
f 381 992 64
f 381 18 992
f 1162 468 754
f 1371 319 754
f 276 1162 754
f 754 319 276
f 916 658 1371
f 916 468 658
f 1371 754 916
f 916 754 468
f 1079 1021 1194
f 1021 385 1194
f 267 1079 1194
f 1194 385 267
f 771 618 302
f 1440 64 771
f 771 302 1440
f 64 356 771
f 1128 1335 462
f 462 1042 1128
f 1128 1493 975
f 975 1493 316
f 92 1128 975
f 975 316 788
f 11 92 975
f 975 788 11
f 853 1258 1124
f 1124 1032 853
f 539 900 1393
f 324 504 1085
f 1411 504 324
f 146 1411 324
f 1023 1411 900
f 1023 1037 1411
f 900 1121 1023
f 1121 1037 1023
f 1490 962 13
f 13 490 1490
f 1490 490 1372
f 746 522 550
f 550 1553 1501
f 550 522 1553
f 1501 1530 550
f 550 1530 823
f 823 962 550
f 958 666 303
f 1372 666 958
f 958 550 962
f 958 1490 1372
f 962 1490 958
f 746 550 958
f 958 303 855
f 855 746 958
f 1305 615 1468
f 1372 615 1305
f 114 991 595
f 823 1340 261
f 838 1436 13
f 13 21 838
f 838 21 1436
f 1372 490 631
f 672 1372 631
f 631 1436 672
f 13 1436 631
f 1016 869 1423
f 1423 987 1016
f 132 987 1423
f 1423 511 132
f 511 436 132
f 662 693 380
f 380 1100 662
f 511 932 1362
f 1362 436 511
f 611 505 947
f 969 247 928
f 928 1033 969
f 969 1033 786
f 786 1033 436
f 1190 662 448
f 662 1100 448
f 1165 480 1066
f 1066 1552 1165
f 823 1530 1455
f 1530 1499 1455
f 1172 137 35
f 35 137 664
f 35 1247 1172
f 664 1247 35
f 664 137 952
f 952 137 738
f 760 664 952
f 952 133 760
f 952 1313 133
f 738 1313 952
f 580 137 1172
f 1052 1456 580
f 580 545 1052
f 1456 738 580
f 738 137 580
f 1172 509 580
f 509 342 580
f 580 342 1326
f 1326 545 580
f 265 736 1027
f 270 1070 1027
f 1027 736 824
f 1027 824 101
f 889 265 315
f 265 1458 315
f 315 1070 889
f 315 1027 1070
f 1458 1027 315
f 1528 1132 470
f 704 1313 470
f 209 632 1345
f 1338 632 209
f 336 1338 209
f 1233 346 1088
f 1345 346 1233
f 1345 176 17
f 17 346 1345
f 17 176 1257
f 1257 346 17
f 95 461 1257
f 1257 82 95
f 95 82 461
f 1307 256 842
f 10 256 1307
f 1307 842 1427
f 1427 10 1307
f 1215 256 426
f 426 764 1215
f 764 932 1215
f 1300 461 1160
f 1160 932 1300
f 1514 422 1003
f 422 402 1003
f 1003 402 1080
f 1003 70 1514
f 1541 494 573
f 573 262 1541
f 90 1017 1280
f 90 1280 73
f 73 1334 90
f 172 48 100
f 100 1176 172
f 172 1176 270
f 270 1027 172
f 48 1221 139
f 100 48 139
f 139 1221 824
f 824 1017 139
f 386 242 100
f 100 196 386
f 386 196 128
f 128 70 386
f 1080 808 386
f 808 242 386
f 386 1003 1080
f 70 1003 386
f 156 161 1390
f 1390 161 1331
f 831 1433 1363
f 831 1507 1433
f 229 861 905
f 861 1137 905
f 233 1548 229
f 609 702 1360
f 1502 702 609
f 452 1038 612
f 513 941 294
f 294 202 513
f 941 38 294
f 294 38 645
f 645 919 294
f 294 467 202
f 756 1383 399
f 634 891 894
f 634 1418 891
f 894 777 634
f 777 1418 634
f 1055 892 896
f 896 110 1055
f 1055 110 1446
f 1329 78 164
f 164 328 1329
f 1404 258 6
f 6 250 1404
f 1251 1020 1084
f 1251 698 1020
f 1084 363 1251
f 1251 363 857
f 857 698 1251
f 1295 584 718
f 718 970 1295
f 925 76 166
f 166 1057 925
f 925 1057 76
f 1449 502 141
f 141 502 648
f 141 675 1449
f 1426 675 141
f 141 648 1426
f 200 491 648
f 200 486 555
f 555 491 200
f 761 193 737
f 1287 556 115
f 115 1550 1287
f 1550 1414 1287
f 1287 87 556
f 1287 761 87
f 1205 1212 445
f 445 719 1205
f 492 988 191
f 191 170 492
f 1263 423 524
f 927 345 739
f 739 1379 927
f 378 1424 857
f 291 1424 378
f 723 415 690
f 690 415 562
f 527 89 271
f 527 271 857
f 527 857 1475
f 527 690 89
f 723 690 527
f 1141 687 1539
f 1539 687 796
f 1539 333 1141
f 796 968 1539
f 968 333 1539
f 834 687 1358
f 806 687 834
f 1358 1076 834
f 834 157 806
f 834 1076 419
f 419 157 834
f 1396 796 806
f 806 968 1396
f 1396 968 796
f 968 1110 546
f 512 333 546
f 546 333 968
f 649 419 897
f 649 157 419
f 806 157 1210
f 1210 968 806
f 1210 1110 968
f 157 649 1210
f 879 635 1531
f 251 7 1149
f 1149 659 251
f 251 659 7
f 152 1270 712
f 1542 4 152
f 152 712 1542
f 4 1154 152
f 1154 1270 152
f 1470 1347 1369
f 1494 1347 1470
f 683 1473 695
f 695 1473 1359
f 456 289 1282
f 1282 392 456
f 456 45 289
f 782 368 421
f 421 1035 782
f 421 368 706
f 727 1203 1364
f 1203 111 1364
f 1339 94 772
f 1151 94 1339
f 1339 12 1151
f 1339 849 1304
f 1339 772 594
f 594 849 1339
f 406 1339 1304
f 12 1339 406
f 406 978 663
f 1491 955 1337
f 955 499 1337
f 1403 499 1227
f 1227 499 955
f 323 499 1403
f 874 853 1032
f 874 679 741
f 1459 1393 900
f 1498 533 44
f 741 533 1498
f 1156 1498 44
f 44 1032 1156
f 1032 1114 1156
f 913 533 741
f 741 679 913
f 114 595 1471
f 1471 594 114
f 1463 132 436
f 598 436 601
f 598 380 436
f 1365 932 1306
f 1365 1362 932
f 1118 1266 611
f 611 947 1118
f 623 600 978
f 106 600 623
f 623 1499 106
f 623 1455 1499
f 1062 407 68
f 735 1062 68
f 1534 1458 265
f 265 1027 1534
f 1534 1027 1458
f 1075 470 1132
f 1075 1132 270
f 461 256 1448
f 1448 1160 461
f 256 1215 1448
f 1448 1215 932
f 932 1160 1448
f 100 139 75
f 75 196 100
f 1017 90 75
f 75 139 1017
f 1334 196 75
f 75 90 1334
f 540 1336 229
f 229 905 540
f 1137 422 554
f 554 905 1137
f 229 1336 908
f 908 233 229
f 1026 1465 1284
f 1502 1465 1026
f 1234 1502 1026
f 612 1038 295
f 1232 998 295
f 883 716 756
f 756 399 883
f 1020 250 344
f 250 6 344
f 344 6 258
f 344 258 820
f 820 1020 344
f 1425 648 486
f 486 200 1425
f 1425 200 648
f 193 761 1408
f 761 1287 1408
f 524 748 58
f 58 748 19
f 58 1263 524
f 19 748 1421
f 1421 748 1127
f 1421 1127 890
f 204 731 1181
f 1181 863 204
f 204 863 512
f 731 546 1244
f 1067 731 1244
f 96 546 1110
f 1067 1244 96
f 96 1244 546
f 897 655 268
f 268 649 897
f 1110 1210 814
f 814 1210 649
f 635 879 1130
f 1130 879 1110
f 1110 879 607
f 1067 96 607
f 607 96 1110
f 1035 421 454
f 782 1035 1273
f 1273 1203 782
f 1035 454 1273
f 1273 454 273
f 167 421 706
f 888 454 167
f 167 454 421
f 272 1151 1269
f 1269 406 272
f 517 406 663
f 517 663 1320
f 1320 531 517
f 94 179 1051
f 1051 382 669
f 669 94 1051
f 1416 382 1051
f 1161 179 94
f 1161 94 1151
f 1161 531 1416
f 1416 1051 1161
f 1161 1051 179
f 1161 517 531
f 406 517 1161
f 272 406 1161
f 1170 1403 758
f 1170 323 1403
f 741 654 821
f 821 874 741
f 900 383 878
f 878 1459 900
f 1498 1156 1201
f 537 1114 539
f 537 1156 1114
f 539 1393 537
f 1393 1459 537
f 865 812 13
f 13 1471 865
f 865 1471 595
f 865 991 812
f 865 595 991
f 1218 261 1340
f 594 1471 1551
f 1551 1304 594
f 978 406 1551
f 1551 406 1304
f 1551 623 978
f 132 1463 113
f 705 1176 704
f 704 470 705
f 470 1075 705
f 42 1026 1325
f 1325 1026 1284
f 42 997 542
f 612 42 542
f 542 452 612
f 1232 295 1230
f 1038 452 466
f 466 765 639
f 467 294 25
f 25 689 467
f 1106 851 774
f 612 295 1309
f 495 546 731
f 731 204 495
f 512 546 495
f 495 204 512
f 284 379 1067
f 1067 607 284
f 951 454 888
f 273 454 951
f 1151 12 178
f 178 1269 1151
f 853 874 1461
f 874 821 1461
f 1441 1201 383
f 1441 383 741
f 1498 1201 1441
f 395 1471 13
f 395 1218 1471
f 261 1218 395
f 13 962 395
f 395 962 823
f 823 261 395
f 1455 623 1299
f 1299 1218 1340
f 1299 1340 823
f 823 1455 1299
f 1471 1218 725
f 725 1551 1471
f 1218 1299 725
f 623 1551 725
f 725 1299 623
f 987 132 1487
f 132 113 1487
f 1415 1463 436
f 436 390 1415
f 959 390 436
f 1266 1118 959
f 56 68 407
f 311 407 612
f 311 1346 407
f 311 399 1383
f 311 1309 399
f 612 1309 311
f 918 997 42
f 42 1325 918
f 1242 1230 636
f 636 1230 295
f 1242 103 431
f 431 1230 1242
f 948 466 452
f 765 466 948
f 1527 312 919
f 1527 919 645
f 645 639 1527
f 639 765 1527
f 372 1223 990
f 1223 1188 990
f 313 1188 1223
f 542 1188 313
f 452 542 313
f 411 1106 774
f 689 1106 411
f 774 467 411
f 467 689 411
f 1173 1106 689
f 689 25 1173
f 1173 294 919
f 1173 25 294
f 706 203 69
f 1272 589 1142
f 1142 589 273
f 273 951 1142
f 1142 54 305
f 951 69 1142
f 1142 429 1272
f 305 429 1142
f 1142 1182 54
f 1142 69 1182
f 309 1273 273
f 273 589 309
f 309 111 1203
f 1203 1273 309
f 309 1364 111
f 309 589 1272
f 727 1364 309
f 1272 727 309
f 418 959 1118
f 390 959 418
f 436 380 400
f 400 959 436
f 400 380 693
f 407 1346 1453
f 1453 56 407
f 1554 1223 372
f 560 371 372
f 1167 295 998
f 1167 171 295
f 981 1309 295
f 295 171 981
f 888 167 1111
f 1111 167 706
f 1164 203 500
f 1164 69 203
f 500 507 1164
f 507 1182 1164
f 1182 69 1164
f 1510 69 951
f 1510 951 888
f 706 69 1510
f 888 1111 1510
f 1510 1111 706
f 372 371 1506
f 1506 1554 372
f 1240 560 372
f 372 919 1240
f 919 312 1240
f 388 1202 1222
f 1140 1202 388
f 1222 1469 388
f 684 1443 239
f 420 214 684
f 1150 1443 684
f 239 1420 684
f 684 1420 420
f 341 876 506
f 506 1008 341
f 341 1237 876
f 1352 1237 341
f 341 1046 1352
f 236 1046 341
f 558 665 1495
f 1495 835 558
f 1495 1417 148
f 1495 665 1417
f 1297 30 459
f 464 1297 459
f 484 93 131
f 484 1483 1145
f 131 159 484
f 159 1483 484
f 1166 281 1039
f 1039 755 1166
f 845 353 1039
f 1039 281 787
f 1039 391 130
f 1039 1518 845
f 353 755 1039
f 747 198 1039
f 787 836 1039
f 198 1518 1039
f 836 391 1039
f 130 651 1039
f 826 561 65
f 63 241 826
f 65 63 826
f 826 1116 561
f 1128 1435 826
f 826 241 1128
f 1136 1169 602
f 602 872 1136
f 872 909 1136
f 1136 1198 1169
f 650 293 902
f 902 283 650
f 438 283 902
f 293 564 902
f 902 314 438
f 1180 1388 321
f 321 142 1180
f 1180 210 285
f 285 1388 1180
f 394 1517 269
f 73 86 269
f 269 86 1006
f 1006 394 269
f 994 450 1523
f 1546 994 1523
f 1523 450 815
f 538 1281 370
f 370 288 538
f 538 288 1460
f 680 1281 538
f 1193 433 469
f 469 724 1193
f 469 274 917
f 469 917 724
f 433 377 469
f 469 377 444
f 1476 1357 192
f 192 1357 1246
f 325 809 286
f 935 1187 325
f 104 14 325
f 286 732 325
f 325 1187 1208
f 325 732 104
f 1208 809 325
f 1395 74 52
f 52 1000 785
f 52 1407 1395
f 785 856 52
f 856 1407 52
f 52 74 485
f 1007 412 497
f 497 55 1007
f 1137 1228 547
f 824 736 300
f 805 220 1117
f 1117 220 1174
f 1174 91 1117
f 1117 770 805
f 1249 477 858
f 858 477 678
f 520 699 565
f 565 578 520
f 578 1277 520
f 1157 625 629
f 1157 629 619
f 619 1241 1157
f 1157 1241 1147
f 1292 189 2
f 1292 2 751
f 1545 616 653
f 1545 776 1231
f 1545 643 575
f 1231 643 1545
f 575 616 1545
f 358 393 1077
f 829 358 1077
f 1214 557 229
f 931 1323 488
f 488 292 931
f 1029 848 931
f 931 292 115
f 848 1323 931
f 1454 1511 287
f 1041 1454 287
f 899 1081 866
f 866 1429 899
f 899 1437 1081
f 899 686 211
f 1429 686 899
f 579 610 927
f 927 728 177
f 927 364 585
f 177 967 927
f 927 322 763
f 763 364 927
f 610 728 927
f 967 322 927
f 720 709 571
f 571 61 720
f 360 709 720
f 27 711 964
f 964 158 27
f 409 1293 1089
f 671 1293 409
f 1089 1099 409
f 409 1072 624
f 34 1072 409
f 409 1099 34
f 409 1330 671
f 621 1096 1152
f 1152 830 621
f 1152 1096 1445
f 155 1409 642
f 642 1481 155
f 1355 1358 1444
f 1355 703 1488
f 1444 124 1355
f 1488 903 1355
f 1355 124 1482
f 1355 1076 1358
f 1355 903 1076
f 253 338 340
f 1238 472 340
f 340 1048 253
f 340 338 694
f 340 302 1238
f 1410 1322 340
f 340 1321 1410
f 1322 302 340
f 340 472 1048
f 694 912 340
f 1327 1260 267
f 1327 1144 1440
f 1440 1260 1327
f 267 296 1327
f 1327 296 1500
f 504 219 942
f 504 942 1179
f 1411 219 504
f 1108 811 867
f 867 811 775
f 1412 934 846
f 973 299 846
f 846 1314 1412
f 846 299 224
f 224 1314 846
f 129 447 1066
f 129 1066 960
f 1220 778 632
f 632 859 563
f 778 859 632
f 632 1338 1220
f 995 1129 187
f 187 1279 995
f 1541 1129 995
f 440 1131 1349
f 259 591 1486
f 1486 599 259
f 259 1253 591
f 161 165 327
f 161 1278 165
f 161 1319 1239
f 161 1239 1278
f 1302 1406 207
f 207 1209 1302
f 1406 451 207
f 451 622 207
f 1288 1387 231
f 1509 387 1288
f 1288 559 1509
f 231 510 1288
f 961 559 1288
f 1288 881 961
f 1288 1001 1276
f 1288 510 881
f 1288 702 1387
f 1288 387 1001
f 515 1119 1068
f 1068 277 515
f 1068 1119 604
f 441 474 246
f 441 246 1522
f 88 474 441
f 213 154 66
f 66 1015 1063
f 66 817 213
f 154 944 66
f 1063 999 66
f 66 999 410
f 410 817 66
f 366 1537 1341
f 1353 366 1341
f 1341 1537 72
f 1341 1516 1353
f 1074 1516 1341
f 906 895 201
f 201 1177 906
f 982 895 906
f 794 107 308
f 804 107 794
f 308 24 794
f 1413 349 687
f 687 413 1413
f 349 862 687
f 1141 413 687
f 687 566 280
f 687 862 566
f 957 1477 443
f 1556 1236 957
f 957 1236 1477
f 521 374 685
f 685 188 521
f 685 374 1547
f 1547 715 685
f 1291 1318 1274
f 1521 873 1274
f 873 463 1274
f 1274 1318 1521
f 184 1291 1274
f 463 1485 1274
f 1347 1317 1189
f 126 875 1347
f 1185 1105 1347
f 1189 977 1347
f 1347 120 1185
f 875 120 1347
f 1105 1317 1347
f 652 795 1061
f 652 1061 432
f 652 1235 465
f 465 795 652
f 334 1235 652
f 652 1473 334
f 802 1473 652
f 1282 289 1178
f 1178 1053 633
f 1178 1377 1053
f 1178 289 1377
f 381 57 279
f 605 553 381
f 279 18 381
f 381 553 57
f 64 237 381
f 381 1014 605
f 237 1014 381
f 1224 1104 771
f 771 854 1224
f 347 854 771
f 771 992 825
f 771 825 347
f 771 1104 20
f 771 356 992
f 20 226 771
f 226 618 771
f 1335 986 462
f 757 626 462
f 462 135 757
f 462 986 135
f 626 1042 462
f 324 1095 146
f 230 1004 324
f 324 290 230
f 324 1004 1095
f 1085 290 324
f 1305 666 1372
f 1468 666 1305
f 631 490 13
f 331 1033 928
f 247 331 928
f 1044 971 1165
f 1165 971 480
f 1165 1552 1044
f 470 924 1052
f 1052 62 470
f 470 1313 924
f 470 62 1528
f 1233 1200 336
f 1088 1200 1233
f 336 209 1233
f 1233 209 1345
f 36 613 573
f 573 494 36
f 613 262 573
f 172 1221 48
f 101 1221 172
f 172 1027 101
f 1344 1557 1390
f 1390 1331 1344
f 1390 1557 156
f 647 1507 831
f 1363 647 831
f 861 584 1295
f 801 861 1295
f 1295 1082 801
f 1295 970 843
f 843 1082 1295
f 761 1040 556
f 737 357 761
f 761 921 1040
f 556 87 761
f 761 357 921
f 1205 51 1126
f 1126 498 1205
f 1205 498 803
f 803 1212 1205
f 1205 719 51
f 191 1097 183
f 183 1384 191
f 1384 1380 191
f 1380 23 191
f 191 988 1097
f 23 170 191
f 524 78 748
f 16 929 748
f 748 929 710
f 748 762 16
f 748 777 762
f 78 1329 748
f 710 1127 748
f 748 328 777
f 748 1329 328
f 1439 1379 378
f 378 739 345
f 378 1018 1439
f 857 363 378
f 378 345 911
f 911 291 378
f 378 363 1084
f 1084 1143 378
f 378 1143 1018
f 1379 739 378
f 993 80 690
f 80 271 690
f 690 641 993
f 562 641 690
f 271 89 690
f 1475 700 527
f 527 700 348
f 740 234 527
f 527 116 740
f 234 415 527
f 527 1424 116
f 348 1424 527
f 527 415 723
f 1470 1369 1484
f 1484 1211 1470
f 1470 1211 552
f 552 1146 1470
f 1470 1146 1342
f 1342 1494 1470
f 695 1359 1472
f 695 793 683
f 1472 793 695
f 456 392 1348
f 456 1348 884
f 884 45 456
f 44 533 913
f 913 1032 44
f 913 874 1032
f 679 874 913
f 37 232 598
f 598 601 37
f 232 263 598
f 598 263 1391
f 598 1391 1190
f 1190 448 598
f 1100 380 598
f 598 448 1100
f 1365 1306 969
f 969 786 1365
f 436 1362 1365
f 1365 786 436
f 1514 84 908
f 908 422 1514
f 1336 540 908
f 908 84 1548
f 1548 233 908
f 908 554 422
f 908 540 905
f 905 554 908
f 525 1159 1026
f 1026 1159 1234
f 612 407 1026
f 1026 1062 525
f 1026 407 1062
f 1026 42 612
f 1408 1287 1414
f 1408 1414 193
f 423 1263 1421
f 1421 890 1403
f 1403 1227 1421
f 1421 955 423
f 1421 58 19
f 1421 1227 955
f 1263 58 1421
f 1130 655 478
f 478 635 1130
f 1130 268 655
f 1110 814 1130
f 649 268 1130
f 1130 814 649
f 1161 1151 272
f 758 717 1170
f 1170 222 1065
f 1170 717 222
f 1065 110 1170
f 1170 896 1491
f 1170 110 896
f 1491 1337 1170
f 1170 1337 499
f 499 323 1170
f 537 1201 1156
f 537 878 383
f 383 1201 537
f 1459 878 537
f 705 1075 270
f 270 1176 705
f 284 879 1531
f 1531 379 284
f 284 607 879
f 406 1269 178
f 12 406 178
f 1258 853 1461
f 1461 654 1258
f 1461 821 654
f 741 1498 1441
f 636 639 645
f 1038 466 636
f 645 38 636
f 636 38 1242
f 636 295 1038
f 636 466 639
f 891 1232 431
f 431 103 891
f 1232 1230 431
f 990 609 1360
f 990 1526 372
f 1360 1526 990
f 997 918 990
f 990 1465 1502
f 1502 609 990
f 1284 1465 990
f 990 1325 1284
f 990 1188 542
f 990 542 997
f 990 918 1325
f 851 1106 1173
f 1173 919 1394
f 254 1045 1173
f 1045 851 1173
f 1173 1394 254
f 987 1487 418
f 418 505 869
f 869 1016 418
f 418 947 505
f 418 1016 987
f 418 1118 947
f 418 113 1463
f 1463 1415 418
f 418 1487 113
f 418 1415 390
f 886 611 400
f 400 693 662
f 400 833 886
f 400 662 833
f 611 1266 400
f 1266 959 400
f 1453 756 922
f 922 735 1453
f 1453 1383 756
f 735 68 1453
f 68 56 1453
f 1453 311 1383
f 1346 311 1453
f 750 892 981
f 1446 716 981
f 399 1309 981
f 981 998 750
f 716 883 981
f 981 883 399
f 981 1055 1446
f 892 1055 981
f 981 1167 998
f 171 1167 981
f 452 313 1240
f 1240 948 452
f 1240 1527 765
f 765 948 1240
f 312 1527 1240
f 1223 1554 1240
f 1240 313 1223
f 1240 1506 371
f 371 560 1240
f 1554 1506 1240

