# https://github.com/mikedh/trimesh
v 0.03318657 0.02836879 -0.01103629
v 0.04302393 0.02881641 -0.00847639
v 0.00000006 0.02448857 -0.00165726
v 0.00053162 0.02944270 -0.00453215
v 0.00877682 0.01019824 -0.02823611
v 0.04217246 0.02719960 -0.01296599
v 0.03772887 0.02965183 -0.00694882
v 0.03162478 0.03037628 -0.00263664
v 0.00123318 0.02777453 -0.01232115
v 0.04722147 0.02660274 -0.01156769
v 0.00182103 0.01381147 -0.02673384
v 0.04433053 0.02966776 -0.00252515
v 0.00150010 0.00057214 -0.00009061
v 0.00005445 0.02500304 -0.01483892
v 0.03053508 0.02891990 -0.00958467
v 0.04689137 0.02485854 -0.01510234
v 0.03019824 0.02761591 -0.01282151
v 0.04288275 0.02980127 -0.00394104
v 0.04182113 0.02984896 -0.00465939
v 0.00267369 0.02989624 -0.00594205
v 0.00018688 0.00909044 -0.02773029
v 0.04264750 0.02947225 -0.00617346
v 0.00295624 0.02396810 -0.01867929
v 0.00746191 0.01679261 -0.02507587
v 0.04505313 0.02716147 -0.01179479
v 0.00205891 0.01823917 -0.02410506
v 0.04492821 0.02887381 -0.00675042
v 0.00000018 0.01242302 -0.02549071
v 0.04744396 0.02564445 -0.01337121
v 0.00500962 0.02056232 -0.02226135
v 0.00281325 0.00650865 -0.02928061
v 0.02729192 0.02986062 -0.00613057
v 0.00953734 0.02210625 -0.02079221
v 0.04850605 0.02645227 -0.01077628
v 0.04875045 0.02544690 -0.01275095
v 0.00007433 0.00223121 -0.02897823
v 0.00000002 0.01968162 -0.01237320
v 0.00000007 0.02170256 -0.01173122
v 0.04496418 0.02806755 -0.00952632
v 0.00134076 0.01636313 -0.02532343
v 0.04649586 0.02903189 -0.00342795
v 0.00703671 0.02964234 -0.00709732
v 0.00157821 0.02861054 -0.01040188
v 0.00000019 0.02862400 -0.00211495
v 0.00091012 0.02450461 -0.01762410
v 0.00827409 0.00345544 -0.02979762
v 0.04974638 0.02410883 -0.01360698
v 0.00532398 0.00339230 -0.02980574
v 0.00292896 0.03038117 -0.00259834
v 0.00003477 0.02363609 -0.01686748
v 0.04872218 0.02668738 -0.00997114
v 0.00186039 0.01192263 -0.02758442
v 0.04435879 0.02909346 -0.00639309
v 0.04249600 0.02994455 -0.00325564
v 0.04270598 0.02786215 -0.01134170
v 0.00000002 0.02032061 -0.01107313
v 0.00726715 0.01043689 -0.02815766
v 0.02904348 0.02810939 -0.01172027
v 0.04321389 0.02978672 -0.00355965
v 0.00376059 0.01040884 -0.02816675
v 0.00244294 0.02899710 -0.00934967
v 0.00000007 0.02301291 -0.00960970
v 0.00132302 0.02113391 -0.02171087
v 0.00057637 0.02230766 -0.01972040
v 0.03832216 0.03024042 -0.00333015
v 0.00586736 0.01674004 -0.02510874
v 0.04494395 0.02777929 -0.01035472
v 0.04916283 0.02763292 -0.00618177
v 0.04923210 0.02753470 -0.00648665
v 0.00141739 0.00132830 -0.02996199
v 0.00123671 0.02893031 -0.00941477
v 0.03331623 0.02989665 -0.00594172
v 0.04226122 0.02544371 -0.01610101
v 0.04853760 0.02780054 -0.00655943
v 0.00861737 0.00616929 -0.02934715
v 0.04482586 0.02963314 -0.00008173
v 0.04546480 0.02839966 -0.00806527
v 0.04309009 0.02616768 -0.01466318
v 0.00988663 0.02893782 -0.00953781
v 0.00297943 0.03011665 -0.00474050
v 0.04011166 0.03005137 -0.00422517
v 0.00135481 0.00791604 -0.02892694
v 0.04814718 0.02545237 -0.01321980
v 0.01051627 0.03019497 -0.00411354
v 0.00112772 0.01644322 -0.02521868
v 0.00442628 0.02709115 -0.01387692
v 0.04271143 0.02954538 -0.00576213
v 0.00000016 0.02251466 -0.01642211
v 0.00845720 0.00027705 -0.02999189
v 0.04081465 0.02983946 -0.00530583
v 0.00954452 0.02151619 -0.02137478
v 0.04851872 0.02490266 -0.01394358
v 0.01000012 0.00028413 -0.02843283
v 0.04571569 0.02615279 -0.01350558
v 0.00158295 0.02679295 -0.01439833
v 0.00634075 0.02769016 -0.01265574
v 0.04097749 0.02878354 -0.00942256
v 0.03813203 0.02570156 -0.01626440
v 0.00000001 0.00910959 -0.02075118
v 0.00000020 0.01973853 -0.02122751
v 0.03438898 0.03010066 -0.00480128
v 0.00541856 0.03038396 -0.00257072
v 0.00000016 0.02634870 -0.00823370
v 0.04967326 0.02516163 -0.01250782
v 0.00000511 0.01303676 -0.02589849
v 0.03324311 0.03013019 -0.00461814
v 0.00618440 0.01347372 -0.02689846
v 0.03642053 0.02999183 -0.00532464
v 0.04579041 0.02301877 -0.01617630
v 0.04782666 0.02865190 -0.00300606
v 0.00120677 0.00678567 -0.02919629
v 0.00044739 0.02665312 -0.01296138
v 0.04825541 0.02575378 -0.01254832
v 0.00098197 0.02975639 -0.00568326
v 0.04823453 0.02393551 -0.01478876
v 0.00067530 0.02202329 -0.02024463
v 0.04426676 0.02864520 -0.00821940
v 0.04799544 0.02454965 -0.01492505
v 0.00805848 0.02178201 -0.02111972
v 0.00000001 0.00745722 -0.02144818
v 0.04992363 0.02685919 -0.00792026
v 0.04716683 0.02494474 -0.01479678
v 0.00112869 0.00479238 -0.02956116
v 0.00035654 0.02068930 -0.02097860
v 0.04538632 0.02542854 -0.01497209
v 0.00000010 0.02485010 -0.00725171
v 0.04745178 0.02795516 -0.00747301
v 0.00257136 0.02183263 -0.02107045
v 0.00889782 0.01601391 -0.02553698
v 0.02738268 0.03047870 -0.00040341
v 0.04957652 0.02546142 -0.01197337
v 0.03219841 0.02952197 -0.00752325
v 0.00000007 0.01889558 -0.01599087
v 0.03821263 0.02868775 -0.01013925
v 0.04235790 0.02965395 -0.00541092
v 0.04262063 0.03005068 -0.00058098
v 0.00512933 0.01033515 -0.02819324
v 0.00000019 0.02165327 -0.01885832
v 0.00798003 0.00000708 -0.02999979
v 0.04385400 0.02537161 -0.01572220
v 0.00000001 0.01681824 -0.01534898
v 0.00000019 0.02347434 -0.01677585
v 0.04505416 0.02539011 -0.01520066
v 0.04591712 0.02910746 -0.00418971
v 0.00868746 0.01953731 -0.02311966
v 0.00000018 0.02154739 -0.01840139
v 0.03343829 0.02934099 -0.00814673
v 0.00051514 0.01164624 -0.02714518
v 0.00093129 0.01806643 -0.02403011
v 0.00793367 0.00706407 -0.02915870
v 0.00096174 0.02663601 -0.01432412
v 0.04467774 0.02720079 -0.01192993
v 0.00079416 0.00136054 -0.02974286
v 0.00761944 0.01303221 -0.02710115
v 0.00064388 0.02923066 -0.00650654
v 0.00122652 0.00817338 -0.02884448
v 0.00000001 0.02249377 -0.00300527
v 0.03828056 0.03012245 -0.00437669
v 0.00334883 0.01042635 -0.02815983
v 0.00000019 0.01710756 -0.02324330
v 0.04989262 0.02655857 -0.00892663
v 0.04961054 0.02645162 -0.00958307
v 0.00000005 0.02411108 -0.00143173
v 0.00546358 0.00482658 -0.02960707
v 0.00829869 0.00028052 -0.02999183
v 0.00185470 0.02705237 -0.01394625
v 0.04343882 0.02933283 -0.00614607
v 0.00000008 0.02471723 -0.00493079
v 0.00052034 0.02975966 -0.00077716
v 0.00629238 0.02223876 -0.02065683
v 0.00179185 0.01425044 -0.02650852
v 0.04290126 0.02820081 -0.01038565
v 0.04410041 0.02670602 -0.01326143
v 0.04720587 0.02869042 -0.00438594
v 0.00272539 0.03038987 -0.00249884
v 0.00000019 0.02716200 -0.00876960
v 0.04369718 0.02595582 -0.01482244
v 0.04900508 0.02634846 -0.01052826
v 0.00107461 0.00348574 -0.02973356
v 0.00085928 0.02852075 -0.00990184
v 0.00000015 0.02629219 -0.00807010
v 0.03306911 0.03038584 -0.00251282
v 0.00000006 0.02416883 -0.00291992
v 0.03549026 0.02735120 -0.01335533
v 0.00056896 0.01031321 -0.02772227
v 0.00122642 0.02280842 -0.01996294
v 0.04518096 0.02761563 -0.01060751
v 0.03969885 0.02493819 -0.01727229
v 0.00775652 0.00879377 -0.02869446
v 0.00000005 0.02238040 -0.00893889
v 0.04982539 0.02634529 -0.00155455
v 0.04592194 0.02726718 -0.01098382
v 0.00819918 0.00532759 -0.02952154
v 0.00148060 0.01594523 -0.02557855
v 0.04205619 0.03006398 -0.00229781
v 0.04259140 0.02993334 -0.00326270
v 0.03895486 0.03005919 -0.00464697
v 0.00109324 0.02861046 -0.01010576
v 0.00129037 0.02832217 -0.01107874
v 0.00019371 0.02640581 -0.01263014
v 0.00000000 0.00002524 -0.01019555
v 0.00002173 0.00116528 -0.02899403
v 0.04697789 0.02741498 -0.00972379
v 0.00361038 0.01927395 -0.02333023
v 0.00000016 0.02392999 -0.01383847
v 0.04384121 0.02708007 -0.01260849
v 0.04442555 0.02712765 -0.01221840
v 0.00000004 0.01227383 -0.02036674
v 0.00869520 0.00172698 -0.02994869
v 0.00435552 0.00480021 -0.02961029
v 0.00819989 0.01895896 -0.02357378
v 0.00321995 0.01510893 -0.02606546
v 0.00312218 0.03013306 -0.00461775
v 0.00298860 0.02753061 -0.01299394
v 0.04268627 0.02642423 -0.01433570
v 0.04029251 0.02663028 -0.01451120
v 0.00157849 0.02547816 -0.01657085
v 0.04764214 0.02658577 -0.01125817
v 0.02839164 0.03047851 -0.00040340
v 0.00045400 0.02669497 -0.01289580
v 0.04840439 0.02746514 -0.00799967
v 0.03976052 0.03035084 -0.00002630
v 0.00000016 0.01183056 -0.02505173
v 0.00176911 0.00309310 -0.02983476
v 0.00364219 0.00361187 -0.02977628
v 0.04885193 0.02778619 -0.00606512
v 0.00122866 0.02974138 -0.00635600
v 0.00754625 0.02811118 -0.01171671
v 0.04615067 0.02517239 -0.01501538
v 0.04508397 0.02800794 -0.00960954
v 0.00125274 0.02415582 -0.01836798
v 0.04361614 0.02744263 -0.01191368
v 0.04351367 0.02629629 -0.01427811
v 0.00000001 0.01317869 -0.01849785
v 0.00129427 0.01815406 -0.02414359
v 0.00139690 0.03006150 -0.00496053
v 0.00246552 0.00515894 -0.02955076
v 0.00148664 0.03044829 -0.00112155
v 0.00071199 0.02874337 -0.00873862
v 0.04212108 0.02934936 -0.00700247
v 0.00692783 0.01565696 -0.02575095
v 0.04617614 0.02876009 -0.00578117
v 0.03917783 0.02717107 -0.01360217
v 0.00690460 0.00177632 -0.02994662
v 0.01469517 0.02435816 -0.01818114
v 0.00426178 0.02234050 -0.02054997
v 0.00038605 0.01333060 -0.02622531
v 0.04095094 0.02782870 -0.01192921
v 0.00000017 0.02754325 -0.00435074
v 0.00000007 0.02404672 -0.00555720
v 0.03546054 0.02921840 -0.00854031
v 0.00779905 0.01698676 -0.02495180
v 0.00867542 0.00188482 -0.02993767
v 0.03887130 0.02717433 -0.01362407
v 0.01028036 0.02272604 -0.02013798
v 0.04387968 0.02820039 -0.00986390
v 0.00103719 0.01692988 -0.02486717
v 0.03768939 0.02892221 -0.00952272
v 0.04311493 0.02985993 -0.00296017
v 0.04312387 0.02606704 -0.01483134
v 0.00000018 0.02832508 -0.00006184
v 0.04090157 0.02805233 -0.01142330
v 0.00082787 0.00001029 -0.02980811
v 0.04041674 0.02885523 -0.00940465
v 0.04189368 0.02600667 -0.01526962
v 0.04381904 0.02874861 -0.00820623
v 0.00000016 0.01993931 -0.01908602
v 0.04695021 0.02843234 -0.00619915
v 0.03892266 0.02959511 -0.00705590
v 0.04998828 0.02618118 -0.00275037
v 0.04401319 0.02544583 -0.01554435
v 0.00563476 0.02381721 -0.01886476
v 0.04638553 0.02765624 -0.00957414
v 0.00754920 0.02814222 -0.01163718
v 0.00090354 0.02705120 -0.01345016
v 0.00000001 0.01681738 -0.01520998
v 0.00299581 0.03049412 -0.00000373
v 0.04705749 0.02650261 -0.01190974
v 0.00120216 0.02994330 -0.00530784
v 0.00549949 0.02823298 -0.01139837
v 0.04233720 0.02607231 -0.01505652
v 0.04546550 0.02582018 -0.01425542
v 0.00377902 0.00016871 -0.02999516
v 0.04528631 0.02801601 -0.00942926
v 0.00142130 0.00726186 -0.02910244
v 0.04487765 0.02861744 -0.00781182
v 0.00000001 0.02054481 -0.00980795
v 0.00091523 0.02750133 -0.01251511
v 0.00275548 0.01214868 -0.02749060
v 0.03828020 0.02993814 -0.00549461
v 0.00758458 0.02171389 -0.02118520
v 0.03061037 0.02960736 -0.00722875
v 0.04765535 0.02457019 -0.01510553
v 0.03844234 0.02803102 -0.01183439
v 0.04841628 0.02755855 -0.00764677
v 0.00000020 0.02889957 -0.00213808
v 0.00000009 0.02477867 -0.00581902
v 0.00448787 0.01140321 -0.02778512
v 0.04362673 0.02948389 -0.00521938
v 0.00000019 0.02266460 -0.01774790
v 0.00146694 0.01068044 -0.02806133
v 0.04977546 0.02611238 -0.01027397
v 0.00107200 0.02518016 -0.01681903
v 0.00171232 0.01225536 -0.02744178
v 0.00232234 0.00696235 -0.02918106
v 0.02927382 0.02984635 -0.00619391
v 0.04926950 0.02657260 -0.00966492
v 0.00000007 0.02466495 -0.00333656
v 0.00007214 0.01572533 -0.02446509
v 0.04827581 0.02854680 -0.00230616
v 0.04767831 0.02681370 -0.01066530
v 0.04020367 0.02881378 -0.00954591
v 0.03537151 0.02996262 -0.00551820
v 0.00150137 0.00675862 -0.02922948
v 0.04242753 0.03002935 -0.00216447
v 0.00039508 0.02717707 -0.01165708
v 0.04280291 0.02844569 -0.00974297
v 0.00325852 0.02451159 -0.01797540
v 0.04446319 0.02955787 -0.00349449
v 0.04273403 0.02682606 -0.01357030
v 0.04391796 0.02976877 -0.00212772
v 0.04631507 0.02442352 -0.01595461
v 0.03183942 0.02983745 -0.00623302
v 0.04612191 0.02838328 -0.00744062
v 0.03798311 0.03035720 -0.00212024
v 0.00051610 0.02754157 -0.01124448
v 0.04894236 0.02829848 -0.00215219
v 0.00747298 0.01296694 -0.02713021
v 0.04124032 0.02475152 -0.01732858
v 0.00792026 0.01215518 -0.02748877
v 0.02467092 0.03038893 -0.00250832
v 0.04717446 0.02814282 -0.00711154
v 0.00000019 0.02829876 -0.00425734
v 0.00823851 0.01174450 -0.02765145
v 0.04068821 0.02969596 -0.00609810
v 0.04147985 0.02464787 -0.01743667
v 0.04303234 0.02549168 -0.01581566
v 0.00840128 0.00673496 -0.02922962
v 0.00000000 0.01931224 -0.01168364
v 0.00212049 0.02832526 -0.01115488
v 0.03783313 0.02995642 -0.00542768
v 0.00514870 0.00950469 -0.02846442
v 0.04615810 0.02794209 -0.00892531
v 0.00000018 0.02843715 -0.00175707
v 0.04530078 0.02547366 -0.01493736
v 0.00842999 0.01159158 -0.02771071
v 0.04957151 0.02717543 -0.00737541
v 0.04024866 0.03017049 -0.00306834
v 0.00058788 0.02125625 -0.02085021
v 0.03689750 0.03044551 -0.00014230
v 0.03771144 0.03008007 -0.00478135
v 0.00038742 0.02709673 -0.01181553
v 0.00435403 0.02817501 -0.01155132
v 0.00000000 0.02259702 -0.00052713
v 0.04739842 0.02874968 -0.00341721
v 0.00036443 0.01817517 -0.02316808
v 0.02704192 0.02761005 -0.01283449
v 0.04530582 0.02625306 -0.01353958
v 0.00000004 0.02019484 -0.01285911
v 0.04417127 0.02500826 -0.01616938
v 0.00101755 0.00413104 -0.02961758
v 0.04410650 0.02782531 -0.01074579
v 0.04102605 0.02696012 -0.01376422
v 0.04842020 0.02523470 -0.01342836
v 0.04204858 0.02438399 -0.01753336
v 0.04468984 0.02921406 -0.00545029
v 0.01578701 0.03044527 -0.00127371
v 0.03393540 0.02985745 -0.00612227
v 0.00000019 0.02787735 -0.00637029
v 0.04990151 0.02789382 -0.00246631
v 0.03347312 0.03018730 -0.00415176
v 0.04733528 0.02894005 -0.00008194
v 0.00000020 0.02740080 -0.00919973
v 0.03725315 0.02943088 -0.00778178
v 0.04475316 0.02769102 -0.01070446
v 0.00039032 0.01336219 -0.02621467
v 0.00000016 0.01365380 -0.02428615
v 0.00000000 0.00029031 -0.02184143
v 0.00119822 0.00854352 -0.02873907
v 0.04850272 0.02708329 -0.00909726
v 0.00030157 0.02871998 -0.00648852
v 0.00088874 0.02939381 -0.00710713
v 0.04277512 0.02610607 -0.01488574
v 0.03840869 0.02891804 -0.00950310
v 0.00000000 0.00022927 -0.00502405
v 0.04596930 0.02795446 -0.00905282
v 0.00047357 0.02634656 -0.01365985
v 0.04632473 0.02724052 -0.01074674
v 0.04804765 0.02596757 -0.01229208
v 0.02925611 0.02963107 -0.00714359
v 0.00024608 0.02897395 -0.00474824
v 0.00621623 0.02248765 -0.02039306
v 0.00000017 0.01485901 -0.02362997
v 0.00712983 0.01535290 -0.02592772
v 0.00111666 0.03006584 -0.00439005
v 0.04981193 0.02796179 -0.00194114
v 0.00908390 0.02046103 -0.02235027
v 0.00083825 0.02949714 -0.00639115
v 0.00116149 0.02487491 -0.01733266
v 0.04809869 0.02852754 -0.00325048
v 0.00000018 0.01802923 -0.02177967
v 0.00121342 0.00563635 -0.02943586
v 0.00000020 0.02884455 -0.00089038
v 0.00193542 0.02405259 -0.01857195
v 0.00366105 0.01372567 -0.02677803
v 0.00135170 0.01252068 -0.02731818
v 0.04826529 0.02470423 -0.01447563
v 0.00034289 0.00889437 -0.02795832
v 0.00000007 0.01010018 -0.02247791
v 0.00971172 0.02773740 -0.01255063
v 0.04832107 0.02819692 -0.00505300
v 0.00002709 0.02441989 -0.01568313
v 0.00000306 0.02166157 -0.01926633
v 0.04046484 0.02460914 -0.01766606
v 0.00339082 0.01473388 -0.02626035
v 0.03834161 0.02826514 -0.01124389
v 0.00000001 0.02107122 -0.00875585
v 0.03360671 0.02968439 -0.00690370
v 0.04611932 0.02849417 -0.00701837
v 0.00342426 0.02892641 -0.00956807
v 0.00494522 0.00865169 -0.02873784
v 0.04690744 0.02663076 -0.01174880
v 0.00120467 0.01745868 -0.02458507
v 0.04427310 0.02849205 -0.00872376
v 0.04821929 0.02854069 -0.00262024
v 0.00088558 0.01019507 -0.02807286
v 0.00083383 0.02980821 -0.00481536
v 0.00131921 0.00422870 -0.02968247
v 0.00037006 0.01366387 -0.02603437
v 0.04310374 0.02579046 -0.01530338
v 0.00141470 0.02707120 -0.01390051
v 0.00066306 0.02892220 -0.00783881
v 0.00145776 0.01946473 -0.02317726
v 0.00000011 0.02599296 -0.00174983
v 0.00000019 0.01308818 -0.02561426
v 0.04647968 0.02520917 -0.01476868
v 0.04093520 0.02912852 -0.00828023
v 0.00089426 0.00969774 -0.02824089
v 0.00185117 0.02984212 -0.00621199
v 0.03385455 0.03037775 -0.00258235
v 0.04828644 0.02584308 -0.01234506
v 0.00000001 0.02202506 -0.00597340
v 0.01238987 0.02370560 -0.01900476
v 0.04029398 0.02826601 -0.01100104
v 0.01537532 0.02445098 -0.01805863
v 0.00141908 0.02041672 -0.02237100
v 0.04569555 0.02778251 -0.00980166
v 0.04781590 0.02817021 -0.00608522
v 0.00021969 0.00687842 -0.02838948
v 0.00903872 0.01175377 -0.02760459
v 0.00683881 0.02986821 -0.00609467
v 0.04518786 0.02947659 -0.00226204
v 0.00000001 0.01028269 -0.02025886
v 0.00159844 0.03045111 -0.00112256
v 0.04034772 0.02940451 -0.00752056
v 0.00000013 0.01941380 -0.01829881
v 0.00064895 0.02950870 -0.00518212
v 0.03822130 0.02876339 -0.00993778
v 0.00900866 0.01470286 -0.02626011
v 0.04491967 0.02831072 -0.00883182
v 0.00000018 0.02548671 -0.01283624
v 0.00210737 0.01513973 -0.02604651
v 0.02335946 0.02986256 -0.00612188
v 0.01392980 0.02779732 -0.01241730
v 0.00045869 0.01573262 -0.02498906
v 0.04798558 0.02762252 -0.00800398
v 0.02608105 0.02947827 -0.00767783
v 0.00120235 0.01654714 -0.02518310
v 0.03236550 0.02888727 -0.00967061
v 0.00595396 0.03015921 -0.00440479
v 0.00229355 0.01477792 -0.02623783
v 0.04559005 0.02876301 -0.00653355
v 0.00052011 0.01727403 -0.02406790
v 0.00147305 0.00489386 -0.02959292
v 0.03561898 0.03046509 -0.00004971
v 0.00982966 0.02370237 -0.01900838
v 0.00532369 0.03039507 -0.00243526
v 0.04764094 0.02819829 -0.00625624
v 0.03271176 0.03048104 -0.00031042
v 0.04415940 0.02550188 -0.01539590
v 0.04901019 0.02796847 -0.00476690
v 0.02809422 0.02982528 -0.00628726
v 0.00039363 0.01900849 -0.02255750
v 0.00000001 0.02204650 -0.00571642
v 0.00063231 0.01817453 -0.02359364
v 0.04161491 0.02559130 -0.01601454
v 0.04229339 0.02572838 -0.01564371
v 0.04259649 0.02765973 -0.01186275
v 0.00000000 0.01016301 -0.02007747
v 0.04214825 0.02813944 -0.01082596
v 0.04600854 0.02713667 -0.01123229
v 0.04802365 0.02424596 -0.01493108
v 0.00046875 0.02482606 -0.01621934
v 0.00039888 0.02606541 -0.01395113
v 0.02795506 0.02880525 -0.00988734
v 0.01922567 0.02810845 -0.01172371
v 0.03392528 0.02773822 -0.01254580
v 0.00092541 0.01092622 -0.02782384
v 0.00210059 0.00050365 -0.02998558
v 0.00120048 0.03009280 -0.00445743
v 0.04661799 0.02545493 -0.01425552
v 0.00003831 0.00475600 -0.02864096
v 0.00046584 0.02773622 -0.01055450
v 0.03861827 0.02455798 -0.01788755
v 0.04523675 0.02911566 -0.00525732
v 0.00328811 0.00295372 -0.02984665
v 0.00057304 0.01956495 -0.02239057
v 0.04581103 0.02742070 -0.01066870
v 0.00041951 0.00170681 -0.02936600
v 0.04508306 0.02794116 -0.00980441
v 0.03987289 0.02700875 -0.01388005
v 0.00000017 0.02391113 -0.01485060
v 0.04510265 0.02807011 -0.00941168
v 0.00000019 0.02579197 -0.01280470
v 0.03764550 0.02998738 -0.00528330
v 0.00077006 0.02748052 -0.01224344
v 0.04846072 0.02580747 -0.01226501
v 0.00060634 0.02347750 -0.01839925
v 0.01313468 0.02402406 -0.01860936
v 0.04988298 0.02453506 -0.01349752
v 0.04909485 0.02768254 -0.00608682
v 0.04556715 0.02867783 -0.00689985
v 0.00621563 0.01101108 -0.02793662
v 0.03715566 0.02710914 -0.01384194
v 0.01295089 0.02448526 -0.01801245
v 0.00955610 0.02179256 -0.02110839
v 0.00559154 0.00765457 -0.02900328
v 0.00061554 0.02554736 -0.01547968
v 0.00208363 0.02888087 -0.00968831
v 0.00263337 0.00302330 -0.02984082
v 0.01400367 0.02419279 -0.01839497
v 0.04421283 0.02368633 -0.01688339
v 0.00025258 0.02627165 -0.01310831
v 0.03909179 0.02946896 -0.00750042
v 0.00125254 0.02656408 -0.01471833
v 0.00077899 0.02692153 -0.01345461
v 0.04916266 0.02600278 -0.01120112
v 0.04499579 0.02884928 -0.00678611
v 0.03860372 0.02810653 -0.01163343
v 0.04072310 0.02451251 -0.01776590
v 0.00000018 0.02769856 -0.00647173
v 0.00742674 0.01078147 -0.02802536
v 0.00022480 0.00585554 -0.02862556
v 0.00000005 0.01619959 -0.01783988
v 0.00000011 0.02428286 -0.00983403
v 0.00276275 0.00839777 -0.02880711
v 0.04579754 0.02876581 -0.00626880
v 0.04417181 0.02962875 -0.00337201
v 0.04673888 0.02457163 -0.01565259
v 0.00000000 0.01044822 -0.02002953
v 0.00016380 0.02334766 -0.01756603
v 0.00000007 0.02395947 -0.00593037
v 0.00000018 0.02078442 -0.01913848
v 0.04451422 0.02847080 -0.00861249
v 0.01887872 0.02857157 -0.01050436
v 0.04411629 0.02700515 -0.01263248
v 0.00150004 0.00008088 -0.00025934
v 0.04365946 0.02438505 -0.01707656
v 0.03731916 0.02722744 -0.01359483
v 0.00000018 0.02819808 -0.00216487
v 0.00000000 0.02244423 -0.00251417
v 0.00095195 0.01341815 -0.02678168
v 0.00088694 0.00110973 -0.02981520
v 0.04354315 0.02671320 -0.01348509
v 0.00161287 0.03016157 -0.00438582
v 0.00812787 0.00361754 -0.02977854
v 0.04020086 0.02494647 -0.01720967
v 0.00162517 0.00164811 -0.02995285
v 0.00016860 0.02262568 -0.01850031
v 0.00000016 0.02733493 -0.00430327
v 0.00060851 0.02101725 -0.02112854
v 0.00285697 0.03015294 -0.00445603
v 0.03815683 0.03031149 -0.00273169
v 0.04053630 0.03029709 -0.00038728
v 0.00000014 0.02587749 -0.00821969
v 0.00000020 0.01954620 -0.02137899
v 0.04685497 0.02879350 -0.00441079
v 0.04443044 0.02969287 -0.00132602
v 0.00150020 0.00000690 -0.02833901
v 0.00000017 0.02567911 -0.01160542
v 0.03260321 0.03007779 -0.00496208
v 0.04928624 0.02741868 -0.00688346
v 0.04734298 0.02544060 -0.01381926
v 0.00000019 0.01121015 -0.02657091
v 0.02853807 0.03038111 -0.00259749
v 0.03310792 0.03044434 -0.00115738
v 0.00429646 0.03041230 -0.00212921
v 0.03358617 0.02896650 -0.00943577
v 0.04822341 0.02743141 -0.00834820
v 0.04888731 0.02504560 -0.01340568
v 0.00264662 0.02710048 -0.01385824
v 0.00120830 0.02866130 -0.01010466
v 0.00139270 0.02826348 -0.01128727
v 0.00170330 0.03037443 -0.00265322
v 0.04488183 0.02569292 -0.01476666
v 0.02493757 0.03005412 -0.00508936
v 0.03682998 0.02958588 -0.00725365
v 0.00000017 0.01344528 -0.02460157
v 0.00499974 0.00005419 -0.02999844
v 0.02211978 0.02978685 -0.00645769
v 0.00002434 0.01080342 -0.02693306
v 0.00853850 0.01837339 -0.02400571
v 0.03850907 0.02726071 -0.01347269
v 0.04361684 0.02971495 -0.00353914
v 0.00000008 0.02325501 -0.00936650
v 0.04840739 0.02778856 -0.00682577
v 0.00000015 0.02448102 -0.01224434
v 0.00033269 0.02874802 -0.00657393
v 0.04771511 0.02708012 -0.00994233
v 0.04364604 0.02973866 -0.00323340
v 0.00002526 0.01617909 -0.02408788
v 0.04837361 0.02741213 -0.00822128
v 0.03644111 0.02970022 -0.00677475
v 0.00000001 0.02247153 -0.00417758
v 0.00192019 0.01841722 -0.02397412
v 0.04388385 0.02721537 -0.01230765
v 0.00871695 0.01626577 -0.02538784
v 0.00000011 0.02549631 -0.00521777
v 0.00000012 0.00035032 -0.02857996
v 0.04975814 0.02507982 -0.01258501
v 0.04243668 0.02817204 -0.01065626
v 0.00085079 0.01420598 -0.02630968
v 0.00000014 0.02400682 -0.01247114
v 0.00008895 0.02877646 -0.00451387
v 0.04495183 0.02946349 -0.00317153
v 0.00810855 0.01906627 -0.02348977
v 0.00000012 0.01790097 -0.01935594
v 0.02691093 0.02962794 -0.00715576
v 0.00057972 0.02953684 -0.00435867
v 0.04434748 0.02927516 -0.00551423
v 0.04054362 0.03022806 -0.00233938
v 0.00031603 0.00628609 -0.02863073
v 0.03794566 0.02726343 -0.01350841
v 0.00088572 0.03024326 -0.00026416
v 0.00000019 0.02053413 -0.01985582
v 0.04456915 0.02670834 -0.01302808
v 0.00138270 0.01300769 -0.02710113
v 0.00037084 0.00394423 -0.02909636
v 0.00404123 0.00806441 -0.02889533
v 0.00254345 0.03040702 -0.00226533
v 0.00000000 0.02252344 -0.00239558
v 0.00038552 0.01751222 -0.02370413
v 0.04483543 0.02589106 -0.01445144
v 0.00350971 0.00813745 -0.02887606
v 0.04244351 0.02979583 -0.00455272
v 0.00889989 0.02963781 -0.00711558
v 0.04065294 0.02997674 -0.00462076
v 0.04459768 0.02962301 -0.00226039
v 0.00136960 0.02545013 -0.01658973
v 0.03056538 0.03036483 -0.00272989
v 0.04971193 0.02643288 -0.00097814
v 0.00008490 0.00766738 -0.02805314
v 0.00055752 0.02779240 -0.01077578
v 0.04439155 0.02758407 -0.01117603
v 0.00000002 0.02071388 -0.01015678
v 0.04686096 0.02858521 -0.00562741
v 0.00803715 0.00354579 -0.02978824
v 0.03474431 0.02911654 -0.00890181
v 0.03270519 0.02805051 -0.01185388
v 0.04949159 0.02390375 -0.01381795
v 0.03737761 0.02816507 -0.01153623
v 0.04204298 0.02955065 -0.00612951
v 0.00135121 0.02942066 -0.00780489
v 0.04517868 0.02780489 -0.01012369
v 0.00174559 0.03047116 -0.00060086
v 0.04193582 0.02577559 -0.01564927
v 0.04259984 0.02997121 -0.00274078
v 0.04106244 0.03016746 -0.00242391
v 0.03316084 0.02879707 -0.00990810
v 0.00009278 0.01072533 -0.02703849
v 0.00011652 0.01597708 -0.02435916
v 0.04878251 0.02837788 -0.00162505
v 0.00000013 0.01412738 -0.02262930
v 0.02709948 0.03038371 -0.00257208
v 0.04100024 0.02935450 -0.00747764
v 0.04853369 0.02852801 -0.00005026
v 0.04421882 0.02737859 -0.01175870
v 0.00056837 0.00977690 -0.02791577
v 0.00843692 0.00446788 -0.02966300
v 0.01068970 0.02970069 -0.00683942
v 0.00000019 0.02740998 -0.00876656
v 0.00394591 0.00690662 -0.02919676
v 0.00936230 0.02020276 -0.02256855
v 0.00970268 0.03018756 -0.00417382
v 0.00057864 0.02985537 -0.00057678
v 0.04813927 0.02779429 -0.00716908
v 0.00000005 0.02302501 -0.00755246
v 0.00295898 0.00190218 -0.02993514
v 0.00000010 0.02299425 -0.01140793
v 0.00000003 0.02217134 -0.00751647
v 0.00910401 0.01995015 -0.02278118
v 0.00000001 0.02162784 -0.00698120
v 0.04213363 0.02995200 -0.00352587
v 0.00118539 0.00040521 -0.02996019
v 0.00000010 0.02367794 -0.01026349
v 0.00322134 0.02758141 -0.01289187
v 0.04229020 0.03007274 -0.00129967
v 0.00012146 0.02592419 -0.01337233
v 0.00000014 0.02076487 -0.01726383
v 0.00150001 0.00001172 -0.00055890
v 0.04759552 0.02714994 -0.00987630
v 0.00158341 0.01274431 -0.02722171
v 0.04592703 0.02916903 -0.00367987
v 0.03778368 0.02955441 -0.00734842
v 0.04760829 0.02747097 -0.00891962
v 0.00000921 0.01234968 -0.02624387
v 0.00827635 0.01965514 -0.02302751
v 0.00284936 0.00033941 -0.02999028
v 0.03607844 0.02969015 -0.00682796
v 0.04871875 0.02690580 -0.00935629
v 0.00657924 0.02893952 -0.00953213
v 0.00145222 0.02547682 -0.01656601
v 0.04842300 0.02846902 -0.00255764
v 0.04181455 0.02952389 -0.00638216
v 0.04193142 0.03006301 -0.00251909
v 0.04428116 0.02975451 -0.00027494
v 0.04804123 0.02870006 -0.00048863
v 0.04258189 0.03006576 -0.00005710
v 0.00960763 0.02127349 -0.02160749
v 0.04575669 0.02586921 -0.01402090
v 0.00208685 0.02782812 -0.01234767
v 0.04461716 0.02872934 -0.00763823
v 0.00000010 0.00025790 -0.02801728
v 0.04433456 0.02956714 -0.00366013
v 0.00000001 0.01525125 -0.01700839
v 0.00000008 0.01814510 -0.01740902
v 0.04561925 0.02697281 -0.01186754
v 0.01883162 0.02976719 -0.00654483
v 0.04767918 0.02873439 -0.00259899
v 0.00684129 0.02824674 -0.01136197
v 0.04395083 0.02952119 -0.00458767
v 0.03788840 0.02902139 -0.00918138
v 0.00057344 0.01747453 -0.02400796
v 0.00091892 0.00571250 -0.02930559
v 0.00132736 0.00873477 -0.02870798
v 0.00002423 0.01291576 -0.02598490
v 0.00139775 0.02942200 -0.00783106
v 0.00049571 0.02840133 -0.00878428
v 0.04817614 0.02865010 -0.00044896
v 0.00170759 0.01053580 -0.02811700
v 0.00631254 0.00174382 -0.02994880
v 0.00077617 0.00474116 -0.02937788
v 0.00310642 0.02581084 -0.01608735
v 0.04601612 0.02912694 -0.00384012
v 0.01366016 0.02433150 -0.01821569
v 0.03376867 0.02813640 -0.01164436
v 0.04044590 0.03026532 -0.00144170
v 0.00081916 0.02902391 -0.00816641
v 0.00323183 0.00486132 -0.02960006
v 0.00069618 0.02932648 -0.00642671
v 0.00102557 0.00941436 -0.02840632
v 0.00037474 0.02626650 -0.01350837
v 0.00000001 0.01149874 -0.01958995
v 0.00102181 0.02921601 -0.00807202
v 0.04084389 0.02707007 -0.01359265
v 0.00106772 0.02371933 -0.01880404
v 0.00607961 0.02967807 -0.00693983
v 0.00118364 0.03028727 -0.00276460
v 0.00373409 0.02988293 -0.00601498
v 0.04656662 0.02726690 -0.01049008
v 0.00536489 0.00396743 -0.02972897
v 0.04377201 0.02755554 -0.01157101
v 0.04713925 0.02669600 -0.01141459
v 0.00744109 0.01375674 -0.02676239
v 0.04279140 0.02747146 -0.01220861
v 0.04360456 0.02828036 -0.00980924
v 0.00001810 0.02410532 -0.01612732
v 0.04392941 0.02877887 -0.00801490
v 0.00133202 0.02422296 -0.01831039
v 0.00000001 0.01973638 -0.01118358
v 0.04431236 0.02499512 -0.01613514
v 0.00000019 0.02558182 -0.01286903
v 0.00186943 0.01642842 -0.02529859
v 0.00000011 0.02605897 -0.00056061
v 0.03753267 0.03035109 -0.00239408
v 0.03848571 0.03032820 -0.00248894
v 0.03797687 0.02493232 -0.01737103
v 0.04436378 0.02899020 -0.00683421
v 0.00000014 0.02494345 -0.01079555
v 0.04498274 0.02411260 -0.01656915
v 0.04631664 0.02919454 -0.00202555
v 0.00771229 0.00466546 -0.02963310
v 0.04085166 0.02959644 -0.00651704
v 0.00399968 0.01153782 -0.02773305
v 0.00158709 0.01179382 -0.02763376
v 0.00000001 0.01565157 -0.01653129
v 0.04401484 0.02838891 -0.00922587
v 0.00074058 0.01611795 -0.02512969
v 0.03394717 0.02947547 -0.00767574
v 0.00052445 0.01447516 -0.02580372
v 0.04872255 0.02842378 -0.00096927
v 0.00688812 0.00589547 -0.02940541
v 0.00894049 0.00266223 -0.02986796
v 0.04281310 0.02806008 -0.01079391
v 0.00000019 0.02484525 -0.01430806
v 0.00174314 0.01386942 -0.02670409
v 0.00000004 0.01234656 -0.02033707
v 0.00113037 0.02746023 -0.01289969
v 0.00622836 0.02229564 -0.02059752
v 0.00000014 0.02395636 -0.01249512
v 0.03840186 0.02549229 -0.01655487
v 0.03296084 0.02763600 -0.01277681
v 0.00066834 0.02992257 -0.00207389
v 0.00066182 0.02741557 -0.01207226
v 0.00071951 0.02337104 -0.01878322
v 0.04679399 0.02897245 -0.00304459
v 0.04016104 0.03022266 -0.00263565
v 0.00027570 0.01286564 -0.02632266
v 0.04043224 0.03023788 -0.00224961
v 0.00115915 0.00971548 -0.02835653
v 0.00012987 0.02868319 -0.00537017
v 0.04659666 0.02843261 -0.00668045
v 0.03811071 0.02794288 -0.01205170
v 0.00052932 0.00372889 -0.02928481
v 0.04047725 0.02854352 -0.01023337
v 0.00900877 0.00959291 -0.02842467
v 0.02343924 0.03004198 -0.00515499
v 0.04770390 0.02771608 -0.00804826
v 0.00000006 0.02398433 -0.00480392
v 0.04370463 0.02712390 -0.01257739
v 0.04323762 0.02471462 -0.01691310
v 0.04894231 0.02563064 -0.01220491
v 0.00093896 0.02011770 -0.02240965
v 0.00194540 0.02898988 -0.00937471
v 0.00423346 0.02449575 -0.01799804
v 0.04476084 0.02908456 -0.00600580
v 0.04772890 0.02879562 -0.00072560
v 0.00048752 0.02421836 -0.01714757
v 0.00000002 0.02300395 -0.00261618
v 0.00267114 0.02069734 -0.02214110
v 0.00493541 0.02448889 -0.01800729
v 0.03323523 0.02965415 -0.00704119
v 0.00656797 0.03038333 -0.00257832
v 0.00704940 0.01348597 -0.02689258
v 0.01004149 0.02266334 -0.02020555
v 0.00113202 0.01721597 -0.02472141
v 0.04340386 0.02852256 -0.00918755
v 0.00007003 0.01383747 -0.02556753
v 0.00924866 0.03011533 -0.00474998
v 0.00419389 0.02964523 -0.00708501
v 0.00124438 0.02535808 -0.01667646
v 0.04449552 0.02936091 -0.00487196
v 0.00699655 0.01213360 -0.02749811
v 0.00133055 0.02488301 -0.01740227
v 0.03853983 0.03041172 -0.00024490
v 0.04798856 0.02519835 -0.01382349
v 0.04297570 0.02613809 -0.01475772
v 0.00031323 0.02539050 -0.01490783
v 0.00000000 0.02045098 -0.00948644
v 0.04298314 0.02621869 -0.01460961
v 0.04547229 0.02567381 -0.01450487
v 0.00000001 0.01059140 -0.02034361
v 0.00805001 0.01813298 -0.02417903
v 0.00152740 0.02290466 -0.01993714
v 0.00000000 0.02211652 -0.00445807
v 0.00036146 0.00197026 -0.02928778
v 0.04087871 0.03018297 -0.00249143
v 0.00483327 0.02445288 -0.01805469
v 0.00000001 0.01622646 -0.01609239
v 0.00068394 0.00774387 -0.02864849
v 0.00000004 0.02362505 -0.00098751
v 0.00137097 0.01426367 -0.02649499
v 0.00036470 0.01847077 -0.02293853
v 0.00000010 0.02588049 -0.00061562
v 0.04766460 0.02849794 -0.00465631
v 0.00000020 0.01624731 -0.02396552
v 0.00086291 0.02544934 -0.01618010
v 0.00161402 0.02846453 -0.01078727
v 0.00899026 0.00648147 -0.02928192
v 0.00064665 0.02562511 -0.01543650
v 0.04481751 0.02694309 -0.01240860
v 0.00089838 0.01230960 -0.02724709
v 0.00000001 0.01595783 -0.01627194
v 0.04641066 0.02701649 -0.01121688
v 0.04807295 0.02486607 -0.01433368
v 0.04953859 0.02813402 -0.00037501
v 0.00080347 0.01133944 -0.02757377
v 0.00000019 0.02836030 -0.00476338
v 0.00025055 0.02038389 -0.02108194
v 0.04945256 0.02656999 -0.00048427
v 0.00055067 0.02472620 -0.01657733
v 0.00000019 0.02482668 -0.01450525
v 0.04581067 0.02824327 -0.00829105
v 0.00064692 0.00835669 -0.02845099
v 0.04314919 0.02793389 -0.01095800
v 0.00051254 0.02879995 -0.00743667
v 0.04872470 0.02340711 -0.01444649
v 0.03378483 0.02964210 -0.00708654
v 0.00000020 0.02376311 -0.01649999
v 0.04987496 0.02741253 -0.00583949
v 0.00094545 0.02633680 -0.01482375
v 0.00033497 0.02948364 -0.00064397
v 0.00000015 0.01310488 -0.02389246
v 0.04839375 0.02776640 -0.00692842
v 0.04268623 0.02849571 -0.00965308
v 0.00137632 0.02014391 -0.02259751
v 0.04603039 0.02888823 -0.00532928
v 0.00000010 0.02434601 -0.00827582
v 0.00099100 0.03031413 -0.00045938
v 0.00000018 0.01941463 -0.02078510
v 0.04748337 0.02870048 -0.00360777
v 0.00884380 0.01256724 -0.02730699
v 0.04116687 0.02779575 -0.01194545
v 0.03435188 0.02763134 -0.01277490
v 0.04460161 0.02574223 -0.01480380
v 0.00146469 0.02900022 -0.00932439
v 0.00171100 0.02444433 -0.01806404
v 0.04926459 0.02683833 -0.00889569
v 0.04109518 0.02882154 -0.00927570
v 0.01094416 0.02835899 -0.01106564
v 0.00000018 0.02819495 -0.00179599
v 0.00000018 0.02044313 -0.01959621
v 0.00037057 0.01809752 -0.02323801
v 0.04261884 0.02510045 -0.01653098
v 0.00129803 0.00985570 -0.02833989
v 0.00000004 0.00001016 -0.02535473
v 0.00000020 0.02523969 -0.01405965
v 0.00165996 0.02480469 -0.01754948
v 0.04167669 0.02992684 -0.00414633
v 0.04086463 0.02780529 -0.01200175
v 0.00868602 0.00717041 -0.02913112
v 0.03911234 0.02465059 -0.01773676
v 0.00902530 0.02265934 -0.02020943
v 0.03034652 0.03035614 -0.00280055
v 0.00901384 0.01875218 -0.02372972
v 0.04481676 0.02629287 -0.01371097
v 0.00001329 0.01850722 -0.02234670
v 0.00023647 0.01470542 -0.02529949
v 0.00176868 0.02221462 -0.02067997
v 0.00000017 0.02668377 -0.00815171
v 0.00061934 0.00390486 -0.02934923
v 0.00000001 0.01785518 -0.01414263
v 0.00000000 0.01181448 -0.01929896
v 0.04876288 0.02311749 -0.01441383
v 0.04945947 0.02799131 -0.00344923
v 0.00422209 0.01921514 -0.02337592
v 0.03401895 0.02450565 -0.01798407
v 0.00000017 0.02584337 -0.01127320
v 0.00433551 0.02587492 -0.01599403
v 0.00858059 0.00497250 -0.02958201
v 0.00011094 0.02265315 -0.01833546
v 0.04966971 0.02445203 -0.01368005
v 0.00298321 0.00686598 -0.02920641
v 0.04298003 0.02622529 -0.01459882
v 0.04832659 0.02609061 -0.01177761
v 0.04440643 0.02885860 -0.00731112
v 0.00208818 0.02568162 -0.01627520
v 0.00125294 0.02710133 -0.01376357
v 0.00000000 0.02195409 -0.00557985
v 0.00110860 0.02981202 -0.00576467
v 0.04348418 0.02979303 -0.00293800
v 0.00000019 0.02744008 -0.00820486
v 0.00071939 0.01254398 -0.02697980
v 0.04751037 0.02821899 -0.00635284
v 0.00000000 0.00382362 -0.02216383
v 0.00150000 0.00000441 -0.01721069
v 0.00000020 0.02472240 -0.01491928
v 0.00247824 0.01930141 -0.02330936
v 0.00308024 0.03012437 -0.00468779
v 0.00000004 0.02371878 -0.00103517
v 0.01655204 0.02974665 -0.00663583
v 0.04670622 0.02362683 -0.01574201
v 0.00090786 0.02548644 -0.01618809
v 0.04309428 0.02792369 -0.01101119
v 0.03834452 0.02975454 -0.00639110
v 0.00427968 0.02228052 -0.02061343
v 0.04998200 0.02299663 -0.01302020
v 0.04356137 0.02892015 -0.00775949
v 0.00005064 0.02296025 -0.01780690
v 0.00633576 0.01675419 -0.02509991
v 0.03259195 0.02938030 -0.00801171
v 0.00112451 0.02990385 -0.00534400
v 0.00684287 0.02283110 -0.02002119
v 0.00095947 0.02642284 -0.01469327
v 0.00939233 0.02103062 -0.02183734
v 0.00172620 0.02808261 -0.01177997
v 0.00772672 0.01701839 -0.02493130
v 0.00103390 0.02919545 -0.00817101
v 0.00200922 0.01006082 -0.02828376
v 0.03341801 0.02756855 -0.01291811
v 0.00111630 0.02720271 -0.01343148
v 0.00069610 0.03002812 -0.00068360
v 0.04550481 0.02424411 -0.01633685
v 0.00000013 0.01182609 -0.02415543
v 0.00036436 0.02932892 -0.00351903
v 0.03340911 0.03041702 -0.00178671
v 0.00095460 0.01455453 -0.02620338
v 0.03497810 0.02992288 -0.00574262
v 0.00040502 0.02463273 -0.01634212
v 0.04378802 0.02929287 -0.00601754
v 0.03363396 0.02895531 -0.00947358
v 0.04788638 0.02831312 -0.00525931
v 0.04981668 0.02541892 -0.01182663
v 0.04620972 0.02899873 -0.00433719
v 0.04503023 0.02797797 -0.00973643
v 0.04745404 0.02821871 -0.00643082
v 0.00130975 0.01970496 -0.02296002
v 0.04012146 0.02587836 -0.01585289
v 0.04118110 0.02461951 -0.01753059
v 0.02735710 0.03011179 -0.00477079
v 0.03788168 0.02974572 -0.00647368
v 0.03559212 0.03008524 -0.00484755
v 0.04937377 0.02304696 -0.01388856
v 0.00478140 0.01444023 -0.02641136
v 0.00000001 0.01487410 -0.01722827
v 0.04344593 0.02613412 -0.01459547
v 0.04032761 0.02624782 -0.01518430
v 0.00000019 0.02883272 -0.00042215
v 0.00033575 0.01508244 -0.02521035
v 0.00074476 0.02197125 -0.02042576
v 0.04067923 0.02723284 -0.01328540
v 0.00090428 0.01384967 -0.02653516
v 0.00153171 0.00841192 -0.02880317
v 0.00000001 0.01429892 -0.01762950
v 0.04303911 0.02688433 -0.01334365
v 0.00371662 0.00642527 -0.02929756
v 0.04198186 0.03008656 -0.00200338
v 0.00902023 0.00514474 -0.02953311
v 0.03780162 0.02705835 -0.01394385
v 0.00121547 0.00965959 -0.02838966
v 0.01007895 0.02438855 -0.01814028
v 0.04577939 0.02429714 -0.01621144
v 0.00143447 0.02847543 -0.01073979
v 0.04495855 0.02463026 -0.01642707
v 0.00072221 0.01708785 -0.02448696
v 0.03427598 0.02805734 -0.01183295
v 0.00000018 0.02819598 -0.00412224
v 0.04410031 0.02850339 -0.00880468
v 0.00071518 0.00397512 -0.02943436
v 0.04131293 0.02977380 -0.00537921
v 0.00697774 0.01562511 -0.02576965
v 0.00090662 0.02398253 -0.01831070
v 0.04710884 0.02442285 -0.01551548
v 0.00000019 0.02655029 -0.01075016
v 0.00094197 0.01190298 -0.02745612
v 0.04854606 0.02487329 -0.01397475
v 0.00150000 0.00000912 -0.00348954
v 0.00092634 0.02989853 -0.00477239
v 0.04995640 0.02676640 -0.00818057
v 0.00161789 0.01855587 -0.02386946
v 0.00048220 0.01401199 -0.02599603
v 0.02687908 0.03038530 -0.00255271
v 0.04605237 0.02859689 -0.00669236
v 0.04370107 0.02797080 -0.01058256
v 0.04971090 0.02577030 -0.01116677
v 0.04311209 0.02718790 -0.01270012
v 0.04905905 0.02674707 -0.00006961
v 0.00362815 0.01945998 -0.02318423
v 0.00068716 0.02701673 -0.01299913
v 0.00444691 0.02903722 -0.00921030
v 0.04704476 0.02832756 -0.00653628
v 0.00552487 0.01676899 -0.02509005
v 0.00000017 0.02802060 -0.00025121
v 0.03552579 0.02961761 -0.00715912
v 0.00033337 0.02719621 -0.01138350
v 0.00000020 0.01738259 -0.02318417
v 0.00898834 0.00436928 -0.02967690
v 0.00869597 0.00904543 -0.02861295
v 0.00000015 0.02622573 -0.00802338
v 0.01038396 0.02231611 -0.02057527
v 0.00760958 0.01543112 -0.02588281
v 0.00000000 0.02218749 -0.00442172
v 0.04501647 0.02763866 -0.01066085
v 0.00000020 0.01668914 -0.02369152
v 0.00799231 0.00473288 -0.02962186
v 0.00000005 0.02133888 -0.01148922
v 0.03775905 0.02959046 -0.00722449
v 0.04339270 0.02534579 -0.01592807
v 0.00660952 0.01908190 -0.02347865
v 0.01544051 0.03039594 -0.00241926
v 0.00150013 0.01224549 -0.00000495
v 0.04361602 0.02818688 -0.01005558
v 0.00126385 0.03020973 -0.00363644
v 0.04643136 0.02516812 -0.01486452
v 0.00792729 0.01844494 -0.02395449
v 0.00000018 0.01548539 -0.02382714
v 0.00000019 0.02631394 -0.01110739
v 0.00171259 0.00231379 -0.02990025
v 0.00487215 0.00173178 -0.02994953
v 0.00000015 0.02122796 -0.01744813
v 0.00008690 0.02866067 -0.00513302
v 0.00111799 0.02135335 -0.02141343
v 0.00929712 0.03038329 -0.00257863
v 0.04040402 0.03023781 -0.00229364
v 0.00000008 0.02194424 -0.01244997
v 0.00078218 0.02555944 -0.01587972
v 0.03570021 0.02994923 -0.00557402
v 0.04391796 0.02981852 -0.00046022
v 0.00140273 0.02123017 -0.02163574
v 0.00883996 0.01736488 -0.02470110
v 0.01190333 0.02328020 -0.01951166
v 0.04416415 0.02446136 -0.01690234
v 0.03712067 0.02891507 -0.00954891
v 0.00131074 0.00896367 -0.02863182
v 0.03434858 0.02759126 -0.01286074
v 0.01602977 0.02449227 -0.01800288
v 0.04566397 0.02386494 -0.01625772
v 0.00000001 0.02182894 -0.00634306
v 0.04671639 0.02404921 -0.01573630
v 0.02369089 0.02759722 -0.01286044
v 0.00901186 0.01937683 -0.02324535
v 0.04724541 0.02852297 -0.00528966
v 0.04247467 0.02661714 -0.01402964
v 0.03658607 0.02962874 -0.00708846
v 0.00124792 0.00710534 -0.02913156
v 0.00064538 0.01135875 -0.02740917
v 0.00000008 0.02357787 -0.00841994
v 0.00215187 0.01510839 -0.02606474
v 0.00000001 0.02114981 -0.00839641
v 0.03228798 0.02988793 -0.00598885
v 0.00000012 0.01107327 -0.02389326
v 0.04994351 0.02623294 -0.00976086
v 0.04746702 0.02850947 -0.00497140
v 0.04397416 0.02896515 -0.00725309
v 0.02858072 0.03009263 -0.00488070
v 0.04152195 0.02983376 -0.00493247
v 0.03815996 0.02948856 -0.00756947
v 0.00175935 0.02720231 -0.01365362
v 0.04427138 0.02903000 -0.00675553
v 0.04519983 0.02489118 -0.01591956
v 0.01379610 0.02444634 -0.01806480
v 0.00186109 0.03002308 -0.00525021
v 0.00000000 0.00434651 -0.02213662
v 0.00961485 0.02137344 -0.02151174
v 0.03084435 0.02885815 -0.00974757
v 0.00000013 0.01560359 -0.02185772
v 0.00069835 0.02476385 -0.01688254
v 0.00141742 0.01454607 -0.02635382
v 0.00014547 0.01678039 -0.02385575
v 0.04789392 0.02869658 -0.00214988
v 0.03989617 0.02796249 -0.01182561
v 0.00000020 0.02808959 -0.00667746
v 0.00291959 0.01234583 -0.02740287
v 0.03869683 0.03032321 -0.00238490
v 0.00150012 0.01121492 -0.00000736
v 0.04980638 0.02299663 -0.01146096
v 0.04624028 0.02872851 -0.00585038
v 0.00162161 0.02969399 -0.00686907
v 0.04297813 0.02998153 -0.00084612
v 0.00351560 0.01838113 -0.02400256
v 0.00078576 0.01522086 -0.02570977
v 0.00118068 0.00948100 -0.02843857
v 0.00000000 0.01229921 -0.01887606
v 0.00549133 0.02225456 -0.02064045
v 0.04425008 0.02976034 -0.00027892
v 0.00000003 0.01195024 -0.02034808
v 0.00123996 0.02431366 -0.01816435
v 0.04681230 0.02563527 -0.01381591
v 0.00000002 0.00007216 -0.02369593
v 0.04623492 0.02926196 -0.00074938
v 0.04024473 0.03031860 -0.00022368
v 0.04234507 0.02982949 -0.00436234
v 0.00000012 0.02638992 -0.00173502
v 0.04940446 0.02808433 -0.00267728
v 0.04659304 0.02480804 -0.01535514
v 0.04299477 0.02951039 -0.00570363
v 0.00128038 0.02634945 -0.01510943
v 0.04132798 0.02789420 -0.01168209
v 0.00792361 0.00582955 -0.02941835
v 0.00000019 0.02855746 -0.00158862
v 0.00116180 0.01669429 -0.02508322
v 0.00000000 0.02253752 -0.00003341
v 0.03768793 0.02447590 -0.01799226
v 0.00081104 0.00018422 -0.02979040
v 0.00000001 0.02269146 -0.00214861
v 0.00344747 0.02989285 -0.00596077
v 0.00000017 0.02575025 -0.01125296
v 0.03069172 0.03048442 -0.00024816
v 0.00000018 0.02572131 -0.01163099
v 0.04244063 0.02947363 -0.00629140
v 0.04072536 0.03018062 -0.00267964
v 0.04253132 0.02876417 -0.00892576
v 0.04710418 0.02888297 -0.00295660
v 0.00158532 0.00982529 -0.02835916
v 0.03667908 0.02965690 -0.00696237
v 0.03493049 0.02745091 -0.01315240
v 0.00063679 0.01651255 -0.02474700
v 0.04214082 0.02554800 -0.01596678
v 0.04763877 0.02732451 -0.00934042
v 0.00027941 0.02925922 -0.00299756
v 0.04523460 0.02908108 -0.00543587
v 0.00142441 0.01547463 -0.02585123
v 0.00097383 0.03004107 -0.00392195
v 0.00157724 0.03010673 -0.00479406
v 0.01048952 0.02970646 -0.00681402
v 0.04156240 0.02986657 -0.00472543
v 0.04367571 0.02866677 -0.00855978
v 0.00129772 0.02107581 -0.02176147
v 0.00284651 0.02238118 -0.02050665
v 0.00850334 0.01720989 -0.02480455
v 0.04396882 0.02690493 -0.01291155
v 0.00038823 0.02956675 -0.00057871
v 0.00402158 0.00170920 -0.02995043
v 0.00077634 0.02891199 -0.00839864
v 0.04869050 0.02448333 -0.01447251
v 0.03587495 0.03008305 -0.00484983
v 0.04621531 0.02801419 -0.00864017
v 0.00097371 0.02326303 -0.01928867
v 0.00225733 0.00337545 -0.02980749
v 0.00922011 0.02964036 -0.00710573
v 0.04750987 0.02670716 -0.01107986
v 0.00119426 0.00486305 -0.02956721
v 0.04106736 0.02577936 -0.01584011
v 0.04843944 0.02731912 -0.00845227
v 0.00244738 0.00834088 -0.02882233
v 0.03830956 0.02596848 -0.01583233
v 0.04422088 0.02738257 -0.01174835
v 0.03403695 0.03001703 -0.00526922
v 0.04486896 0.02728579 -0.01161714
v 0.04636867 0.02539355 -0.01451199
v 0.00216036 0.00391241 -0.02973206
v 0.04527455 0.02647151 -0.01313647
v 0.00124607 0.01556962 -0.02577353
v 0.03716051 0.02893428 -0.00949223
v 0.00216586 0.02456633 -0.01789585
v 0.00900739 0.00777064 -0.02896309
v 0.00120162 0.01357151 -0.02681890
v 0.04761443 0.02620960 -0.01210885
v 0.04154995 0.02934418 -0.00729613
v 0.04406142 0.02321040 -0.01694066
v 0.03782203 0.02898495 -0.00930779
v 0.00329480 0.01627366 -0.02538950
v 0.04363921 0.02959606 -0.00445858
v 0.04357684 0.02518301 -0.01611812
v 0.00001764 0.00616915 -0.02835398
v 0.00092222 0.00028485 -0.02986094
v 0.04254467 0.02726224 -0.01273458
v 0.00798937 0.00185931 -0.02993990
v 0.04708545 0.02795296 -0.00792567
v 0.01022272 0.02986410 -0.00611470
v 0.00157210 0.03040879 -0.00222307
v 0.03330724 0.02900395 -0.00930925
v 0.00147914 0.02884130 -0.00978033
v 0.04795693 0.02577093 -0.01274570
v 0.03730126 0.03007824 -0.00482202
v 0.00000005 0.01933233 -0.01438606
v 0.04216270 0.02464156 -0.01730107
v 0.00000017 0.02789242 -0.00024166
v 0.00826139 0.01801303 -0.02426496
v 0.00899456 0.00738004 -0.02907492
v 0.00451827 0.00623700 -0.02933613
v 0.00173710 0.01761549 -0.02452739
v 0.04275088 0.02970253 -0.00485566
v 0.04297354 0.02996665 -0.00155558
v 0.04485222 0.02471217 -0.01634666
v 0.04487335 0.02651893 -0.01325185
v 0.04417097 0.02416440 -0.01689968
v 0.00199140 0.02964156 -0.00710029
v 0.00000000 0.00011129 -0.02177172
v 0.04589435 0.02535646 -0.01483982
v 0.00070545 0.02753503 -0.01196407
v 0.00393198 0.01825251 -0.02409497
v 0.03664617 0.02798135 -0.01198657
v 0.04849479 0.02459514 -0.01450100
v 0.00827588 0.01078852 -0.02802234
v 0.03857529 0.02917912 -0.00857905
v 0.00041085 0.02074189 -0.02102906
v 0.00000005 0.01389868 -0.01981196
v 0.00028072 0.01124474 -0.02704940
v 0.00090481 0.01441293 -0.02624262
v 0.04420548 0.02459018 -0.01678170
v 0.00062984 0.02994071 -0.00001052
v 0.00000004 0.02228775 -0.00849969
v 0.00340842 0.01174257 -0.02765381
v 0.02354181 0.03010341 -0.00482015
v 0.03820387 0.03037383 -0.00162469
v 0.00314822 0.00368706 -0.02976521
v 0.00110107 0.02856390 -0.01023967
v 0.00000003 0.01989645 -0.01269470
v 0.04528152 0.02599256 -0.01404797
v 0.00135194 0.01426102 -0.02649491
v 0.04590764 0.02723361 -0.01107811
v 0.00090840 0.02376529 -0.01858598
v 0.00589453 0.01203924 -0.02753787
v 0.04662310 0.02908884 -0.00232229
v 0.01518925 0.02963628 -0.00712279
v 0.00000006 0.02274332 -0.00922920
v 0.01206791 0.02335611 -0.01942330
v 0.00018042 0.02863565 -0.00603665
v 0.00103426 0.01103899 -0.02783930
v 0.00088284 0.02997305 -0.00390246
v 0.00122440 0.00527861 -0.02951243
v 0.00000014 0.02566650 -0.00884662
v 0.04247927 0.02625343 -0.01470711
v 0.04102421 0.02948203 -0.00698949
v 0.04483983 0.02856649 -0.00801993
v 0.00000020 0.01501595 -0.02477290
v 0.00461083 0.01255611 -0.02731081
v 0.04470272 0.02600812 -0.01430954
v 0.00441436 0.02051080 -0.02230400
v 0.03494164 0.02812003 -0.01167751
v 0.00041868 0.02727254 -0.01152143
v 0.00000014 0.01182435 -0.02435595
v 0.04961216 0.02810061 -0.00052868
v 0.03283958 0.03007270 -0.00498962
v 0.00736757 0.01862687 -0.02382196
v 0.04871356 0.02598304 -0.01168100
v 0.00686163 0.01666322 -0.02515432
v 0.04614456 0.02309607 -0.01602113
v 0.00000020 0.01459991 -0.02494107
v 0.00057988 0.01487558 -0.02565292
v 0.04989632 0.02782295 -0.00320033
v 0.04257378 0.02790293 -0.01129521
v 0.00155374 0.02655728 -0.01480902
v 0.00863721 0.00864294 -0.02873777
v 0.04612281 0.02655083 -0.01246811
v 0.00152802 0.03043900 -0.00142794
v 0.04375225 0.02961530 -0.00414049
v 0.04749564 0.02721934 -0.00979175
v 0.00067413 0.02817577 -0.01025020
v 0.00832582 0.01570053 -0.02572348
v 0.03803606 0.02597068 -0.01584729
v 0.00031110 0.01039064 -0.02740699
v 0.00000000 0.01810591 -0.01335281
v 0.04663960 0.02557981 -0.01401936
v 0.00983373 0.02221720 -0.02067974
v 0.00000002 0.02141590 -0.00887195
v 0.03776066 0.02832490 -0.01110791
v 0.00054945 0.01770319 -0.02381284
v 0.00520154 0.02180399 -0.02109865
v 0.04812337 0.02819701 -0.00540655
v 0.04203048 0.02751318 -0.01233601
v 0.04391298 0.02948718 -0.00489615
v 0.00000019 0.01227469 -0.02587896
v 0.04246013 0.02954066 -0.00596320
v 0.04471352 0.02920513 -0.00547054
v 0.00623827 0.01848876 -0.02392376
v 0.00135117 0.00646736 -0.02928093
v 0.00012091 0.02848588 -0.00631358
v 0.00166713 0.02905376 -0.00915168
v 0.00132772 0.02586493 -0.01597145
v 0.04065189 0.02551083 -0.01632879
v 0.00135453 0.02450735 -0.01795625
v 0.00751823 0.02255549 -0.02032067
v 0.04288284 0.02574589 -0.01545240
v 0.04230359 0.02734247 -0.01262836
v 0.00190566 0.01003041 -0.02829347
v 0.04911194 0.02721675 -0.00791593
v 0.04497643 0.02739836 -0.01128147
v 0.03787680 0.02693652 -0.01415650
v 0.04669046 0.02597516 -0.01326529
v 0.00000006 0.02140539 -0.01203264
v 0.04819109 0.02699412 -0.00969618
v 0.03058502 0.02893300 -0.00955009
v 0.04391108 0.02564443 -0.01525580
v 0.04935263 0.02374213 -0.01393126
v 0.00000015 0.01591250 -0.02211289
v 0.00000019 0.00430067 -0.02852888
v 0.00100563 0.02092414 -0.02175671
v 0.04206758 0.02600349 -0.01523513
v 0.04299212 0.02994770 -0.00195989
v 0.00949188 0.00013781 -0.02950412
v 0.00745498 0.03042149 -0.00189113
v 0.03798396 0.02981955 -0.00610093
v 0.00143232 0.00282199 -0.02985747
v 0.03319622 0.02912161 -0.00890360
v 0.00129216 0.00785846 -0.02893819
v 0.04047459 0.02677020 -0.01423802
v 0.00870308 0.01249837 -0.02733738
v 0.04999687 0.02350033 -0.01337092
v 0.04546265 0.02664372 -0.01268211
v 0.00877722 0.01036614 -0.02818123
v 0.00000014 0.02303474 -0.01438207
v 0.04291107 0.02906091 -0.00768019
v 0.01916209 0.02857093 -0.01050602
v 0.04449153 0.02524066 -0.01568871
v 0.00060648 0.02766765 -0.01128219
v 0.00040579 0.00679611 -0.02860430
v 0.00401296 0.01806137 -0.02423093
v 0.04962776 0.02794131 -0.00322614
v 0.04601953 0.02798961 -0.00889943
v 0.00000002 0.02112931 -0.00976640
v 0.00045066 0.02932389 -0.00451627
v 0.00000017 0.02507469 -0.01267222
v 0.00150004 0.00000487 -0.02366887
v 0.04649696 0.02653551 -0.01224628
v 0.03818706 0.02943743 -0.00774502
v 0.00157682 0.03020207 -0.00405620
v 0.00684291 0.01807097 -0.02422399
v 0.00000019 0.02252511 -0.01782462
v 0.00133424 0.01859452 -0.02381978
v 0.04049040 0.02744271 -0.01288013
v 0.00060460 0.00259859 -0.02947865
v 0.00806873 0.00898971 -0.02863148
v 0.04025234 0.02955847 -0.00694563
v 0.00795989 0.01048539 -0.02813937
v 0.04157819 0.02889150 -0.00886430
v 0.00396226 0.02894451 -0.00951500
v 0.00223162 0.01842028 -0.02397214
v 0.00013345 0.02914275 -0.00160881
v 0.04909331 0.02700827 -0.00859636
v 0.01348216 0.02411156 -0.01849819
v 0.00082704 0.00772764 -0.02878116
v 0.00000020 0.01834540 -0.02242022
v 0.04269622 0.02846568 -0.00973545
v 0.04801847 0.02455549 -0.01490091
v 0.04469584 0.02524362 -0.01559679
v 0.00000019 0.01240131 -0.02591981
v 0.04856862 0.02850672 -0.00027739
v 0.04614242 0.02443322 -0.01604408
v 0.00117234 0.02646441 -0.01484245
v 0.04944592 0.02817357 -0.00025348
v 0.04442735 0.02641249 -0.01367998
v 0.00065283 0.01267989 -0.02684460
v 0.03279572 0.02976454 -0.00655442
v 0.04520999 0.02921493 -0.00472446
v 0.00000001 0.02045100 -0.01001766
v 0.04245737 0.03006227 -0.00095656
v 0.00000020 0.02024885 -0.02071081
v 0.00572965 0.03015874 -0.00440870
v 0.04892471 0.02376810 -0.01429186
v 0.04362631 0.02885054 -0.00796688
v 0.00212968 0.01346182 -0.02689985
v 0.01394387 0.03039632 -0.00241929
v 0.03828322 0.03038072 -0.00142250
v 0.03249111 0.02964080 -0.00710014
v 0.04251043 0.02939111 -0.00662470
v 0.03617862 0.02931884 -0.00818370
v 0.00086899 0.00806790 -0.02872125
v 0.03967063 0.02496122 -0.01724173
v 0.01806002 0.02811824 -0.01169870
v 0.00095774 0.00583990 -0.02930107
v 0.00877545 0.01083697 -0.02800337
v 0.00043563 0.00508246 -0.02898794
v 0.04926249 0.02630540 -0.01035788
v 0.04405720 0.02960132 -0.00380056
v 0.00174420 0.02245828 -0.02042206
v 0.00060022 0.02787137 -0.01074475
v 0.00000002 0.02262467 -0.00448243
v 0.00000007 0.02467585 -0.00166004
v 0.00080172 0.02691405 -0.01352437
v 0.04670735 0.02652635 -0.01212266
v 0.00000003 0.02171042 -0.00854264
v 0.00057953 0.02903912 -0.00693904
v 0.00032488 0.00938728 -0.02778217
v 0.04437699 0.02835110 -0.00910162
v 0.00000012 0.02639894 -0.00001944
v 0.04718646 0.02678962 -0.01115573
v 0.00745045 0.03042277 -0.00185920
v 0.04639402 0.02782505 -0.00908162
v 0.00044781 0.02181210 -0.02001368
v 0.00000010 0.01272229 -0.02231643
v 0.00149209 0.02015667 -0.02259750
v 0.00111638 0.02914245 -0.00850825
v 0.03115487 0.02758322 -0.01288868
v 0.00000003 0.01067281 -0.02074468
v 0.04040218 0.02840223 -0.01062292
v 0.00016680 0.01178761 -0.02667656
v 0.04703106 0.02867261 -0.00487096
v 0.00600389 0.00061484 -0.02998240
v 0.03359140 0.02841987 -0.01089928
v 0.04930716 0.02818125 -0.00153700
v 0.00374064 0.00177947 -0.02994563
v 0.00258988 0.00367766 -0.02976572
v 0.00467153 0.01815735 -0.02416289
v 0.00043309 0.02955800 -0.00227931
v 0.04960149 0.02601673 -0.01071551
v 0.04456048 0.02537430 -0.01543829
v 0.00041444 0.00803922 -0.02829501
v 0.03918161 0.02496180 -0.01727698
v 0.04094098 0.02713444 -0.01343046
v 0.03943620 0.02700444 -0.01392555
v 0.04687120 0.02710366 -0.01064942
v 0.04606811 0.02910963 -0.00385847
v 0.00000013 0.02492525 -0.01011001
v 0.00485004 0.02989324 -0.00595915
v 0.00000019 0.01423803 -0.02481947
v 0.00074077 0.02765592 -0.01179611
v 0.00086903 0.02818939 -0.01080662
v 0.00037242 0.02640434 -0.01323154
v 0.00038778 0.00290452 -0.02923771
v 0.03353546 0.02896840 -0.00942996
v 0.04444116 0.02874607 -0.00772039
v 0.00024897 0.02771177 -0.00966904
v 0.00282434 0.02299996 -0.01982805
v 0.00000015 0.02658159 -0.00625874
v 0.00028483 0.02928939 -0.00278727
v 0.00893496 0.00229734 -0.02990058
v 0.00000003 0.01960258 -0.01275391
v 0.04787920 0.02715310 -0.00958526
v 0.00000018 0.02422555 -0.01495036
v 0.00728536 0.01810883 -0.02419679
v 0.00000171 0.00081208 -0.02898255
v 0.04419886 0.02394480 -0.01688883
v 0.00076936 0.01249067 -0.02705909
v 0.00109334 0.01215300 -0.02742195
v 0.04655059 0.02786246 -0.00880012
v 0.04659297 0.02772418 -0.00920304
v 0.00000004 0.02199658 -0.00887310
v 0.01315114 0.02995924 -0.00560236
v 0.04401660 0.02801937 -0.01027336
v 0.00848928 0.01308661 -0.02707757
v 0.00188625 0.00329040 -0.02981773
v 0.00058502 0.02932194 -0.00567413
v 0.00901712 0.01294795 -0.02711888
v 0.00000004 0.02192827 -0.00912499
v 0.00000012 0.02010419 -0.01692270
v 0.00000018 0.02211058 -0.01777115
v 0.02193143 0.02986739 -0.00609960
v 0.00010135 0.00212804 -0.02901318
v 0.00000000 0.00018775 -0.00125198
v 0.01017086 0.02353452 -0.01920899
v 0.00732955 0.00909790 -0.02859649
v 0.03807133 0.02458667 -0.01786621
v 0.00027417 0.00938685 -0.02772859
v 0.00057221 0.01879326 -0.02301319
v 0.01897738 0.02450277 -0.01798820
v 0.00151870 0.02286215 -0.01998330
v 0.00000000 0.00014517 -0.00024089
v 0.04789609 0.02870306 -0.00193509
v 0.04991384 0.02790350 -0.00226747
v 0.04955746 0.02584818 -0.01115004
v 0.04572125 0.02582451 -0.01411866
v 0.03333535 0.03037902 -0.00261398
v 0.04391509 0.02942156 -0.00522989
v 0.04386477 0.02772225 -0.01113453
v 0.00146778 0.00150525 -0.02995693
v 0.00244739 0.02044687 -0.02235547
v 0.00000009 0.01274129 -0.02190850
v 0.00092240 0.03024367 -0.00102902
v 0.00755752 0.01520345 -0.02601209
v 0.00043921 0.02907515 -0.00580227
v 0.04043674 0.02961115 -0.00663721
v 0.03802753 0.02887190 -0.00965131
v 0.04993264 0.02732990 -0.00610263
v 0.04448473 0.02841077 -0.00883512
v 0.04926839 0.02716132 -0.00787200
v 0.00147692 0.02599265 -0.01578696
v 0.00786124 0.02444916 -0.01806026
v 0.04282803 0.03001984 -0.00020566
v 0.02120452 0.03010657 -0.00480203
v 0.04433879 0.02682900 -0.01289064
v 0.03313140 0.02792954 -0.01212324
v 0.03727676 0.02582653 -0.01608229
v 0.04102141 0.03024517 -0.00020535
v 0.00132739 0.02708016 -0.01385028
v 0.04535864 0.02790103 -0.00971253
v 0.03953822 0.02495124 -0.01726616
v 0.03615004 0.02806866 -0.01179543
v 0.03412484 0.02962914 -0.00713679
v 0.04568933 0.02933287 -0.00254138
v 0.00057431 0.00619559 -0.02890885
v 0.00000003 0.01328904 -0.01923696
v 0.04833572 0.02794489 -0.00623113
v 0.00000013 0.02608185 -0.00538089
v 0.03172307 0.02808771 -0.01177100
v 0.00145770 0.02221691 -0.02067474
v 0.00000002 0.01443755 -0.01816827
v 0.03920480 0.02573720 -0.01613664
v 0.04632451 0.02659437 -0.01224218
v 0.03696039 0.03003748 -0.00505944
v 0.00851717 0.03049415 -0.00000278
v 0.03807106 0.02654450 -0.01484324
v 0.00073609 0.02998676 -0.00247230
v 0.02964231 0.02987582 -0.00605427
v 0.00107729 0.02486614 -0.01728109
v 0.00127722 0.01157609 -0.02770436
v 0.04484054 0.02611672 -0.01403441
v 0.00007265 0.02811018 -0.00746811
v 0.00591965 0.01371680 -0.02678276
v 0.00120828 0.01344469 -0.02687792
v 0.00062973 0.02982711 -0.00254355
v 0.00847154 0.01319710 -0.02702826
v 0.04603762 0.02925779 -0.00240494
v 0.00017827 0.01005635 -0.02738521
v 0.00233815 0.02967675 -0.00694559
v 0.04966372 0.02411077 -0.01367766
v 0.00090023 0.02661885 -0.01425984
v 0.04413011 0.02662794 -0.01340817
v 0.00042602 0.02298336 -0.01862179
v 0.00000003 0.00940422 -0.02151313
v 0.04763153 0.02848973 -0.00478125
v 0.04315687 0.02685137 -0.01336417
v 0.04296621 0.02628545 -0.01449512
v 0.00063818 0.02227569 -0.01988389
v 0.00806721 0.01521472 -0.02600571
v 0.00000017 0.02565087 -0.01157451
v 0.00000018 0.02792476 -0.00428338
v 0.04293554 0.02875070 -0.00875735
v 0.00074270 0.01017258 -0.02796695
v 0.04762700 0.02830240 -0.00578053
v 0.00054719 0.02587423 -0.01473922
v 0.00199821 0.01665503 -0.02515937
v 0.04041529 0.02917780 -0.00829208
v 0.04550082 0.02699274 -0.01189910
v 0.04176894 0.02983553 -0.00476945
v 0.00072639 0.02514494 -0.01638906
v 0.00041420 0.00739289 -0.02846263
v 0.00116358 0.00675819 -0.02919096
v 0.04853312 0.02465107 -0.01437810
v 0.00000002 0.01922324 -0.01282531
v 0.04380083 0.02951275 -0.00486374
v 0.04675374 0.02898901 -0.00299971
v 0.04363782 0.02498449 -0.01639427
v 0.03911427 0.03005315 -0.00463463
v 0.00000000 0.00002600 -0.01360270
v 0.04315769 0.02537680 -0.01596042
v 0.04654106 0.02663715 -0.01200492
v 0.00119089 0.02786406 -0.01210048
v 0.00088230 0.01878844 -0.02343755
v 0.00884406 0.01427849 -0.02649136
v 0.00538641 0.02761160 -0.01283065
v 0.00036072 0.00390134 -0.02909204
v 0.04350547 0.02872101 -0.00849550
v 0.00125780 0.02513269 -0.01701226
v 0.00025730 0.01743589 -0.02356565
v 0.04392638 0.02794234 -0.01053496
v 0.04305898 0.02650445 -0.01406260
v 0.04084970 0.02696699 -0.01379667
v 0.03975537 0.03002998 -0.00457459
v 0.04637793 0.02848583 -0.00674220
v 0.00000019 0.02526387 -0.01331928
v 0.03979155 0.02720402 -0.01347279
v 0.01020731 0.03039831 -0.00239537
v 0.00180721 0.00530291 -0.02952139
v 0.00082994 0.01838530 -0.02369368
v 0.04786305 0.02454220 -0.01502072
v 0.00925307 0.02007359 -0.02267732
v 0.00000019 0.01363076 -0.02518246
v 0.04399446 0.02973166 -0.00251141
v 0.00118787 0.02936462 -0.00784300
v 0.04614737 0.02667322 -0.01218963
v 0.04777529 0.02750448 -0.00863672
v 0.04867955 0.02820253 -0.00405846
v 0.00001189 0.02881951 -0.00334012
v 0.00114763 0.00974831 -0.02834277
v 0.04309947 0.02964889 -0.00480555
v 0.04182022 0.02937163 -0.00705724
v 0.04405899 0.02729740 -0.01202924
v 0.03369144 0.03048521 -0.00012760
v 0.00000005 0.02287536 -0.00752292
v 0.01848337 0.03038255 -0.00258628
v 0.01872266 0.02760579 -0.01284312
v 0.00131044 0.01886932 -0.02360636
v 0.00000001 0.02251969 -0.00415342
v 0.01342632 0.02441213 -0.01810997
v 0.00862602 0.01037115 -0.02817967
v 0.00606541 0.02179374 -0.02110871
v 0.03843965 0.02997893 -0.00525364
v 0.04061562 0.03011401 -0.00339070
v 0.04572985 0.02688478 -0.01199236
v 0.04984137 0.02800160 -0.00053270
v 0.00076451 0.02950137 -0.00598477
v 0.00141682 0.01795302 -0.02429873
v 0.00000004 0.02232902 -0.00858453
v 0.04669167 0.02737038 -0.01009930
v 0.04841809 0.02679031 -0.01001056
v 0.00010522 0.02889550 -0.00383492
v 0.04737727 0.02800077 -0.00739486
v 0.04609214 0.02928652 -0.00117703
v 0.04871586 0.02649015 -0.01047631
v 0.00701774 0.02985659 -0.00614791
v 0.04393908 0.02963189 -0.00373337
v 0.03646250 0.03045423 -0.00000296
v 0.00651120 0.01811375 -0.02419362
v 0.00052491 0.01545799 -0.02524385
v 0.00076146 0.00423475 -0.02944035
v 0.00130928 0.02459348 -0.01781667
v 0.00000006 0.01250235 -0.02114758
v 0.04751708 0.02549703 -0.01359629
v 0.00283050 0.00157674 -0.02995467
v 0.00000019 0.01842775 -0.02185455
v 0.00351475 0.01936028 -0.02326256
v 0.04040189 0.02787149 -0.01196969
v 0.04253902 0.02802185 -0.01100504
v 0.00479514 0.02760795 -0.01283857
v 0.00033922 0.00011463 -0.02933581
v 0.00152175 0.00901622 -0.02861905
v 0.03783045 0.03034011 -0.00251553
v 0.04367490 0.02917812 -0.00664806
v 0.04797524 0.02301177 -0.01492546
v 0.00000000 0.00890985 -0.02076186
v 0.03983117 0.02559884 -0.01629360
v 0.00861485 0.01771129 -0.02446704
v 0.00000012 0.01021243 -0.02432827
v 0.00126377 0.01863099 -0.02377740
v 0.00000020 0.01145680 -0.02657832
v 0.02645112 0.02799554 -0.01197615
v 0.04064423 0.02998025 -0.00459622
v 0.03349857 0.02900433 -0.00930661
v 0.00025869 0.02871306 -0.00622286
v 0.00874003 0.01386083 -0.02670847
v 0.04999274 0.02551924 -0.00634237
v 0.03675428 0.03000677 -0.00523249
v 0.00026028 0.02464087 -0.01595654
v 0.04884035 0.02666689 -0.00989585
v 0.04465057 0.02951137 -0.00349233
v 0.04771202 0.02515887 -0.01407831
v 0.04704369 0.02509578 -0.01462313
v 0.02379326 0.03011156 -0.00477533
v 0.00803127 0.00890067 -0.02866030
v 0.00173862 0.00432067 -0.02967398
v 0.00148633 0.02339374 -0.01936298
v 0.04310094 0.02992060 -0.00210503
v 0.00196188 0.00869954 -0.02872107
v 0.03770175 0.03041808 -0.00057743
v 0.03336138 0.02771028 -0.01261144
v 0.00000000 0.01997770 -0.01063991
v 0.04603453 0.02631291 -0.01300221
v 0.03858634 0.02538320 -0.01670212
v 0.00147394 0.02673091 -0.01450071
v 0.00000018 0.02267929 -0.01710554
v 0.00040029 0.00490178 -0.02898553
v 0.04165765 0.02985840 -0.00471167
v 0.00249566 0.02989993 -0.00592187
v 0.00000019 0.02781424 -0.00738919
v 0.00391117 0.02080548 -0.02204153
v 0.04282884 0.02637490 -0.01438049
v 0.04488723 0.02652703 -0.01322941
v 0.04732265 0.02654948 -0.01160391
v 0.01110366 0.02775035 -0.01252183
v 0.00077508 0.01127195 -0.02757618
v 0.00103529 0.02756174 -0.01257500
v 0.04435226 0.02968309 -0.00221258
v 0.04256036 0.02529692 -0.01625628
v 0.00859420 0.00491920 -0.02959083
v 0.00019650 0.02209449 -0.01917708
v 0.00146109 0.02833072 -0.01112932
v 0.03313791 0.02812518 -0.01167803
v 0.00000002 0.01324945 -0.01897206
v 0.00065244 0.00436146 -0.02931690
v 0.00236167 0.02767313 -0.01269340
v 0.00590249 0.03040378 -0.00231360
v 0.00000000 0.00038213 -0.02082798
v 0.04866432 0.02304070 -0.01449102
v 0.03568389 0.03036402 -0.00251104
v 0.04787123 0.02872994 -0.00136185
v 0.04649631 0.02919906 -0.00017474
v 0.00074564 0.00922464 -0.02827919
v 0.00000004 0.01794604 -0.01544452
v 0.00929181 0.00042333 -0.02969571
v 0.00037671 0.02413036 -0.01700369
v 0.04363287 0.02642081 -0.01400437
v 0.00758094 0.00558336 -0.02946980
v 0.00000013 0.01952951 -0.01837322
v 0.04799077 0.02747220 -0.00849517
v 0.00230371 0.01653815 -0.02523381
v 0.00159353 0.02392386 -0.01872995
v 0.03366087 0.02982129 -0.00629881
v 0.00000019 0.00372277 -0.02860227
v 0.00047867 0.01147559 -0.02717879
v 0.04232268 0.02996501 -0.00323722
v 0.00000001 0.01402390 -0.01795329
v 0.03294021 0.03012671 -0.00464641
v 0.03167782 0.03009352 -0.00487694
v 0.04946135 0.02775738 -0.00494783
v 0.00049867 0.00803237 -0.02838328
v 0.04634216 0.02744850 -0.01018461
v 0.00145277 0.03012932 -0.00460884
v 0.00000000 0.02109660 -0.00795321
v 0.00000005 0.00003221 -0.02606306
v 0.03125806 0.02806800 -0.01181492
v 0.00308030 0.01669072 -0.02513848
v 0.04317385 0.02525560 -0.01614721
v 0.00735064 0.00873313 -0.02871369
v 0.04320440 0.02699657 -0.01305133
v 0.04683489 0.02301153 -0.01564581
v 0.04318166 0.02585127 -0.01517629
v 0.00150010 0.00277416 -0.00002956
v 0.04158272 0.02796589 -0.01143589
v 0.00000001 0.01797234 -0.01387043
v 0.00813667 0.02373712 -0.01896435
v 0.04192052 0.02876675 -0.00914532
v 0.00084443 0.00845316 -0.02860128
v 0.00021032 0.02917058 -0.00286520
v 0.00011843 0.00643295 -0.02839399
v 0.04712437 0.02580790 -0.01328309
v 0.00805865 0.01965352 -0.02302894
v 0.00199424 0.02395859 -0.01868826
v 0.00000017 0.02248491 -0.01657519
v 0.00180646 0.02412454 -0.01847886
v 0.00643542 0.00227416 -0.02990467
v 0.04085185 0.02556826 -0.01620222
v 0.04293440 0.02576652 -0.01540156
v 0.00000020 0.02839953 -0.00579994
v 0.04903483 0.02491372 -0.01351856
v 0.00766717 0.00581252 -0.02942209
v 0.03944939 0.02949377 -0.00735764
v 0.03984686 0.02458421 -0.01776955
v 0.00875033 0.01297575 -0.02712658
v 0.00141873 0.02868172 -0.01018746
v 0.00453535 0.01352198 -0.02687569
v 0.04217710 0.02922144 -0.00748313
v 0.00513089 0.01436305 -0.02645100
v 0.03299457 0.03046549 -0.00066835
v 0.00890020 0.02103848 -0.02183054
v 0.00025003 0.01973469 -0.02167990
v 0.04918277 0.02827826 -0.00012554
v 0.00104735 0.02616333 -0.01525253
v 0.04502738 0.02871765 -0.00731949
v 0.00040341 0.02956912 -0.00113970
v 0.01153659 0.02438940 -0.01813949
v 0.03995681 0.02818345 -0.01126314
v 0.00146181 0.02992850 -0.00570185
v 0.00000009 0.01948734 -0.01633585
v 0.00000008 0.00981756 -0.02310533
v 0.00000020 0.00863995 -0.02763067
v 0.00000000 0.00008937 -0.02137394
v 0.04036356 0.02990501 -0.00516246
v 0.00000009 0.01841900 -0.01759285
v 0.04250453 0.02889941 -0.00849407
v 0.03146389 0.02761915 -0.01281430
v 0.03321684 0.02972114 -0.00674572
v 0.03203805 0.03049395 -0.00000655
v 0.00835959 0.00435585 -0.02967830
v 0.03342274 0.03039067 -0.00239347
v 0.04456983 0.02821946 -0.00936758
v 0.00002521 0.00351765 -0.02880078
v 0.04184763 0.02603242 -0.01523648
v 0.00117468 0.01849690 -0.02384848
v 0.04246587 0.02863354 -0.00001290
v 0.00092486 0.01764570 -0.02430883
v 0.04799188 0.02870944 -0.00075597
v 0.00841222 0.02829167 -0.01124336
v 0.03533231 0.02886364 -0.00970764
v 0.04614211 0.02486890 -0.01550071
v 0.00170865 0.02078308 -0.02205909
v 0.03615972 0.03045860 -0.00001425
v 0.00112679 0.01957867 -0.02300172
v 0.03895996 0.03039449 -0.00008839
v 0.00166174 0.02175695 -0.02114125
v 0.00777853 0.00700197 -0.02917453
v 0.04281770 0.02766351 -0.01176081
v 0.00648810 0.00511937 -0.02955828
v 0.00022749 0.00417885 -0.02892021
v 0.04981199 0.02299663 -0.01343197
v 0.04408986 0.02948516 -0.00466299
v 0.04133166 0.02728877 -0.01299855
v 0.00166649 0.01685892 -0.02502514
v 0.04562435 0.02761208 -0.01030823
v 0.00000009 0.02407407 -0.00805134
v 0.03943633 0.02577552 -0.01606330
v 0.00000000 0.01334869 -0.01815063
v 0.00082239 0.03000704 -0.00312744
v 0.00094924 0.01246976 -0.02720876
v 0.00005750 0.02897484 -0.00249609
v 0.04890446 0.02321536 -0.01429648
v 0.04548766 0.02940967 -0.00201720
v 0.04308530 0.02952626 -0.00553497
v 0.00128551 0.03028343 -0.00307017
v 0.00018791 0.00402208 -0.02890065
v 0.00155467 0.01819355 -0.02413741
v 0.00000016 0.01632063 -0.02255006
v 0.00075337 0.02978399 -0.00441391
v 0.04299612 0.02454781 -0.01722994
v 0.04964740 0.02753411 -0.00572741
v 0.00000020 0.02833254 -0.00597869
v 0.04939919 0.02815249 -0.00135863
v 0.00184754 0.02594042 -0.01588406
v 0.03251711 0.02893890 -0.00953355
v 0.00000007 0.02440099 -0.00420059
v 0.04778489 0.02845614 -0.00464652
v 0.00079697 0.02165365 -0.02082067
v 0.00082147 0.02599149 -0.01521533
v 0.00523499 0.00517223 -0.02954989
v 0.03934429 0.02807314 -0.01163302
v 0.03925375 0.03029208 -0.00244881
v 0.00089739 0.02837588 -0.01037400
v 0.00538331 0.01681566 -0.02506012
v 0.00007779 0.02495623 -0.01498148
v 0.00000002 0.01450070 -0.01821029
v 0.00000000 0.00002317 -0.02261401
v 0.04551780 0.02461759 -0.01619251
v 0.00043530 0.02960848 -0.00133358
v 0.00058790 0.02380542 -0.01794246
v 0.00073235 0.02458976 -0.01720492
v 0.04962950 0.02776846 -0.00443455
v 0.04964898 0.02656362 -0.00922453
v 0.04370147 0.02625427 -0.01428281
v 0.00084670 0.00384553 -0.02956408
v 0.04036711 0.02756496 -0.01263676
v 0.04755460 0.02667032 -0.01113270
v 0.00204993 0.02185014 -0.02105299
v 0.00000000 0.00003634 -0.00386066
v 0.00736219 0.03039906 -0.00238642
v 0.00249678 0.01798960 -0.02428118
v 0.00247569 0.00683659 -0.02921291
v 0.00000019 0.02729256 -0.00877144
v 0.04372682 0.02985334 -0.00045290
v 0.04611448 0.02886232 -0.00534611
v 0.00157798 0.01336694 -0.02694171
v 0.02120469 0.03028402 -0.00338817
v 0.04702119 0.02502181 -0.01475783
v 0.04547920 0.02932341 -0.00327200
v 0.04940422 0.02444450 -0.01390323
v 0.00045500 0.02624319 -0.01379382
v 0.00000004 0.02372074 -0.00260743
v 0.00000001 0.02213706 -0.00596201
v 0.04998449 0.02299663 -0.01309320
v 0.04555943 0.02945392 -0.00003214
v 0.00561073 0.01355220 -0.02686126
v 0.00066317 0.02874813 -0.00846246
v 0.04767633 0.02516000 -0.01410052
v 0.00046433 0.01740672 -0.02389453
v 0.00000005 0.01750344 -0.01663523
v 0.04714161 0.02617133 -0.01255679
v 0.00034150 0.00339349 -0.02913851
v 0.00694088 0.01849015 -0.02392242
v 0.00025653 0.00584317 -0.02865997
v 0.00007893 0.02591730 -0.01325645
v 0.00162948 0.01930571 -0.02330513
v 0.01573450 0.02436743 -0.01816915
v 0.04774692 0.02770822 -0.00801985
v 0.04783241 0.02300832 -0.01501558
v 0.04780866 0.02716994 -0.00961087
v 0.04958635 0.02545114 -0.01198596
v 0.00068060 0.00090946 -0.02965439
v 0.04611241 0.02928280 -0.00113668
v 0.03616116 0.03007347 -0.00489193
v 0.00169489 0.03005919 -0.00505330
v 0.00833400 0.01663925 -0.02516682
v 0.04657494 0.02898446 -0.00361494
v 0.01089941 0.02269566 -0.02017104
v 0.00067940 0.02884000 -0.00822415
v 0.00166695 0.02954296 -0.00744432
v 0.00132786 0.02633313 -0.01515628
v 0.00266214 0.01012985 -0.02826160
v 0.00000017 0.02807676 -0.00181289
v 0.04438313 0.02971052 -0.00109507
v 0.04188901 0.03008939 -0.00215638
v 0.00048847 0.00376934 -0.02923839
v 0.03853322 0.03033312 -0.00234397
v 0.00000017 0.00104517 -0.02861672
v 0.00000019 0.02798973 -0.00604927
v 0.00000000 0.00036642 -0.02167601
v 0.04919713 0.02534296 -0.01257181
v 0.00122924 0.01758392 -0.02450925
v 0.00000014 0.01431337 -0.02289436
v 0.00207905 0.01503086 -0.02610739
v 0.04878291 0.02694191 -0.00918161
v 0.00056605 0.00308222 -0.02939918
v 0.00150260 0.02597100 -0.01582844
v 0.04286956 0.02453261 -0.01728997
v 0.04319359 0.02743404 -0.01211958
v 0.04573000 0.02829867 -0.00818042
v 0.04428889 0.02303943 -0.01684485
v 0.04619981 0.02826605 -0.00780110
v 0.03363959 0.02785983 -0.01227691
v 0.04353282 0.02919105 -0.00670749
v 0.04875076 0.02836821 -0.00224313
f 557 1136 651
f 1811 1759 1047
f 557 1047 13
f 1047 1759 13
f 13 1509 557
f 1759 1509 13
f 139 1352 700
f 557 1509 700
f 700 1352 93
f 700 1136 557
f 93 1136 700
f 93 1352 1889
f 1162 1509 1759
f 1162 1314 1509
f 880 1047 557
f 557 651 880
f 1552 1071 1654
f 1654 1071 1811
f 1037 956 139
f 139 700 1037
f 1874 700 1509
f 579 263 139
f 967 1136 93
f 93 1889 967
f 270 1889 1360
f 270 967 1889
f 1136 967 270
f 1509 1314 1501
f 1437 1262 261
f 1437 1071 1262
f 1437 1162 1759
f 1759 1811 1135
f 1811 1071 1135
f 1135 1437 1759
f 1071 1437 1135
f 277 1071 1552
f 1262 1071 277
f 1890 1654 1811
f 139 956 1375
f 1375 579 139
f 1826 1889 1352
f 1360 1889 1826
f 1642 880 651
f 1642 1402 1047
f 1047 880 1642
f 385 1314 1724
f 385 1501 1314
f 540 129 1090
f 450 902 540
f 676 1811 1047
f 676 1890 1811
f 634 277 665
f 1262 277 634
f 1552 1654 1804
f 700 1874 201
f 619 1667 723
f 109 1299 1731
f 1731 1936 109
f 1220 1936 1731
f 532 1936 1220
f 1671 1725 1352
f 1352 1904 1671
f 1352 1725 1003
f 1003 1826 1352
f 1360 1826 1003
f 1683 270 1360
f 1360 1039 1683
f 1683 1039 270
f 191 1642 651
f 270 1642 191
f 191 651 1136
f 1136 270 191
f 561 855 1162
f 1757 1904 1352
f 1757 1352 1731
f 1731 1299 1757
f 976 1118 431
f 139 263 599
f 1478 1220 1731
f 574 747 1820
f 1654 1890 222
f 1890 718 222
f 222 1820 1654
f 1047 1402 1788
f 1788 676 1047
f 1890 676 372
f 899 634 665
f 1520 634 899
f 1262 634 982
f 594 1749 1231
f 1862 1596 1798
f 1862 201 1596
f 723 1667 1751
f 1751 1667 263
f 1314 955 378
f 955 1862 378
f 934 1003 1725
f 1112 1039 1360
f 734 1870 742
f 397 1163 683
f 1195 887 1725
f 1617 1195 492
f 1340 1553 1019
f 1722 1118 721
f 1118 976 721
f 121 1039 1338
f 925 1090 1674
f 1674 1239 925
f 1090 1239 1674
f 1876 1239 1090
f 540 902 1495
f 1495 1682 540
f 459 129 540
f 1450 165 139
f 532 1220 1247
f 1654 1820 845
f 1535 222 718
f 574 1820 1151
f 1820 222 1151
f 1151 1535 574
f 222 1535 1151
f 1402 1642 876
f 1642 1294 876
f 1192 892 1262
f 1562 1456 803
f 1562 1477 1456
f 1184 1749 565
f 565 959 1184
f 1184 959 80
f 238 899 665
f 1520 899 758
f 899 238 758
f 758 238 1231
f 758 1834 1520
f 1804 1168 130
f 120 1672 723
f 723 1751 120
f 1149 1862 955
f 955 1751 1149
f 916 1751 263
f 201 1862 916
f 916 1375 956
f 956 1037 916
f 263 579 916
f 579 1375 916
f 916 1037 700
f 700 201 916
f 1724 1314 1925
f 1314 378 1925
f 1249 1862 1798
f 1249 378 1862
f 1349 1082 1188
f 1188 1819 1349
f 1853 1082 1349
f 1907 1667 202
f 1003 934 1837
f 441 35 113
f 202 1667 1483
f 1667 619 1483
f 1483 1808 202
f 1225 1808 1348
f 1808 1483 1348
f 1348 1483 1740
f 1348 1740 619
f 1580 426 1729
f 1797 652 1225
f 1225 1348 1797
f 1797 1348 619
f 884 1393 860
f 373 514 1034
f 287 1698 849
f 803 1456 1390
f 1180 1562 985
f 985 1562 1844
f 275 981 151
f 373 1559 1474
f 719 1163 975
f 1163 397 975
f 30 397 683
f 124 116 349
f 50 828 551
f 288 1468 1469
f 1469 1268 1599
f 1916 1157 431
f 981 1599 948
f 948 151 981
f 1556 45 303
f 45 963 303
f 303 963 1789
f 867 963 45
f 867 1866 1587
f 45 1866 867
f 1469 1468 1310
f 1367 1468 1251
f 1428 1310 1367
f 1367 1310 1468
f 114 382 1038
f 750 382 432
f 1534 939 1312
f 1312 98 1534
f 1932 431 1701
f 754 978 748
f 748 382 754
f 1194 382 748
f 71 592 198
f 592 1268 198
f 431 1118 166
f 166 86 1019
f 1019 1553 166
f 166 1553 1312
f 780 1097 1299
f 780 1936 532
f 942 1885 520
f 520 1885 1195
f 620 993 520
f 520 1112 1360
f 520 993 1112
f 1725 887 1411
f 1411 934 1725
f 887 1195 1411
f 1195 1885 1411
f 115 1195 1725
f 115 492 1195
f 603 813 294
f 1312 1553 1206
f 214 1118 1722
f 633 603 1019
f 813 603 633
f 340 976 868
f 1602 1666 1722
f 353 976 340
f 1095 980 904
f 1171 631 857
f 809 747 574
f 574 631 809
f 809 1820 747
f 809 845 1820
f 258 1221 384
f 1026 1546 1719
f 294 416 539
f 606 1338 894
f 1239 1876 1369
f 816 1362 540
f 1682 1563 764
f 540 1682 1601
f 1601 459 540
f 165 1450 568
f 263 153 563
f 139 165 89
f 89 1478 1731
f 89 209 1478
f 89 1352 139
f 1731 1352 89
f 347 1338 606
f 1525 890 1302
f 1525 1039 121
f 121 347 1525
f 1846 890 1525
f 1302 890 1867
f 370 1302 1370
f 1370 1154 370
f 1890 372 1728
f 1262 982 685
f 685 1192 1262
f 1864 982 803
f 1864 1791 982
f 1864 1390 1791
f 803 1390 1864
f 1844 1562 1554
f 1554 1834 1844
f 1554 1562 803
f 1520 1834 1554
f 803 982 1554
f 1554 634 1520
f 1554 982 634
f 1378 1749 594
f 1378 565 1749
f 1000 1745 1690
f 594 1231 175
f 1231 238 1307
f 1439 587 1231
f 1073 1749 500
f 367 130 219
f 219 130 1168
f 1672 955 489
f 489 955 1314
f 1314 1833 489
f 1833 1143 489
f 1123 1751 955
f 1123 120 1751
f 1123 955 1672
f 1672 120 1123
f 553 138 635
f 1314 1761 276
f 276 1833 1314
f 276 786 1833
f 823 1349 1819
f 823 507 1853
f 1853 1349 823
f 601 1797 1677
f 1677 1797 619
f 1677 619 723
f 611 1287 1064
f 1506 507 1616
f 1600 149 1616
f 1819 149 1600
f 1600 823 1819
f 1616 507 1600
f 507 823 1600
f 1810 149 1819
f 1164 153 263
f 1164 1907 153
f 263 1667 1164
f 1667 1907 1164
f 104 993 620
f 1906 993 104
f 620 520 104
f 104 520 590
f 1896 1341 1432
f 517 441 1297
f 35 441 517
f 1112 993 1045
f 1870 153 1383
f 1383 1931 1870
f 202 1808 36
f 1542 1393 734
f 860 1393 1542
f 734 742 1542
f 619 1740 1923
f 1923 1483 619
f 1740 1483 1923
f 1712 1580 1106
f 21 884 652
f 652 1797 21
f 21 1797 601
f 652 884 1459
f 1764 884 1729
f 1393 884 1764
f 1479 1269 359
f 1479 1591 339
f 339 359 1269
f 339 1591 1314
f 339 1698 770
f 339 1314 849
f 849 1698 339
f 88 1591 1479
f 1479 142 88
f 1314 1591 88
f 770 1698 56
f 1698 287 1407
f 1750 1109 849
f 855 949 1750
f 1162 855 1750
f 849 1314 1750
f 1314 1162 1750
f 690 1750 692
f 692 1750 949
f 434 163 296
f 1251 536 1049
f 1251 1468 516
f 516 536 1251
f 1468 288 516
f 1789 963 891
f 1568 891 1854
f 151 891 1568
f 275 151 1568
f 653 326 503
f 1474 1310 503
f 503 1428 653
f 503 1310 1428
f 261 1262 1008
f 1262 892 1008
f 892 1390 1008
f 1390 296 1008
f 1430 163 434
f 1430 3 163
f 163 3 1165
f 163 861 960
f 960 861 774
f 960 774 864
f 855 614 1062
f 1062 614 1429
f 1853 507 571
f 349 116 571
f 1732 828 50
f 50 881 1732
f 1127 1866 828
f 1587 1866 1127
f 1127 881 1587
f 1865 551 828
f 828 1866 1865
f 1865 805 518
f 1866 805 1865
f 969 413 50
f 50 551 969
f 551 1865 969
f 1587 870 1086
f 1086 870 1854
f 1086 867 1587
f 963 867 1086
f 1854 891 1086
f 1086 891 963
f 1582 14 494
f 536 870 1582
f 116 805 1010
f 1853 571 1010
f 1010 571 116
f 1441 413 1575
f 413 64 1575
f 1575 116 1441
f 1575 805 116
f 1575 64 805
f 1717 64 413
f 805 64 1717
f 199 1268 592
f 199 1599 1268
f 199 592 71
f 798 1599 981
f 9 976 431
f 9 948 1599
f 1713 288 1469
f 1469 1599 1713
f 1599 798 1713
f 1713 798 981
f 1713 981 275
f 275 288 1713
f 1528 431 1932
f 431 1157 1536
f 1536 9 431
f 948 9 1536
f 1789 151 1401
f 151 948 1401
f 1469 1310 180
f 1194 748 180
f 180 748 978
f 71 198 180
f 326 1367 1292
f 1292 1367 1251
f 494 14 698
f 14 1900 698
f 373 1474 1055
f 1474 503 1055
f 1055 503 326
f 326 1292 1055
f 1844 1834 1281
f 395 758 500
f 750 457 1643
f 1643 457 1844
f 950 382 114
f 239 382 1194
f 1194 180 239
f 239 180 1310
f 217 1534 98
f 217 712 1932
f 540 1090 504
f 504 1090 925
f 925 1101 504
f 504 1101 1163
f 1932 1701 1304
f 591 166 1118
f 86 166 591
f 1019 86 591
f 1220 1478 1092
f 1092 1247 1220
f 962 1757 1299
f 1400 962 1299
f 1590 1036 590
f 486 1203 1178
f 998 1206 1553
f 1754 1715 337
f 914 1715 1754
f 336 1715 1237
f 1715 914 1237
f 1019 603 254
f 294 243 254
f 254 603 294
f 801 1549 1700
f 98 1549 801
f 763 1438 10
f 1722 1666 696
f 696 214 1722
f 524 696 1666
f 214 696 524
f 1118 214 524
f 1019 591 524
f 524 591 1118
f 1176 980 1095
f 1666 1602 357
f 357 1633 1666
f 96 1602 1722
f 228 353 274
f 976 353 228
f 813 904 1253
f 802 904 980
f 802 980 1802
f 1224 140 360
f 1594 1224 360
f 1594 821 1754
f 1754 1224 1594
f 143 345 125
f 1569 1709 1403
f 1148 720 1341
f 1289 177 1869
f 1818 1804 1654
f 1804 1630 479
f 1630 1785 479
f 479 1168 1804
f 631 1171 1640
f 515 351 290
f 515 1235 351
f 290 351 1639
f 351 197 1639
f 197 1799 1639
f 1067 7 269
f 101 1235 1196
f 1523 1639 1799
f 1233 824 529
f 43 1233 529
f 906 1233 71
f 906 824 1233
f 1221 258 1214
f 384 1221 732
f 732 1377 384
f 384 1377 1256
f 1256 264 384
f 1539 1026 1719
f 1719 1291 1539
f 294 813 1539
f 813 1253 1539
f 661 1451 669
f 1291 1451 661
f 661 1539 1291
f 661 416 294
f 294 1539 661
f 295 894 1338
f 1039 1112 161
f 161 1338 1039
f 1516 362 654
f 606 894 686
f 894 1903 686
f 686 1903 818
f 77 1935 460
f 1790 1935 77
f 883 1935 1937
f 1937 1229 883
f 460 1935 883
f 1737 24 1298
f 24 1911 1298
f 617 1090 129
f 617 1911 1090
f 1216 816 540
f 816 1216 1305
f 1305 1216 1240
f 834 764 1563
f 165 568 1661
f 1824 193 940
f 940 193 869
f 1478 209 253
f 244 1228 253
f 253 209 244
f 1654 845 350
f 350 1818 1654
f 76 718 1890
f 76 716 718
f 1890 578 76
f 1530 136 718
f 1154 713 310
f 827 781 372
f 121 1338 1527
f 1527 347 121
f 1338 347 1527
f 582 1525 347
f 606 74 582
f 582 347 606
f 1746 890 1846
f 1746 1867 890
f 935 1624 400
f 1370 1302 935
f 1302 1867 935
f 935 1746 481
f 1867 1746 935
f 935 1154 1370
f 935 713 1154
f 1511 1642 270
f 270 1039 1511
f 1039 1525 1511
f 1511 1525 1302
f 1302 370 1511
f 1511 1154 327
f 1511 370 1154
f 982 1791 169
f 169 685 982
f 1265 1745 1115
f 1744 106 101
f 101 1745 1744
f 1744 1745 1000
f 1184 439 1794
f 959 1690 839
f 839 80 959
f 1231 1307 454
f 454 238 665
f 454 1307 238
f 1353 1439 367
f 587 1439 1353
f 367 219 1353
f 1840 758 1231
f 1840 1231 1749
f 1749 1073 1840
f 500 758 1840
f 1840 1073 500
f 933 489 1143
f 100 627 900
f 900 627 859
f 1833 786 1014
f 725 786 544
f 544 786 627
f 544 627 100
f 932 276 1761
f 726 900 859
f 1409 635 138
f 100 900 1409
f 1409 726 635
f 900 726 1409
f 873 276 859
f 786 276 873
f 859 627 873
f 627 786 873
f 1873 1821 1547
f 1188 1082 1547
f 1082 186 1547
f 1873 1547 929
f 1124 1163 719
f 1124 526 1163
f 719 1638 1124
f 601 1677 706
f 723 1675 584
f 584 1677 723
f 550 933 753
f 489 933 550
f 100 927 1394
f 234 1143 1833
f 483 927 507
f 507 1506 483
f 1829 773 40
f 40 1161 1644
f 1644 1829 40
f 194 40 773
f 1737 1753 66
f 1583 1753 1737
f 1829 1753 1583
f 1737 773 1583
f 1583 773 1829
f 997 1819 1188
f 997 433 1634
f 1297 1906 1926
f 1906 104 1926
f 590 35 1926
f 1926 104 590
f 1297 218 34
f 1463 388 760
f 1297 441 389
f 389 1234 1896
f 389 441 113
f 113 1234 389
f 10 1438 1872
f 1872 218 10
f 1872 1438 1463
f 302 1045 1457
f 1112 1045 302
f 537 178 1457
f 1297 34 537
f 1651 178 537
f 537 34 1651
f 131 993 1906
f 131 1045 993
f 131 1906 1297
f 1297 537 131
f 1897 814 1931
f 1897 1921 814
f 1870 1931 1029
f 1931 814 1029
f 509 1383 153
f 509 1907 202
f 153 1907 509
f 652 1588 1368
f 1368 1588 860
f 860 1542 1368
f 185 1106 1580
f 1486 1561 406
f 301 915 1557
f 1486 406 1557
f 1747 884 860
f 1747 1459 884
f 426 751 438
f 751 1764 438
f 1729 426 438
f 438 1764 1729
f 1419 1589 1393
f 1393 1764 1419
f 37 1269 1479
f 1479 339 37
f 37 339 1269
f 300 1702 142
f 300 138 1380
f 300 1409 138
f 1236 1761 1314
f 1314 88 1236
f 1236 300 1380
f 1236 699 1761
f 514 1169 1077
f 1077 1034 514
f 957 770 205
f 205 882 957
f 795 882 205
f 770 56 38
f 38 1342 770
f 917 882 795
f 957 882 917
f 917 1900 14
f 917 514 373
f 373 1900 917
f 14 412 917
f 1612 1374 461
f 623 1612 800
f 623 1374 1612
f 800 38 623
f 168 618 819
f 819 614 168
f 1429 614 819
f 849 1109 417
f 1317 417 1489
f 1489 417 1109
f 605 1489 1109
f 687 176 373
f 687 692 575
f 575 681 687
f 687 681 176
f 829 296 1887
f 1851 614 1635
f 434 296 44
f 1844 457 4
f 1559 1329 1434
f 750 432 1434
f 1648 1625 985
f 624 1625 1648
f 1180 985 1765
f 985 1625 1765
f 1456 1477 1765
f 974 151 1789
f 1789 891 974
f 974 891 151
f 1431 1568 1854
f 1854 870 1431
f 1431 870 536
f 275 1568 1431
f 536 516 1431
f 1431 288 275
f 1431 516 288
f 864 774 1238
f 1238 774 261
f 354 561 1162
f 354 861 163
f 163 1165 354
f 1821 1817 1089
f 1089 1547 1821
f 1786 1817 1821
f 719 975 1786
f 1257 124 349
f 349 571 1257
f 1787 571 507
f 1787 927 100
f 1587 881 493
f 1860 412 14
f 957 917 767
f 767 917 412
f 14 1582 848
f 848 1582 870
f 848 1860 14
f 870 1860 848
f 536 1582 387
f 387 1049 536
f 1032 1273 805
f 1032 1866 45
f 1032 805 1866
f 45 756 1032
f 1198 1032 756
f 1273 1032 1198
f 756 186 1198
f 805 1273 1198
f 1198 1010 805
f 1853 1010 1198
f 1198 1082 1853
f 1198 186 1082
f 569 1717 413
f 569 1865 518
f 1718 868 976
f 43 868 1718
f 1718 1233 43
f 1932 712 1331
f 1331 1528 1932
f 1331 303 1789
f 1157 1916 1331
f 1789 1401 1331
f 1331 1401 1157
f 1331 1916 431
f 431 1528 1331
f 948 1536 535
f 535 1401 948
f 535 1536 1157
f 1157 1401 535
f 1469 180 1858
f 1858 180 198
f 1858 1268 1469
f 1858 198 1268
f 1251 352 316
f 316 1292 1251
f 352 1055 316
f 316 1055 1292
f 1844 1281 427
f 427 1281 1038
f 427 1643 1844
f 1038 1281 1183
f 1183 395 1038
f 758 395 1183
f 1834 758 1183
f 1183 1281 1834
f 114 1038 972
f 972 950 114
f 279 950 972
f 1038 395 972
f 500 279 972
f 972 395 500
f 1914 432 382
f 382 239 1914
f 1534 217 947
f 777 318 98
f 777 1507 318
f 1147 45 1556
f 1147 756 45
f 712 217 918
f 918 217 98
f 95 166 1312
f 1312 1304 95
f 431 166 95
f 95 1701 431
f 95 1304 1701
f 1484 780 532
f 1484 1092 780
f 1478 793 558
f 558 1092 1478
f 558 793 1057
f 1024 1092 1261
f 821 1594 1261
f 1261 1594 360
f 360 771 1261
f 1757 962 1033
f 1033 1671 1904
f 1725 1671 1033
f 1904 1757 1033
f 492 115 1033
f 1033 115 1725
f 1033 962 1099
f 1617 492 1033
f 1033 549 1617
f 1299 1097 1022
f 1022 1400 1299
f 1099 962 322
f 962 1400 322
f 322 1033 1099
f 322 1400 549
f 549 1033 322
f 1863 1092 1024
f 1863 1400 1092
f 549 1400 1863
f 1863 1816 549
f 590 1036 92
f 1036 1590 92
f 1254 520 1195
f 1254 1590 520
f 590 520 1776
f 1776 1590 590
f 520 1590 1776
f 999 336 540
f 999 329 336
f 1203 486 1773
f 73 486 1178
f 73 1715 336
f 336 486 73
f 1332 486 336
f 336 329 1332
f 1332 1773 486
f 567 998 1332
f 1332 998 1203
f 1203 1773 1332
f 1332 414 567
f 540 414 1332
f 1203 998 1007
f 487 73 1178
f 1715 73 487
f 1335 337 487
f 487 337 1715
f 1227 488 765
f 1103 320 215
f 922 801 1700
f 422 763 10
f 10 278 422
f 422 278 1896
f 422 1896 1432
f 1044 362 1516
f 1207 1629 1516
f 1516 654 1207
f 1207 654 152
f 1339 1272 25
f 871 152 1361
f 1516 1629 762
f 762 232 1516
f 1629 232 762
f 765 488 1823
f 1629 152 616
f 616 232 1629
f 980 1176 184
f 1019 524 184
f 184 524 1666
f 1666 1633 184
f 559 633 1019
f 1019 184 559
f 559 184 1176
f 1802 980 1445
f 980 184 1445
f 1711 1602 410
f 1602 96 410
f 1719 1546 58
f 1546 1026 659
f 659 1752 1546
f 497 1253 904
f 904 802 497
f 140 430 271
f 345 143 643
f 480 143 1458
f 1458 143 1397
f 1024 1261 1245
f 1245 1261 771
f 1212 358 1709
f 1335 487 383
f 383 487 281
f 383 260 177
f 383 215 1708
f 177 260 1006
f 475 1630 1804
f 1804 1818 475
f 1818 350 475
f 1806 182 986
f 986 1785 1630
f 1514 585 674
f 1514 1235 101
f 351 1235 1514
f 1514 182 1806
f 1742 1171 857
f 857 54 1742
f 631 1640 807
f 631 807 1857
f 325 775 1630
f 1669 775 325
f 325 776 1669
f 965 7 290
f 290 269 965
f 965 269 7
f 1152 196 645
f 1 1451 1719
f 669 1451 1
f 746 1291 1719
f 1719 1451 746
f 746 1451 1291
f 416 661 1318
f 1338 161 1391
f 1028 1436 787
f 554 117 460
f 1339 654 375
f 375 654 362
f 375 1272 1339
f 1209 654 1339
f 152 654 1209
f 1339 25 1209
f 1209 25 152
f 447 1440 1488
f 1807 1436 460
f 1807 787 1436
f 74 1544 411
f 481 1746 411
f 411 1746 1846
f 1846 226 411
f 411 935 481
f 1624 935 411
f 478 74 606
f 466 1903 894
f 1488 1440 1487
f 1487 818 1488
f 1487 1229 818
f 1790 77 286
f 925 1075 1898
f 1898 1327 925
f 1482 853 1239
f 1239 853 602
f 925 1239 602
f 602 1075 925
f 1133 289 304
f 304 289 52
f 304 406 702
f 107 834 1563
f 1563 1782 107
f 1240 869 921
f 568 688 1453
f 1078 568 1355
f 1078 688 568
f 263 563 1226
f 1226 694 263
f 563 694 1226
f 46 48 657
f 1057 793 46
f 1057 940 1018
f 1018 940 869
f 1696 350 845
f 195 315 667
f 667 315 1351
f 1919 76 578
f 716 76 1919
f 1145 1088 1530
f 718 716 1145
f 1145 1530 718
f 1530 1088 1879
f 1150 1728 372
f 372 781 1150
f 1890 1728 1150
f 1399 739 676
f 1399 791 739
f 739 791 672
f 1813 310 1130
f 1813 827 372
f 327 1154 1940
f 1154 310 1940
f 69 582 74
f 1525 582 69
f 396 1848 1294
f 396 1294 1642
f 1642 1511 396
f 396 1511 327
f 596 1115 1745
f 500 1749 236
f 236 279 500
f 236 1749 1184
f 1184 1794 236
f 227 950 279
f 279 236 227
f 227 236 1794
f 382 950 227
f 1531 839 1690
f 1531 1745 1265
f 1531 1690 1745
f 594 175 49
f 640 175 1231
f 1231 587 640
f 1042 1514 674
f 182 1514 1042
f 213 1410 470
f 572 1410 213
f 565 572 213
f 959 565 213
f 1796 1675 723
f 723 1571 1796
f 1672 489 99
f 723 1672 99
f 99 1571 723
f 1005 786 725
f 1005 1014 786
f 1662 401 725
f 725 544 1662
f 1662 1394 401
f 276 932 1730
f 1380 138 146
f 635 726 267
f 859 276 141
f 276 726 141
f 1508 186 854
f 1508 1547 186
f 719 1786 128
f 128 1821 1873
f 128 1786 1821
f 1217 1561 1486
f 1486 562 1217
f 987 1217 562
f 1571 99 409
f 598 377 1467
f 984 28 1398
f 866 1064 1287
f 1287 1076 866
f 393 1076 1287
f 401 1394 1861
f 1014 1005 1861
f 725 401 1861
f 1861 1005 725
f 1271 1217 1213
f 1217 987 1213
f 970 24 1737
f 1737 66 970
f 1090 1911 1190
f 1190 1876 1090
f 1190 977 1876
f 1242 1753 1829
f 1242 977 1753
f 1242 1829 1644
f 1876 977 1242
f 1644 1876 1242
f 830 30 1518
f 1518 1817 830
f 211 615 1040
f 211 1101 925
f 211 626 1101
f 1901 1040 433
f 1901 211 1040
f 958 211 1901
f 433 997 896
f 896 997 1188
f 1768 1518 691
f 433 1768 1048
f 1048 1901 433
f 958 1901 1048
f 1676 235 1810
f 1676 1810 1819
f 1819 997 1676
f 1676 997 1634
f 1644 1161 1927
f 1927 235 1644
f 1634 433 1381
f 1381 1676 1634
f 235 1676 1381
f 934 660 1346
f 1346 1837 934
f 822 517 1297
f 1297 1926 822
f 35 517 822
f 822 1926 35
f 1457 178 1425
f 1425 302 1457
f 307 302 1425
f 51 178 1651
f 273 447 1488
f 1896 1234 29
f 10 218 1710
f 218 389 1710
f 945 218 1297
f 1297 389 945
f 945 389 218
f 1201 1872 1463
f 1112 302 162
f 162 302 307
f 162 307 1868
f 1457 1045 1512
f 1512 537 1457
f 1045 131 1512
f 1512 131 537
f 1471 1897 1931
f 1931 1383 1471
f 1471 36 1808
f 1808 1897 1471
f 1657 742 1870
f 1870 1029 1657
f 202 36 1500
f 1500 509 202
f 1225 1368 632
f 632 1368 1542
f 1225 652 449
f 652 1368 449
f 1921 1897 1603
f 1424 543 1899
f 1899 1542 1424
f 1225 543 1424
f 1424 1542 742
f 742 1703 1424
f 502 1808 1225
f 1225 1424 502
f 502 1424 1703
f 1259 185 601
f 1106 185 1259
f 601 706 1259
f 884 21 408
f 21 1505 408
f 1505 1435 408
f 1729 884 408
f 1565 185 1580
f 1565 21 601
f 1565 1505 21
f 979 740 1917
f 301 740 1174
f 1174 915 301
f 735 915 1174
f 1174 1668 735
f 1094 915 735
f 1626 1142 751
f 1626 751 426
f 1626 1557 915
f 751 1142 379
f 735 156 379
f 379 1764 751
f 379 1419 1764
f 1589 1419 379
f 379 1094 735
f 1142 1094 379
f 1481 770 957
f 1481 339 770
f 1479 359 1363
f 359 339 1363
f 339 1481 1363
f 1770 1236 88
f 142 1702 1770
f 1770 88 142
f 1702 300 1770
f 300 1236 1770
f 1372 287 849
f 770 1342 1085
f 1085 205 770
f 772 917 1612
f 1612 461 772
f 514 917 772
f 1066 38 56
f 1066 623 38
f 655 1407 287
f 287 689 655
f 607 689 287
f 1374 689 607
f 607 461 1374
f 1433 1109 1645
f 1109 1283 1645
f 1263 1283 1109
f 190 1109 1433
f 190 605 1109
f 1034 1077 1465
f 373 681 1132
f 373 176 1878
f 1878 681 373
f 176 681 1878
f 103 681 575
f 1098 949 484
f 1098 692 949
f 690 692 1631
f 692 687 1631
f 373 1283 1831
f 1831 687 373
f 1831 1283 898
f 561 829 157
f 855 561 157
f 157 614 855
f 1635 614 157
f 333 296 878
f 296 829 560
f 560 44 296
f 308 157 829
f 1153 296 163
f 1153 1918 296
f 1373 4 457
f 624 1648 1373
f 985 4 1373
f 1373 1648 985
f 629 985 1844
f 1844 4 629
f 629 4 985
f 624 1373 391
f 391 1373 457
f 1494 391 457
f 1494 457 750
f 886 432 1559
f 1559 1434 886
f 886 1434 432
f 381 1279 1681
f 1329 1279 381
f 1836 1625 296
f 1836 1765 1625
f 1456 1765 1836
f 1836 1390 1456
f 1836 296 1390
f 752 1900 1470
f 1900 533 1470
f 1470 387 752
f 1049 387 1470
f 200 533 1900
f 200 1055 352
f 200 1900 373
f 373 1055 200
f 261 1008 1053
f 1053 1238 261
f 561 354 641
f 641 354 1165
f 1188 1547 63
f 63 1089 1188
f 1547 1089 63
f 1707 1786 830
f 830 1817 1707
f 1817 1786 1707
f 879 1787 100
f 571 1787 879
f 879 1257 571
f 124 1257 879
f 100 1409 879
f 1441 116 879
f 116 124 879
f 879 413 1441
f 879 1409 413
f 989 881 50
f 989 493 881
f 528 1860 870
f 493 1860 528
f 528 870 1587
f 1587 493 528
f 412 1860 1685
f 1685 1860 493
f 1886 1582 494
f 1886 387 1582
f 805 1717 1570
f 1717 569 1570
f 518 805 1570
f 1570 569 518
f 413 969 941
f 941 569 413
f 941 969 1865
f 1865 569 941
f 976 9 593
f 593 1718 976
f 593 9 1599
f 1599 199 593
f 649 1331 712
f 1658 1331 649
f 303 1331 841
f 1643 427 398
f 398 382 750
f 750 1643 398
f 398 1038 382
f 398 427 1038
f 738 1474 1559
f 1559 432 738
f 432 1914 738
f 738 1310 1474
f 738 239 1310
f 939 1534 743
f 1534 947 743
f 1849 217 1932
f 1849 947 217
f 1849 743 947
f 939 743 1849
f 1312 939 1849
f 1932 1304 1849
f 1849 1304 1312
f 231 186 756
f 756 1147 231
f 854 186 1693
f 186 231 1693
f 1333 1147 1658
f 712 918 1333
f 1333 649 712
f 365 869 1240
f 365 1018 869
f 365 1216 540
f 1240 1216 365
f 1057 1018 365
f 1933 1237 914
f 1933 1261 1092
f 1933 914 1754
f 1092 558 1933
f 1933 365 540
f 1933 558 1057
f 1057 365 1933
f 540 336 1933
f 336 1237 1933
f 1097 780 983
f 983 1022 1097
f 780 1092 983
f 1092 1400 983
f 1400 1022 983
f 1120 143 1816
f 1816 1863 1120
f 1397 143 1120
f 1024 1397 1120
f 1120 1863 1024
f 407 1254 1396
f 1203 1007 1809
f 1809 1007 1358
f 1358 1007 216
f 1335 383 1774
f 1068 430 140
f 1068 1224 1754
f 140 1224 1068
f 755 320 363
f 363 1609 755
f 363 320 1103
f 1103 215 363
f 488 1227 1322
f 755 1609 511
f 511 1609 1358
f 511 254 243
f 1871 1382 511
f 1358 216 511
f 511 216 1007
f 6 320 755
f 6 1227 320
f 1832 98 1312
f 1832 1549 98
f 1312 1206 1832
f 1206 998 1832
f 727 1272 491
f 362 1044 1607
f 677 152 1629
f 1629 1207 677
f 677 1207 152
f 1361 152 1585
f 152 25 1585
f 1585 1272 727
f 1585 25 1272
f 636 1709 1569
f 636 616 871
f 636 871 1361
f 1361 1212 636
f 636 1212 1709
f 1573 320 1015
f 564 1756 820
f 564 1573 1756
f 564 1608 320
f 320 1573 564
f 820 1756 1046
f 1046 616 820
f 1046 1227 765
f 1015 320 1046
f 320 1227 1046
f 1046 1573 1015
f 1756 1573 1046
f 152 871 207
f 207 616 152
f 871 616 207
f 232 616 1934
f 765 1823 1934
f 1934 1823 232
f 1934 1046 765
f 616 1046 1934
f 820 616 206
f 206 564 820
f 1802 1445 17
f 17 1445 357
f 1633 357 1100
f 357 1445 1100
f 1100 184 1633
f 1100 1445 184
f 1711 410 464
f 464 410 1752
f 1546 1752 1678
f 1752 410 1678
f 496 58 1546
f 1026 1938 1533
f 1533 659 1026
f 1345 177 480
f 480 271 1345
f 1345 271 177
f 360 140 1366
f 140 271 1366
f 1366 771 360
f 1366 271 480
f 1366 1245 771
f 480 1458 1366
f 1366 1458 1397
f 1270 643 1289
f 1289 643 905
f 480 177 905
f 905 177 1289
f 1289 1403 1558
f 1558 1270 1289
f 1699 1212 1361
f 1284 383 281
f 215 383 1284
f 1358 1609 1284
f 1609 363 1284
f 1284 363 215
f 1284 1809 1358
f 281 1809 1284
f 1785 986 586
f 586 986 182
f 585 1514 8
f 106 1514 371
f 101 106 371
f 371 1514 101
f 351 1514 440
f 440 1514 1806
f 259 196 667
f 81 1857 807
f 1610 776 81
f 81 776 1857
f 1134 776 1922
f 1857 776 1134
f 1084 809 631
f 631 1857 1084
f 845 809 1084
f 1084 1857 845
f 1669 776 573
f 158 197 351
f 351 440 158
f 158 440 1669
f 1669 573 158
f 1415 475 350
f 1630 475 1415
f 350 1696 1415
f 1415 1696 845
f 1415 1134 1922
f 1922 776 1415
f 845 1857 1415
f 1857 1134 1415
f 1235 515 1551
f 515 1684 1551
f 108 1684 515
f 290 7 1001
f 1001 1354 290
f 341 515 290
f 290 1354 341
f 269 1778 1117
f 1067 269 1117
f 1117 704 1067
f 374 704 1117
f 1385 1778 269
f 1385 269 290
f 455 1778 1385
f 290 1639 1385
f 1639 1523 1385
f 101 1196 1002
f 1175 613 7
f 1175 7 1067
f 840 1566 757
f 1248 1566 840
f 19 645 135
f 647 919 19
f 18 645 196
f 384 264 312
f 312 1447 384
f 294 539 1856
f 262 1447 815
f 815 312 264
f 1447 312 815
f 824 906 1330
f 906 1915 1330
f 1138 1794 439
f 1248 1915 1138
f 1138 227 1794
f 1138 1566 1248
f 1418 704 374
f 628 390 292
f 132 467 292
f 971 467 132
f 420 529 824
f 991 1214 258
f 416 1318 134
f 134 539 416
f 1664 262 1158
f 1664 1382 1871
f 1664 1871 294
f 55 964 1516
f 55 1823 488
f 1516 232 55
f 232 1823 55
f 908 161 1868
f 908 1391 161
f 1868 307 908
f 1114 778 946
f 424 1436 1028
f 256 1807 67
f 67 1807 664
f 67 375 362
f 460 883 386
f 1440 447 386
f 447 273 1748
f 664 447 1830
f 1830 67 664
f 447 1748 1830
f 1830 1748 760
f 39 1807 460
f 577 174 1449
f 1581 478 656
f 1449 174 1572
f 606 686 332
f 332 478 606
f 332 1229 1937
f 448 478 1581
f 448 1544 74
f 74 478 448
f 1488 818 705
f 705 1179 1488
f 1463 760 1309
f 1488 1179 1309
f 1229 1487 1197
f 1197 883 1229
f 1197 1487 1440
f 1440 883 1197
f 460 117 1286
f 1286 77 460
f 1286 286 77
f 1655 1482 1239
f 785 304 52
f 785 1557 406
f 406 304 785
f 301 1557 785
f 1288 328 289
f 1288 289 1133
f 1492 328 1563
f 52 289 1274
f 1362 816 5
f 1881 11 1413
f 11 405 1413
f 1413 405 1782
f 1413 1782 1563
f 459 1601 1576
f 1576 1311 129
f 129 459 1576
f 862 1217 1271
f 1881 1217 862
f 1695 1013 735
f 421 1013 1695
f 735 1668 1695
f 1205 1013 546
f 546 1013 421
f 1589 379 1105
f 1105 379 156
f 338 921 869
f 1822 921 338
f 150 921 1822
f 1159 1734 1777
f 75 1734 1159
f 193 1734 75
f 869 193 75
f 1079 1453 244
f 568 1453 1079
f 283 599 263
f 263 694 283
f 70 499 694
f 1057 46 566
f 566 46 657
f 1805 679 1057
f 1716 679 1065
f 1716 940 1057
f 1057 679 1716
f 1065 679 782
f 164 782 210
f 210 782 679
f 474 428 1282
f 179 428 1355
f 179 153 1870
f 179 563 153
f 179 694 563
f 1355 70 179
f 179 70 694
f 1772 253 1228
f 1199 657 1493
f 657 48 1493
f 1355 428 1493
f 1493 428 474
f 715 195 667
f 667 196 715
f 857 631 668
f 195 715 668
f 667 1351 1694
f 1714 1919 578
f 1139 1879 1088
f 574 697 1017
f 1017 697 315
f 1017 631 574
f 1017 668 631
f 136 315 1408
f 315 697 1408
f 1408 1535 718
f 718 136 1408
f 574 1535 1408
f 1408 697 574
f 827 1813 1727
f 717 1813 372
f 717 372 676
f 676 739 717
f 713 935 425
f 425 310 713
f 425 935 400
f 74 226 521
f 521 69 74
f 521 226 1846
f 1452 396 327
f 1848 396 1452
f 327 672 1452
f 1452 672 791
f 32 1499 1555
f 1910 439 1184
f 227 1138 663
f 674 585 1632
f 175 640 477
f 477 640 1875
f 684 213 84
f 84 213 470
f 100 1394 576
f 1394 1662 576
f 576 544 100
f 576 1662 544
f 133 1730 932
f 133 138 553
f 553 1730 133
f 1380 146 1498
f 1498 1236 1380
f 553 635 912
f 912 267 553
f 635 267 912
f 456 267 726
f 276 1730 456
f 1895 726 859
f 859 141 1895
f 1895 141 726
f 854 1091 973
f 1427 929 1547
f 1547 1508 1427
f 1189 929 1427
f 1873 929 1144
f 1873 1316 33
f 33 119 1638
f 33 1316 526
f 526 119 33
f 1060 1913 1163
f 1163 526 1060
f 526 1316 1060
f 1189 923 835
f 835 923 1913
f 91 1124 1638
f 526 1124 91
f 91 119 526
f 1835 562 1486
f 1486 1035 1835
f 877 1035 498
f 877 498 426
f 877 1580 1712
f 426 1580 877
f 637 406 1561
f 1561 1217 637
f 637 1217 1881
f 637 1881 702
f 702 406 637
f 808 1404 706
f 928 1301 838
f 149 257 1812
f 1812 257 788
f 489 550 453
f 453 1446 984
f 1324 1398 1677
f 1287 1677 1300
f 598 1467 1619
f 1467 1300 1619
f 1111 409 99
f 1543 393 1143
f 1076 393 1543
f 1833 1014 1743
f 1743 1347 1833
f 160 1064 1843
f 1064 1347 1843
f 1843 1743 160
f 1347 1743 1843
f 927 1606 1056
f 1056 1606 1064
f 1056 1394 927
f 1056 1064 160
f 927 483 863
f 863 483 1506
f 485 863 1506
f 485 1506 1616
f 1025 1812 788
f 1025 485 1616
f 733 485 1025
f 1616 149 1025
f 149 1812 1025
f 1129 1606 642
f 611 1064 1129
f 1064 1606 1129
f 1161 40 468
f 468 1213 1161
f 40 1213 468
f 1161 1213 85
f 85 1213 987
f 85 257 1161
f 40 194 1182
f 1182 1213 40
f 1222 773 1737
f 252 1190 1911
f 977 1190 252
f 252 1911 24
f 1753 977 1859
f 977 252 1859
f 1817 1518 1443
f 433 896 1443
f 1443 1768 433
f 1443 1518 1768
f 936 211 958
f 145 691 1101
f 1618 30 683
f 1618 691 30
f 1101 691 1618
f 683 1163 1618
f 1163 1101 1618
f 1290 1518 30
f 30 691 1290
f 1290 691 1518
f 1810 235 836
f 235 1927 836
f 149 1810 836
f 836 257 149
f 1161 257 836
f 47 1346 660
f 47 660 1567
f 47 520 1360
f 47 1567 942
f 942 520 47
f 1686 1425 178
f 178 51 1686
f 307 1425 1686
f 1651 34 1647
f 1647 51 1651
f 1646 1309 760
f 760 1748 1646
f 1646 1748 273
f 1341 1896 1767
f 1767 29 1341
f 1896 29 1767
f 846 92 1590
f 1896 278 1218
f 1218 278 10
f 10 1710 1218
f 1218 389 1896
f 1218 1710 389
f 36 1471 856
f 1383 509 856
f 856 1471 1383
f 1721 1657 1029
f 1721 1703 742
f 742 1657 1721
f 1766 1368 1225
f 1225 449 1766
f 1766 449 1368
f 1921 1603 638
f 1825 502 1703
f 1825 1841 1808
f 1808 502 1825
f 1825 1603 1841
f 1825 638 1603
f 1703 1721 1825
f 1106 1259 1741
f 678 1565 1580
f 1505 1565 678
f 678 1435 1505
f 678 1580 1729
f 1729 408 678
f 678 408 1435
f 185 1565 1313
f 1337 740 979
f 1337 1174 740
f 426 498 1280
f 1280 1626 426
f 1557 1626 1280
f 1486 1557 1280
f 1280 1035 1486
f 498 1035 1280
f 1020 1626 915
f 915 1094 1020
f 1020 1094 1142
f 512 1363 1481
f 1577 580 287
f 287 1372 1577
f 1577 1169 580
f 1577 1077 1169
f 898 1283 1107
f 1283 1263 1107
f 1489 605 545
f 545 1277 1489
f 1077 1277 545
f 545 1465 1077
f 1775 1559 373
f 1775 1329 1559
f 1775 1279 1329
f 296 1625 1775
f 1775 1625 624
f 624 1081 1775
f 1775 878 296
f 126 1888 484
f 484 1888 442
f 442 1098 484
f 333 878 1578
f 1578 570 614
f 614 1851 1578
f 333 308 1027
f 1027 296 333
f 1887 296 1027
f 183 829 1887
f 183 308 829
f 1887 1027 183
f 183 1027 308
f 403 1008 296
f 296 1160 403
f 344 1160 296
f 1522 1279 811
f 811 1494 1522
f 811 1775 1081
f 1279 1775 811
f 391 1494 811
f 155 381 1681
f 750 1434 155
f 1434 381 155
f 608 1434 1329
f 1329 381 608
f 608 381 1434
f 804 352 1251
f 804 200 352
f 1251 1049 804
f 1233 1718 1023
f 1718 593 1023
f 399 1147 1556
f 1658 1147 399
f 1556 303 399
f 303 841 399
f 1892 1914 239
f 239 738 1892
f 1892 738 1914
f 854 1693 1475
f 1475 1693 1278
f 1475 1091 854
f 1278 1091 1475
f 769 231 1147
f 1147 1333 769
f 769 1693 231
f 1738 1693 769
f 769 1333 1738
f 1658 649 844
f 844 1333 1658
f 649 1333 844
f 1507 777 937
f 937 1091 1278
f 821 1261 1845
f 1261 1933 1845
f 1754 821 1845
f 1845 1933 1754
f 118 1195 1617
f 118 1254 1195
f 118 1396 1254
f 1203 1809 265
f 430 1774 1758
f 1758 1774 383
f 1758 383 177
f 177 271 1758
f 1758 271 430
f 1597 1774 430
f 430 1068 1597
f 1754 337 1597
f 1597 1068 1754
f 1513 1270 720
f 643 1270 1513
f 1210 1513 720
f 1148 583 1689
f 1336 1322 1227
f 755 511 1011
f 1011 511 1382
f 1019 254 1462
f 254 511 1462
f 1462 1340 1019
f 1553 1340 1462
f 1462 998 1553
f 1462 1007 998
f 1462 511 1007
f 1613 243 294
f 1613 511 243
f 294 1871 1613
f 1871 511 1613
f 567 414 1779
f 922 1420 1779
f 1779 414 540
f 504 922 1779
f 540 504 1779
f 1460 922 1700
f 1673 998 567
f 567 1420 1673
f 1673 1832 998
f 1598 1622 727
f 727 491 1598
f 1598 422 1432
f 874 1272 388
f 874 491 1272
f 422 1598 874
f 874 1598 491
f 874 388 1463
f 1463 1438 874
f 1438 763 874
f 763 422 874
f 727 1622 1641
f 1641 1585 727
f 1641 1622 1361
f 1361 1585 1641
f 1733 564 1569
f 1569 1403 1733
f 1608 564 1733
f 1733 1403 1289
f 1289 1869 1733
f 1191 206 616
f 58 496 1421
f 1421 496 228
f 1421 228 274
f 1697 1533 1938
f 1938 497 1697
f 1697 497 802
f 595 643 143
f 595 905 643
f 595 143 480
f 480 905 595
f 1270 1558 926
f 926 1558 1403
f 1341 720 94
f 94 1699 1341
f 1212 1699 94
f 358 1212 94
f 720 1270 94
f 94 1270 358
f 260 383 847
f 78 1006 847
f 847 1006 260
f 1708 1608 1574
f 1574 383 1708
f 1574 847 383
f 944 847 1574
f 650 8 1514
f 1726 775 1669
f 1669 440 1726
f 1726 440 1806
f 1806 986 1726
f 1630 775 1726
f 1726 986 1630
f 693 919 647
f 693 1742 54
f 1152 919 693
f 54 196 693
f 693 196 1152
f 196 548 604
f 610 548 196
f 647 1610 1679
f 1610 81 1679
f 348 807 1640
f 348 81 807
f 1640 1679 348
f 348 1679 81
f 197 158 1595
f 1595 158 1610
f 1595 1799 197
f 647 1799 1595
f 1595 1610 647
f 65 776 1610
f 1610 158 65
f 65 573 776
f 65 158 573
f 1266 325 1630
f 1630 1415 1266
f 776 325 1266
f 1266 1415 776
f 1909 1196 1235
f 1235 1551 1909
f 1087 108 515
f 1377 1117 534
f 534 1117 1778
f 534 1256 1377
f 264 1256 534
f 534 1778 264
f 390 628 1276
f 581 1745 101
f 101 1295 581
f 72 1295 1208
f 1208 1295 101
f 101 1002 1208
f 313 72 1208
f 87 135 1243
f 135 645 1243
f 645 18 1243
f 842 1323 1827
f 1827 1406 842
f 1586 19 135
f 647 19 1186
f 384 1447 444
f 444 1447 262
f 262 1664 444
f 766 1807 256
f 787 1807 766
f 885 172 1044
f 1516 964 885
f 885 1044 1516
f 1028 787 266
f 266 424 1028
f 117 424 266
f 455 1385 1285
f 1285 1385 1523
f 1325 135 87
f 1325 1116 135
f 1325 1030 1116
f 90 1799 647
f 1116 1030 90
f 90 1186 1116
f 647 1186 90
f 374 658 251
f 251 1418 374
f 323 482 306
f 323 306 32
f 32 1555 323
f 368 613 1739
f 1739 72 368
f 1739 323 72
f 292 390 1416
f 1104 1175 1067
f 280 353 340
f 79 420 711
f 79 711 824
f 824 711 1388
f 1388 420 824
f 711 420 1388
f 658 991 588
f 588 991 1472
f 588 251 658
f 1815 661 669
f 1815 134 1318
f 1815 1318 661
f 1850 1232 1472
f 1344 79 1850
f 1850 79 824
f 1472 991 1850
f 1850 469 1344
f 669 469 1850
f 1850 1815 669
f 1850 991 258
f 467 1232 1050
f 1356 467 971
f 1356 1232 467
f 1232 1356 147
f 147 1356 971
f 971 132 147
f 147 132 789
f 1524 258 384
f 248 1664 1158
f 964 55 794
f 794 885 964
f 172 885 794
f 1303 488 1158
f 1303 55 488
f 1665 794 1303
f 1303 794 55
f 1790 286 722
f 946 778 722
f 722 778 1790
f 117 554 1526
f 1526 424 117
f 1526 554 460
f 460 1436 1526
f 1436 424 1526
f 1272 375 1063
f 375 67 1063
f 256 67 1491
f 1491 67 362
f 362 1607 1491
f 1371 386 883
f 1272 1063 192
f 388 1272 192
f 230 39 447
f 1807 39 995
f 460 386 284
f 284 386 447
f 630 53 990
f 472 826 547
f 547 1043 472
f 472 53 826
f 22 1325 87
f 1939 1364 1417
f 1417 22 1939
f 1102 656 1449
f 1581 656 1102
f 992 411 1581
f 992 1572 411
f 127 686 818
f 818 1229 127
f 1611 332 1937
f 1043 1051 1611
f 1321 411 1544
f 1544 448 1321
f 1581 411 1321
f 1321 448 1581
f 1903 466 612
f 818 589 1736
f 1905 1179 1480
f 1905 1309 1179
f 1379 1655 1239
f 1455 1655 1379
f 1563 328 154
f 328 1288 154
f 1780 1492 1563
f 1780 1563 1682
f 1780 1495 902
f 1682 1495 1780
f 843 1274 289
f 330 1274 843
f 1305 421 1755
f 1755 189 1305
f 421 1695 1755
f 1560 1891 1782
f 1782 405 1560
f 834 1891 1560
f 764 834 1560
f 1929 471 171
f 639 644 1205
f 1205 546 639
f 921 644 639
f 527 644 921
f 921 150 527
f 1241 1734 31
f 682 943 305
f 1822 943 682
f 682 150 1822
f 305 943 1877
f 244 209 741
f 741 1079 244
f 1193 1661 568
f 568 1079 1193
f 694 499 708
f 708 283 694
f 1355 568 1517
f 1517 70 1355
f 679 1805 225
f 1199 1493 1692
f 1692 1493 474
f 761 225 1199
f 679 225 761
f 164 210 749
f 474 237 749
f 749 237 164
f 164 237 1855
f 1855 237 193
f 1855 193 1824
f 1615 237 474
f 474 1282 1615
f 402 1282 1589
f 1589 1282 1422
f 734 1393 1422
f 1393 1589 1422
f 361 1870 734
f 361 179 1870
f 506 1772 530
f 530 1493 506
f 253 1772 506
f 1355 1493 224
f 224 1493 530
f 667 1694 1620
f 1620 259 667
f 1620 1714 12
f 1244 1139 1088
f 136 1139 1244
f 1244 315 136
f 1244 1351 315
f 195 668 1920
f 668 1017 1920
f 1275 1564 781
f 781 827 1275
f 827 1727 1275
f 865 1572 174
f 174 901 865
f 865 901 400
f 68 521 1846
f 69 521 68
f 1846 1525 68
f 1525 69 68
f 463 1499 32
f 463 1230 1499
f 817 596 1745
f 1745 1490 817
f 439 1910 1122
f 1621 978 754
f 227 663 1621
f 1621 663 71
f 754 382 1621
f 382 227 1621
f 737 906 71
f 71 663 737
f 737 1915 906
f 737 1138 1915
f 737 663 1138
f 674 1632 1083
f 1042 1414 331
f 182 1042 331
f 684 84 924
f 924 84 1882
f 1882 650 924
f 924 650 1514
f 377 1146 1519
f 1442 1146 377
f 1442 377 598
f 598 893 1442
f 208 1146 753
f 1795 932 1761
f 1795 133 932
f 1761 699 1795
f 699 146 1497
f 1497 1795 699
f 133 1795 1497
f 1497 146 138
f 138 133 1497
f 1080 146 699
f 1080 1498 146
f 699 1236 1080
f 1236 1498 1080
f 1800 726 276
f 276 456 1800
f 1800 456 726
f 1735 1730 553
f 1735 456 1730
f 553 267 1735
f 267 456 1735
f 255 1091 1913
f 255 973 1091
f 1913 923 255
f 170 1316 1873
f 1873 1144 170
f 170 1144 1316
f 1873 33 1320
f 1320 33 1638
f 1320 128 1873
f 1320 1638 719
f 719 128 1320
f 1189 392 246
f 1334 392 1189
f 1189 835 1334
f 1638 119 291
f 291 91 1638
f 119 91 291
f 376 1404 247
f 1404 808 247
f 1141 1301 788
f 788 257 1141
f 257 85 1141
f 1141 85 987
f 376 247 736
f 736 247 808
f 736 808 706
f 376 736 429
f 309 1287 611
f 309 838 1287
f 928 838 309
f 1656 1301 928
f 788 1301 1656
f 1656 465 788
f 852 893 598
f 598 1446 852
f 852 453 550
f 1446 453 852
f 984 1398 1293
f 1293 453 984
f 223 1324 409
f 1398 1324 223
f 409 1111 223
f 435 1398 28
f 435 1619 1300
f 1677 1398 435
f 435 1300 1677
f 1258 866 1076
f 1076 1543 1258
f 1064 866 1258
f 1833 1347 1258
f 1143 234 1720
f 1720 1543 1143
f 1720 1258 1543
f 1720 234 1833
f 1833 1258 1720
f 1014 1861 1548
f 1548 1743 1014
f 160 1743 1548
f 1548 1056 160
f 1548 1861 1394
f 1394 1056 1548
f 1319 485 733
f 913 485 1606
f 913 1606 927
f 1894 1129 642
f 642 1319 1894
f 1894 1319 733
f 1128 1182 1929
f 1929 171 1128
f 1128 862 1271
f 1271 1213 1128
f 1213 1182 1128
f 1052 66 1753
f 1753 1859 1052
f 446 1089 1817
f 1817 1443 446
f 446 1443 896
f 1188 1089 446
f 446 896 1188
f 1842 1369 1876
f 1842 1876 1644
f 1040 615 1842
f 1644 235 1842
f 235 1381 1842
f 433 1040 1842
f 1842 1381 433
f 1327 1140 1296
f 925 1327 1296
f 1296 1140 925
f 925 1140 1389
f 1389 1140 615
f 1389 211 925
f 615 211 1389
f 626 211 1069
f 211 936 1069
f 204 936 958
f 1768 691 707
f 691 145 707
f 423 1927 1161
f 1161 836 423
f 423 836 1927
f 1930 908 307
f 307 1686 1930
f 1391 908 1930
f 311 1647 34
f 311 34 218
f 218 1872 311
f 1872 1201 311
f 311 1201 1463
f 1463 1309 311
f 203 1646 273
f 203 273 1488
f 1309 1646 203
f 1488 1309 203
f 83 29 1234
f 83 846 29
f 83 1234 113
f 1660 846 583
f 29 846 1660
f 1341 29 1660
f 1660 1148 1341
f 1660 583 1148
f 407 1396 875
f 1396 846 875
f 931 1029 814
f 931 1721 1029
f 706 1404 148
f 148 1741 706
f 1404 953 148
f 1448 1259 706
f 706 1741 1448
f 1448 1741 1259
f 601 185 670
f 185 1313 670
f 1917 60 137
f 159 1917 740
f 159 60 1917
f 1142 1626 810
f 810 1020 1142
f 1626 1020 810
f 889 512 1481
f 889 1481 957
f 1363 512 889
f 957 767 889
f 889 142 1479
f 1479 1363 889
f 413 1409 889
f 889 767 50
f 50 413 889
f 889 300 142
f 1409 300 889
f 1489 62 1496
f 1317 1489 1496
f 779 1577 695
f 695 1496 779
f 779 1496 62
f 1706 1132 681
f 681 952 1706
f 681 103 930
f 930 952 681
f 930 126 484
f 570 1578 249
f 249 1578 878
f 296 1918 911
f 911 344 296
f 220 804 1049
f 200 804 220
f 1233 1023 1781
f 71 1233 1781
f 1781 199 71
f 1781 593 199
f 1781 1023 593
f 1658 399 1605
f 1605 399 841
f 1605 1331 1658
f 1605 841 1331
f 98 318 1215
f 1215 918 98
f 318 1507 825
f 1278 1693 1502
f 1502 476 1278
f 1762 1502 1693
f 476 1502 1762
f 1504 937 777
f 1504 777 98
f 1504 504 1163
f 1091 937 1504
f 1163 1913 1504
f 1913 1091 1504
f 519 937 443
f 443 23 519
f 476 23 443
f 1278 476 443
f 443 937 1278
f 1203 265 666
f 281 487 666
f 345 643 282
f 643 1513 282
f 436 1210 501
f 1148 1689 501
f 501 1689 436
f 501 1210 720
f 583 846 1893
f 1893 1689 583
f 1396 1689 1893
f 122 1689 1396
f 1513 1210 1250
f 1250 143 125
f 755 1011 1461
f 188 1420 567
f 567 1779 188
f 188 1779 1420
f 1538 1420 922
f 922 1460 1538
f 1361 1622 1306
f 1306 1699 1361
f 1341 1699 1306
f 1432 1341 1306
f 1306 1376 1432
f 1432 1376 1550
f 1550 1598 1432
f 1376 1306 1550
f 1622 1598 1550
f 1550 1306 1622
f 616 636 556
f 636 1532 556
f 1246 1403 1709
f 1246 926 1403
f 1270 926 1246
f 1709 358 1246
f 358 1270 1246
f 78 847 850
f 850 847 944
f 233 1574 1608
f 233 1733 1869
f 1608 1733 233
f 233 1869 177
f 177 1006 233
f 1653 604 724
f 724 604 548
f 1406 1827 724
f 59 18 196
f 196 604 59
f 951 1620 12
f 259 1620 951
f 196 259 951
f 951 610 196
f 108 1087 988
f 313 108 988
f 988 72 313
f 368 72 988
f 306 482 600
f 1200 1276 1248
f 1248 1276 646
f 646 1276 628
f 1627 1243 18
f 1308 18 1653
f 19 1586 1704
f 1704 1186 19
f 1793 1856 384
f 384 444 1793
f 1793 444 1664
f 317 766 172
f 1044 172 1072
f 172 766 1072
f 1072 1607 1044
f 1584 1778 455
f 264 1778 1584
f 1364 1939 968
f 1579 317 895
f 766 317 1579
f 455 1285 675
f 675 1584 455
f 240 1285 1417
f 714 1325 1170
f 1417 1285 1170
f 1170 1285 714
f 1170 22 1417
f 1325 22 1170
f 662 1325 714
f 335 1523 1799
f 1799 90 335
f 72 323 1110
f 1110 323 1555
f 613 1175 709
f 709 1739 613
f 888 1416 832
f 1125 1365 495
f 1093 1850 258
f 1815 1850 1093
f 258 134 1093
f 134 1815 1093
f 61 1050 1232
f 61 1850 824
f 1232 1850 61
f 1472 1232 1680
f 1232 147 1680
f 458 134 258
f 258 1524 458
f 458 1524 384
f 384 1856 458
f 458 1856 539
f 539 134 458
f 1382 1664 920
f 1664 248 920
f 1158 488 903
f 903 248 1158
f 488 1322 903
f 1158 262 1760
f 1760 1303 1158
f 262 490 1760
f 1473 722 117
f 946 722 1473
f 1473 1114 946
f 343 883 1440
f 343 1371 883
f 67 1830 508
f 508 192 67
f 388 192 508
f 508 760 388
f 508 1830 760
f 187 1063 67
f 67 192 187
f 187 192 1063
f 39 230 510
f 510 995 39
f 510 447 664
f 664 1807 510
f 1807 995 510
f 447 39 513
f 513 284 447
f 513 39 460
f 460 284 513
f 1323 630 1515
f 1790 472 522
f 522 472 1043
f 538 472 1790
f 53 472 538
f 1790 778 538
f 1670 22 167
f 1670 1939 22
f 1670 167 990
f 990 53 1670
f 1114 968 1670
f 1670 968 1939
f 1581 1102 1113
f 1449 1572 1113
f 1113 1102 1449
f 324 1935 1790
f 1937 1935 324
f 268 1051 1043
f 268 954 1051
f 268 656 478
f 478 954 268
f 1649 332 686
f 686 127 1649
f 1229 332 1649
f 1649 127 1229
f 812 1051 332
f 332 1611 812
f 812 1611 1051
f 221 612 466
f 221 295 1338
f 1179 705 1623
f 1623 1736 1179
f 1623 705 818
f 818 1736 1623
f 902 450 1423
f 1423 450 540
f 540 1362 1423
f 1917 1384 1503
f 1305 189 1058
f 816 1305 1058
f 1058 5 816
f 415 1004 471
f 415 471 1929
f 1682 1004 415
f 1682 764 1784
f 1784 1004 1682
f 1929 212 1521
f 1929 1182 1108
f 1108 212 1929
f 1357 285 1105
f 1357 156 735
f 1357 1105 156
f 792 1777 1734
f 1734 1241 792
f 314 285 305
f 305 1877 314
f 1328 1105 314
f 1105 285 314
f 314 1282 1328
f 314 1615 1282
f 314 1877 1016
f 1016 1241 314
f 314 1241 31
f 1211 1454 1199
f 1199 1692 1211
f 1199 1454 1267
f 1267 761 1199
f 1328 1282 111
f 1282 402 111
f 111 1105 1328
f 1589 1105 111
f 111 402 1589
f 179 361 123
f 123 1422 1282
f 734 1422 123
f 123 361 734
f 321 1620 1694
f 1714 1620 321
f 321 1694 1351
f 1351 1244 321
f 1130 1275 1510
f 1510 1275 1727
f 1510 1813 1130
f 1510 1727 1813
f 729 1275 1130
f 1275 729 1593
f 648 1714 578
f 648 578 1890
f 12 1714 648
f 648 452 1564
f 411 1572 1852
f 1572 865 1852
f 1624 411 1852
f 400 1624 1852
f 1852 865 400
f 439 759 451
f 1499 1230 451
f 20 759 439
f 1444 1621 71
f 978 1621 1444
f 71 180 1444
f 1444 180 978
f 833 1632 49
f 833 1083 1632
f 1070 331 1414
f 1659 1519 1146
f 1146 208 1659
f 797 933 1143
f 753 933 797
f 797 208 753
f 1189 246 966
f 966 929 1189
f 966 1144 929
f 1316 1144 966
f 1485 877 1712
f 1712 1106 1485
f 1485 953 1404
f 1485 148 953
f 1106 1741 1485
f 1741 148 1485
f 622 1485 1404
f 105 736 706
f 105 1677 1287
f 105 706 1677
f 1287 838 105
f 788 465 1177
f 465 309 1177
f 1177 1025 788
f 1177 309 1025
f 928 309 1009
f 1009 1656 928
f 1009 309 465
f 465 1656 1009
f 1126 1347 1064
f 1064 1258 1126
f 1126 1258 1347
f 863 485 356
f 485 913 356
f 927 863 356
f 356 913 927
f 796 1128 171
f 862 1128 796
f 796 11 1881
f 1881 862 796
f 26 1140 1252
f 615 1140 26
f 26 1842 615
f 1252 1655 26
f 26 1655 1455
f 958 1048 1663
f 1663 204 958
f 1338 1391 1204
f 1204 1736 589
f 1204 221 1338
f 612 221 1204
f 51 1647 1343
f 1343 1905 1480
f 1343 1647 1309
f 1309 1905 1343
f 1647 311 609
f 846 83 364
f 590 92 364
f 92 846 364
f 364 35 590
f 113 35 364
f 364 83 113
f 57 137 60
f 1577 779 1167
f 1545 618 168
f 949 1924 297
f 1132 541 369
f 484 949 552
f 126 930 1059
f 1049 1470 112
f 112 220 1049
f 200 220 112
f 531 937 519
f 1021 1771 858
f 858 825 831
f 1769 23 1738
f 272 23 476
f 476 1762 272
f 1738 23 272
f 272 1762 1693
f 272 1693 1738
f 937 445 1096
f 1507 937 1096
f 1096 825 1507
f 281 666 1350
f 1350 666 265
f 345 282 851
f 851 282 1513
f 125 345 851
f 720 1148 1315
f 1315 501 720
f 1148 501 1315
f 1688 846 1396
f 1396 1893 1688
f 1688 1893 846
f 1617 549 293
f 1155 1074 16
f 549 1155 16
f 122 293 16
f 16 293 549
f 436 1074 229
f 229 1210 436
f 229 1250 1210
f 229 1074 1155
f 1816 143 229
f 143 1250 229
f 549 1816 229
f 229 1155 549
f 1828 1461 1011
f 1336 1461 1828
f 1322 1336 1828
f 173 556 1532
f 173 1191 616
f 616 556 173
f 173 636 1569
f 173 1532 636
f 547 826 1181
f 1880 1181 505
f 1449 656 1880
f 1406 144 1880
f 842 1406 1326
f 1406 505 1326
f 1326 630 1323
f 826 53 1326
f 53 630 1326
f 1326 1181 826
f 505 1181 1326
f 1185 840 757
f 1248 840 42
f 42 1200 1248
f 990 167 1156
f 167 22 1156
f 1156 22 87
f 1223 1627 18
f 18 1308 1223
f 299 1839 1243
f 1243 1627 299
f 299 1627 1323
f 1323 1515 299
f 299 1156 1839
f 990 1156 299
f 299 630 990
f 299 1515 630
f 1653 724 1426
f 1426 1308 1653
f 1856 1793 1131
f 1131 1793 1664
f 294 1856 1131
f 1131 1664 294
f 621 794 1665
f 172 794 621
f 262 815 621
f 621 490 262
f 621 815 264
f 895 317 1395
f 1395 317 172
f 172 621 1395
f 1395 621 909
f 1395 1763 895
f 1395 909 1763
f 1412 266 1364
f 1364 968 1412
f 1412 968 266
f 768 968 1114
f 1114 1473 768
f 266 968 768
f 117 266 768
f 768 1473 117
f 1801 1364 2
f 2 1579 1801
f 1364 266 2
f 266 1579 2
f 787 766 837
f 766 1579 837
f 1172 1579 895
f 895 1763 1172
f 1801 1579 1172
f 1763 909 1172
f 1801 675 1783
f 1783 1364 1801
f 1417 1364 1783
f 1783 240 1417
f 783 1285 1523
f 1523 335 783
f 714 1285 783
f 783 662 714
f 323 1739 1405
f 1739 1803 1405
f 418 888 832
f 832 1803 418
f 418 1803 1739
f 1054 1104 1067
f 1067 597 1054
f 353 280 730
f 280 1814 730
f 910 280 1365
f 910 1814 280
f 1365 280 555
f 555 495 1365
f 1125 495 15
f 15 469 1125
f 1344 469 15
f 1537 230 447
f 447 510 1537
f 1537 510 230
f 778 53 27
f 27 538 778
f 53 538 27
f 778 1114 1119
f 1114 1670 1119
f 1119 53 778
f 1119 1670 53
f 1790 522 419
f 419 324 1790
f 419 522 1043
f 1043 1611 419
f 419 1611 1937
f 1937 324 419
f 332 1051 996
f 1051 954 996
f 478 332 996
f 996 954 478
f 52 1274 1264
f 346 1359 902
f 902 1423 346
f 1691 1503 1384
f 1384 1058 1691
f 1691 1058 189
f 979 1917 342
f 1917 1503 342
f 1311 1576 1061
f 462 1182 194
f 462 1108 1182
f 82 1357 735
f 285 1357 82
f 1013 285 82
f 735 1013 82
f 1202 1282 428
f 1202 123 1282
f 428 179 1202
f 179 123 1202
f 400 901 110
f 110 901 355
f 110 425 400
f 110 729 1130
f 1130 310 110
f 310 425 110
f 994 577 1449
f 1449 1880 994
f 994 1880 144
f 174 577 1464
f 577 994 1464
f 1464 994 144
f 1406 724 319
f 319 144 1406
f 319 548 12
f 319 724 548
f 452 648 1908
f 1908 1150 781
f 781 1564 1908
f 1890 1150 1908
f 1908 648 1890
f 439 451 1652
f 1652 451 1230
f 1745 759 1466
f 1466 1490 1745
f 1705 20 439
f 439 1122 1705
f 102 49 175
f 102 833 49
f 1723 1070 1414
f 1414 1614 1723
f 1723 1614 1875
f 1875 640 1723
f 208 797 1928
f 1143 393 1928
f 799 966 246
f 799 1060 1316
f 1316 966 799
f 1035 877 872
f 877 1485 872
f 872 1835 1035
f 562 1835 872
f 872 1485 562
f 1260 1141 987
f 1260 622 1141
f 562 1485 1012
f 1485 622 1012
f 622 1260 1012
f 1012 987 562
f 1012 1260 987
f 376 429 1041
f 1041 1404 376
f 1041 622 1404
f 733 1025 473
f 473 671 1129
f 309 671 473
f 1025 309 473
f 473 1894 733
f 1129 1894 473
f 1391 1930 380
f 380 1204 1391
f 380 1343 1480
f 1480 1179 380
f 51 1343 380
f 1179 1736 380
f 1736 1204 380
f 1309 1647 701
f 1647 609 701
f 701 311 1309
f 701 609 311
f 137 57 1637
f 1255 1423 1386
f 1386 542 1255
f 1386 1637 57
f 1362 1637 1386
f 1386 1423 1362
f 1077 1577 938
f 1577 1167 938
f 250 1924 949
f 250 1545 1924
f 1924 1545 1847
f 1847 1545 168
f 373 1132 1847
f 1847 1775 373
f 1847 369 1924
f 1132 369 1847
f 1476 369 541
f 541 552 1476
f 1476 552 949
f 949 297 1476
f 181 930 103
f 181 1059 930
f 1392 531 519
f 1902 445 937
f 937 531 1902
f 1902 1121 445
f 23 1769 404
f 531 1392 404
f 1738 1771 404
f 404 1769 1738
f 519 23 404
f 404 1392 519
f 907 858 1771
f 825 858 907
f 318 825 907
f 907 1215 318
f 1738 1333 907
f 907 1771 1738
f 907 1333 918
f 918 1215 907
f 825 1096 525
f 525 1096 445
f 1689 122 1883
f 122 16 1883
f 1564 703 1884
f 1137 1880 656
f 1137 1043 547
f 656 268 1137
f 1137 268 1043
f 897 505 1406
f 1406 1880 897
f 897 1880 505
f 366 1323 842
f 842 1326 366
f 366 1326 1323
f 306 600 728
f 600 1185 728
f 840 1185 680
f 731 724 1827
f 1323 1627 1592
f 1627 1223 1592
f 1223 731 1592
f 1592 1827 1323
f 1592 731 1827
f 264 909 97
f 97 621 264
f 909 621 97
f 1604 1579 266
f 1604 837 1579
f 787 837 1604
f 1801 909 1387
f 1387 675 1801
f 1387 909 264
f 240 1783 1219
f 1219 675 1285
f 1219 1783 675
f 1540 597 789
f 1540 1054 597
f 789 132 1540
f 1416 888 1540
f 1540 132 292
f 292 1416 1540
f 298 542 52
f 334 330 1359
f 1359 346 334
f 334 1274 330
f 394 1521 212
f 1576 1521 394
f 394 1061 1576
f 744 1464 144
f 144 319 744
f 1912 901 174
f 174 1464 1912
f 1541 319 12
f 12 648 1541
f 1541 648 1564
f 1564 1884 625
f 625 1541 1564
f 319 1541 625
f 1564 452 1838
f 759 20 1166
f 1166 1466 759
f 673 797 1143
f 1143 1928 673
f 673 1928 797
f 1141 622 790
f 622 1041 790
f 1301 1141 790
f 790 1041 838
f 790 838 1301
f 51 380 710
f 710 380 1930
f 52 542 523
f 542 1386 523
f 745 1902 531
f 745 1771 1021
f 745 404 1771
f 531 404 745
f 1121 1902 1636
f 242 1137 547
f 1880 1137 242
f 547 1181 242
f 1181 1880 242
f 961 1185 600
f 961 680 1185
f 1187 266 787
f 787 1604 1187
f 1187 1604 266
f 437 1387 264
f 675 1387 437
f 264 1584 437
f 1584 675 437
f 1285 240 1628
f 1628 1219 1285
f 240 1219 1628
f 52 1264 784
f 784 298 52
f 1031 241 1311
f 1311 1061 1031
f 1222 241 1031
f 773 1222 1031
f 703 744 1687
f 1687 744 319
f 1687 1884 703
f 319 625 1687
f 355 901 41
f 901 1912 41
f 1564 1275 41
f 1275 1593 41
f 41 703 1564
f 41 744 703
f 1464 744 41
f 41 1912 1464
f 452 1908 1650
f 1650 1838 452
f 1650 1908 1564
f 1564 1838 1650
f 245 745 1021
f 1902 745 245
f 831 1121 1529
f 1121 1636 1529
f 1529 858 831
f 1021 858 1529
f 1173 41 806
f 806 41 1593
f 729 1173 806
f 806 1593 729
f 1792 245 1021
f 1021 1529 1792
f 916 1149 1751
f 1862 1149 916
f 1798 1596 1249
f 1249 201 1874
f 1249 1874 1509
f 1509 1501 1249
f 1249 385 1724
f 1501 385 1249
f 1596 201 1249
f 1724 1925 1249
f 1249 1925 378
f 653 1428 1367
f 1367 326 653
f 780 109 1936
f 1299 109 780
f 1127 1732 881
f 828 1732 1127
f 169 1390 892
f 892 1192 169
f 1791 1390 169
f 1192 685 169
f 665 277 454
f 454 277 1552
f 367 1439 454
f 1552 1804 454
f 454 130 367
f 1804 130 454
f 454 1439 1231
f 934 1411 660
f 660 1885 942
f 660 1411 1885
f 942 1567 660
f 1747 1588 652
f 860 1588 1747
f 652 1459 1747
f 1477 1562 1765
f 1765 1562 1180
f 1162 1437 354
f 354 1437 261
f 261 774 354
f 774 861 354
f 1786 975 397
f 1786 30 830
f 397 30 1786
f 507 927 1787
f 1247 1092 1484
f 532 1247 1484
f 1332 999 540
f 329 999 1332
f 559 904 813
f 813 633 559
f 1095 904 559
f 559 1176 1095
f 497 1539 1253
f 497 1938 1026
f 1026 1539 497
f 1608 215 320
f 1708 215 1608
f 411 226 74
f 107 1891 834
f 1782 1891 107
f 1868 161 162
f 162 161 1112
f 632 1542 1899
f 632 543 1225
f 1899 543 632
f 1808 1841 1603
f 1603 1897 1808
f 795 205 1085
f 1085 38 800
f 800 1612 1085
f 1085 917 795
f 1342 38 1085
f 1612 917 1085
f 1698 1407 655
f 655 56 1698
f 655 1066 56
f 1374 623 655
f 655 689 1374
f 623 1066 655
f 287 580 607
f 607 1169 514
f 580 1169 607
f 514 772 607
f 607 772 461
f 641 560 829
f 641 829 561
f 641 1430 434
f 3 1430 641
f 641 1165 3
f 434 44 641
f 44 560 641
f 1685 989 50
f 50 767 1685
f 1685 767 412
f 493 989 1685
f 1886 1900 752
f 494 698 1886
f 1886 698 1900
f 752 387 1886
f 1722 721 496
f 976 228 496
f 496 721 976
f 496 96 1722
f 1546 1678 496
f 496 410 96
f 496 1678 410
f 1024 1245 1366
f 1366 1397 1024
f 19 919 1152
f 1152 645 19
f 991 732 1221
f 374 1117 991
f 1221 1214 991
f 1377 732 991
f 991 658 374
f 991 1117 1377
f 668 196 54
f 668 54 857
f 668 715 196
f 1530 1879 1139
f 136 1530 1139
f 717 672 327
f 327 1940 717
f 739 672 717
f 310 1813 717
f 717 1940 310
f 1402 876 1452
f 1452 1788 1402
f 676 1788 1452
f 1452 876 1294
f 1294 1848 1452
f 1452 1399 676
f 791 1399 1452
f 1324 584 1675
f 1571 409 1324
f 1675 1796 1324
f 1677 584 1324
f 1324 1796 1571
f 1140 1898 1075
f 1140 1655 1252
f 1075 602 1140
f 1327 1898 1140
f 853 1482 1140
f 1140 602 853
f 1482 1655 1140
f 1003 1837 47
f 1360 1003 47
f 1837 1346 47
f 509 1500 856
f 856 1500 36
f 1109 1750 1107
f 1107 1750 690
f 1107 1263 1109
f 690 1631 1107
f 1107 1831 898
f 1107 1631 687
f 687 1831 1107
f 545 1283 373
f 373 1034 545
f 545 190 1433
f 1433 1645 545
f 545 1645 1283
f 605 190 545
f 1034 1465 545
f 1578 1851 1635
f 1635 157 1578
f 1578 308 333
f 157 308 1578
f 624 391 811
f 811 1081 624
f 1522 1494 155
f 155 1494 750
f 1681 1279 155
f 155 1279 1522
f 1335 1774 1597
f 1597 337 1335
f 1802 17 1697
f 1711 464 1697
f 1697 1602 1711
f 1752 659 1697
f 1697 802 1802
f 1697 357 1602
f 1697 17 357
f 1697 464 1752
f 659 1533 1697
f 650 84 470
f 650 1378 594
f 650 572 565
f 565 1378 650
f 585 8 650
f 470 1410 650
f 594 49 650
f 650 1632 585
f 650 1410 572
f 49 1632 650
f 1882 84 650
f 1679 693 647
f 1171 1742 1679
f 1679 1640 1171
f 1742 693 1679
f 1208 1002 1196
f 1208 108 313
f 1208 1551 1684
f 1684 108 1208
f 1196 1909 1208
f 1208 1909 1551
f 286 1286 722
f 722 1286 117
f 1133 304 154
f 1881 1413 154
f 702 1881 154
f 154 304 702
f 154 1288 1133
f 154 1413 1563
f 843 1780 902
f 1359 330 843
f 902 1359 843
f 289 328 843
f 328 1492 843
f 1492 1780 843
f 639 421 1305
f 639 1305 1240
f 1240 921 639
f 639 546 421
f 1205 644 682
f 305 285 682
f 682 1013 1205
f 644 527 682
f 682 285 1013
f 682 527 150
f 209 89 1193
f 165 1661 1193
f 1193 89 165
f 1193 741 209
f 1079 741 1193
f 1517 1450 139
f 139 599 1517
f 1517 568 1450
f 599 283 1517
f 1517 708 499
f 499 70 1517
f 283 708 1517
f 225 657 1199
f 1057 566 225
f 225 566 657
f 225 1805 1057
f 1824 940 1855
f 1855 1716 1065
f 1065 782 1855
f 940 1716 1855
f 1855 782 164
f 506 793 1478
f 1478 253 506
f 48 46 506
f 506 46 793
f 506 1493 48
f 224 1078 1355
f 224 1228 244
f 244 1453 224
f 224 1453 688
f 688 1078 224
f 224 1772 1228
f 530 1772 224
f 1920 1017 315
f 315 195 1920
f 106 1744 924
f 924 1690 959
f 1000 1690 924
f 959 213 924
f 924 1744 1000
f 924 1514 106
f 924 213 684
f 255 1508 854
f 255 923 1189
f 854 973 255
f 1189 1427 255
f 255 1427 1508
f 753 1146 852
f 852 550 753
f 1146 1442 852
f 852 1442 893
f 223 1111 99
f 489 453 223
f 223 99 489
f 223 1293 1398
f 453 1293 223
f 435 1446 598
f 435 28 984
f 984 1446 435
f 598 1619 435
f 1606 485 1319
f 642 1606 1319
f 1052 252 24
f 24 970 1052
f 1052 970 66
f 1052 1859 252
f 875 1254 407
f 875 846 1590
f 1590 1254 875
f 931 1825 1721
f 814 1921 931
f 1921 638 931
f 638 1825 931
f 670 1313 1565
f 670 1565 601
f 1496 1372 849
f 849 417 1496
f 1496 417 1317
f 1496 1577 1372
f 695 1577 1496
f 163 960 911
f 911 960 864
f 911 1053 1008
f 864 1238 911
f 911 1153 163
f 1008 403 911
f 1918 1153 911
f 1238 1053 911
f 911 403 1160
f 1160 344 911
f 98 801 1504
f 801 922 1504
f 1504 922 504
f 666 487 1178
f 1178 1203 666
f 1461 1336 1227
f 1461 6 755
f 1227 6 1461
f 1549 1832 1538
f 1700 1549 1538
f 1538 1460 1700
f 1832 1673 1538
f 1538 1673 1420
f 78 850 233
f 233 1006 78
f 944 1574 233
f 233 850 944
f 59 604 1653
f 1653 18 59
f 548 610 951
f 12 548 951
f 7 613 988
f 515 341 988
f 988 1001 7
f 988 613 368
f 1354 1001 988
f 988 341 1354
f 988 1087 515
f 1704 1586 135
f 135 1116 1704
f 1116 1186 1704
f 256 1491 1072
f 1072 766 256
f 1072 1491 1607
f 824 1330 61
f 1248 646 61
f 61 1915 1248
f 61 1330 1915
f 292 467 61
f 61 628 292
f 467 1050 61
f 61 646 628
f 1680 597 1067
f 1067 704 1680
f 1680 147 789
f 1680 588 1472
f 704 1418 1680
f 1418 251 1680
f 251 588 1680
f 789 597 1680
f 386 1371 343
f 1440 386 343
f 1572 992 1113
f 1113 992 1581
f 894 295 221
f 221 466 894
f 1521 415 1929
f 1521 1601 1682
f 1521 1576 1601
f 1682 415 1521
f 869 75 792
f 792 338 869
f 1159 1777 792
f 792 943 1822
f 1822 338 792
f 792 75 1159
f 1016 1877 792
f 792 1241 1016
f 792 1877 943
f 193 237 314
f 314 1734 193
f 31 1734 314
f 237 1615 314
f 1267 1692 474
f 679 761 1267
f 1267 210 679
f 474 749 1267
f 1454 1211 1267
f 1267 749 210
f 1267 1211 1692
f 321 1145 716
f 716 1919 321
f 1088 1145 321
f 1919 1714 321
f 321 1244 1088
f 451 1295 72
f 1745 581 451
f 72 1110 451
f 451 1555 1499
f 451 581 1295
f 451 759 1745
f 451 1110 1555
f 671 309 611
f 611 1129 671
f 471 1004 796
f 796 1784 764
f 764 1560 796
f 796 405 11
f 796 1560 405
f 796 171 471
f 1004 1784 796
f 26 1379 1239
f 1239 1369 26
f 1455 1379 26
f 1369 1842 26
f 1101 626 1663
f 1663 145 1101
f 1663 1048 1768
f 626 1069 1663
f 1768 707 1663
f 1663 1069 936
f 936 204 1663
f 1663 707 145
f 1204 589 818
f 818 1903 1204
f 1903 612 1204
f 1132 1706 552
f 552 541 1132
f 552 930 484
f 552 1706 952
f 952 930 552
f 533 200 112
f 112 1470 533
f 1350 265 1809
f 1350 1809 281
f 1513 1250 851
f 851 1250 125
f 1396 118 293
f 293 118 1617
f 293 122 1396
f 1828 903 1322
f 1828 1011 1382
f 1382 920 1828
f 1828 920 248
f 248 903 1828
f 564 206 173
f 1569 564 173
f 206 1191 173
f 1243 1839 1156
f 87 1243 1156
f 621 1760 490
f 1303 1760 621
f 1665 1303 621
f 1172 909 1801
f 1030 1325 783
f 1325 662 783
f 783 90 1030
f 783 335 90
f 274 353 910
f 1719 58 910
f 910 469 669
f 910 1421 274
f 910 1 1719
f 669 1 910
f 1125 469 910
f 910 1365 1125
f 58 1421 910
f 353 730 910
f 910 730 1814
f 340 868 15
f 15 280 340
f 15 868 43
f 43 529 15
f 15 79 1344
f 529 420 15
f 420 79 15
f 15 555 280
f 495 555 15
f 189 1755 342
f 1668 1174 342
f 342 1695 1668
f 342 1337 979
f 1174 1337 342
f 342 1755 1695
f 342 1691 189
f 1503 1691 342
f 674 1083 102
f 1875 1614 102
f 102 1042 674
f 175 477 102
f 102 477 1875
f 102 1414 1042
f 102 1614 1414
f 1083 833 102
f 182 331 1723
f 1723 219 1168
f 1168 479 1723
f 1723 586 182
f 587 1353 1723
f 1723 479 1785
f 1723 640 587
f 1785 586 1723
f 1723 1353 219
f 331 1070 1723
f 1287 1300 1928
f 1928 393 1287
f 1928 1467 377
f 377 1519 1928
f 1928 1300 1467
f 1519 1659 1928
f 1928 1659 208
f 799 835 1913
f 1913 1060 799
f 799 246 392
f 392 1334 799
f 799 1334 835
f 1041 429 736
f 1041 105 838
f 736 105 1041
f 1362 5 1637
f 5 1058 1637
f 1637 1384 1917
f 1917 137 1637
f 1637 1058 1384
f 1489 1277 938
f 938 1277 1077
f 938 62 1489
f 938 779 62
f 938 1167 779
f 855 1062 250
f 250 949 855
f 1429 819 250
f 250 1062 1429
f 250 819 618
f 618 1545 250
f 878 1775 1847
f 168 614 1847
f 570 249 1847
f 614 570 1847
f 1847 249 878
f 1476 297 1924
f 1924 369 1476
f 181 103 575
f 575 692 181
f 692 1098 181
f 1888 126 181
f 181 442 1888
f 1098 442 181
f 126 1059 181
f 525 1121 831
f 831 825 525
f 445 1121 525
f 1883 1074 436
f 436 1689 1883
f 1883 16 1074
f 32 306 728
f 728 1138 439
f 757 1566 728
f 728 463 32
f 1566 1138 728
f 728 1185 757
f 1230 463 728
f 439 1652 728
f 728 1652 1230
f 731 1223 1308
f 731 1426 724
f 1308 1426 731
f 1540 709 1175
f 1175 1104 1540
f 1739 709 1540
f 1540 418 1739
f 888 418 1540
f 1104 1054 1540
f 1737 1298 241
f 241 617 129
f 241 1298 1911
f 1911 617 241
f 129 1311 241
f 241 1222 1737
f 839 1531 1166
f 80 839 1166
f 20 1705 1166
f 1184 80 1166
f 1166 1910 1184
f 1166 1122 1910
f 1166 1705 1122
f 1166 1531 1265
f 1265 1115 1166
f 596 817 1166
f 1115 596 1166
f 1490 1466 1166
f 1166 817 1490
f 710 1930 1686
f 710 1686 51
f 523 57 60
f 523 740 301
f 523 159 740
f 523 785 52
f 301 785 523
f 60 159 523
f 523 1386 57
f 390 1276 961
f 482 323 961
f 961 1803 832
f 961 1416 390
f 323 1405 961
f 832 1416 961
f 961 600 482
f 1276 1200 961
f 961 42 840
f 1200 42 961
f 961 1405 1803
f 840 680 961
f 1255 542 784
f 784 1264 1274
f 784 1423 1255
f 542 298 784
f 784 346 1423
f 1274 334 784
f 784 334 346
f 1031 194 773
f 1031 462 194
f 212 1108 1031
f 1031 394 212
f 1108 462 1031
f 1061 394 1031
f 1687 625 1884
f 729 110 41
f 41 110 355
f 41 1173 729
f 1902 245 1792
f 1792 1636 1902
f 1792 1529 1636

