# https://github.com/mikedh/trimesh
v 0.00000011 0.01551637 0.02086296
v 0.03634132 0.02727032 0.01349937
v 0.00000006 0.02264802 0.00933489
v 0.04990066 0.02793208 0.00154939
v 0.00191222 0.02688247 0.01426572
v 0.03354625 0.03028751 0.00334349
v 0.00136797 0.00260385 0.02987988
v 0.00111923 0.02508869 0.01698825
v 0.04559927 0.02322149 0.01626822
v 0.02172528 0.03011331 0.00476395
v 0.03933106 0.02879333 0.00968729
v 0.04150669 0.02893078 0.00873367
v 0.04610691 0.02930288 0.00052439
v 0.03889510 0.03025065 0.00296936
v 0.04429351 0.02694014 0.01261642
v 0.00000020 0.02078637 0.02004845
v 0.01797313 0.02967938 0.00694040
v 0.00072454 0.02418330 0.01776575
v 0.00186531 0.02709220 0.01387556
v 0.00152649 0.00391902 0.02973868
v 0.04222161 0.02708560 0.01318415
v 0.00000008 0.00004854 0.02740612
v 0.03149100 0.02593120 0.01590162
v 0.00154345 0.00993360 0.02833022
v 0.03380693 0.02889533 0.00964321
v 0.00244126 0.01301482 0.02710824
v 0.00098146 0.01671061 0.02497908
v 0.03818546 0.02998507 0.00523807
v 0.04101389 0.02994092 0.00460201
v 0.00082616 0.00170458 0.02975649
v 0.00027432 0.01651322 0.02422239
v 0.00152815 0.01807272 0.02420958
v 0.04734620 0.02433153 0.01536583
v 0.00854135 0.02065220 0.02218079
v 0.03859910 0.03021794 0.00338965
v 0.04275030 0.02980389 0.00411416
v 0.00081134 0.01567241 0.02546564
v 0.03688832 0.03015922 0.00419889
v 0.03484501 0.02588840 0.01596879
v 0.03552225 0.02784502 0.01228580
v 0.04244387 0.02609410 0.01496247
v 0.03372944 0.03045676 0.00079860
v 0.00104597 0.03029332 0.00188987
v 0.00000008 0.01222859 0.02176591
v 0.00000015 0.02105665 0.01737356
v 0.00084170 0.00093654 0.02979090
v 0.03709798 0.02713540 0.01376569
v 0.04032180 0.03024329 0.00229728
v 0.03824129 0.03033713 0.00245345
v 0.00000005 0.02078613 0.01204633
v 0.01871012 0.02842123 0.01091625
v 0.00110474 0.02465699 0.01760498
v 0.00874287 0.01461521 0.02632765
v 0.03444620 0.02990083 0.00587292
v 0.00119761 0.02272390 0.02004365
v 0.00594256 0.02883034 0.00985024
v 0.00000020 0.00862598 0.02762531
v 0.04782922 0.02826958 0.00556340
v 0.04599118 0.02918126 0.00339001
v 0.03325457 0.02663935 0.01466800
v 0.00000018 0.02588343 0.01196910
v 0.00275172 0.02708640 0.01388706
v 0.04992291 0.02790518 0.00196778
v 0.04360794 0.02785465 0.01083292
v 0.00000003 0.02243521 0.00649731
v 0.00000000 0.02150818 0.00659365
v 0.04570088 0.02923303 0.00358946
v 0.03508618 0.02899419 0.00000807
v 0.00151836 0.00019170 0.02999675
v 0.04342361 0.02978601 0.00309907
v 0.00000017 0.01360450 0.02449167
v 0.00000000 0.01350967 0.01809268
v 0.04441282 0.02826102 0.00001217
v 0.03831222 0.02882425 0.00973795
v 0.00286601 0.00113654 0.02997735
v 0.00129800 0.02401847 0.01855719
v 0.04999545 0.02578747 0.01072484
v 0.04714899 0.02636882 0.01201211
v 0.00007209 0.02697828 0.01091597
v 0.00111144 0.01228600 0.02736937
v 0.00000000 0.00225664 0.02249319
v 0.00000001 0.00352917 0.02238866
v 0.00889878 0.01049785 0.02813385
v 0.04529285 0.02939043 0.00298846
v 0.00166560 0.02717971 0.01370159
v 0.03558966 0.02813010 0.01163802
v 0.03522482 0.02532171 0.01679626
v 0.04151546 0.02779631 0.01181867
v 0.00094647 0.00689209 0.02907763
v 0.00318193 0.00789070 0.02895101
v 0.03815382 0.02769284 0.01255795
v 0.00851601 0.02444653 0.01806395
v 0.00137772 0.03034381 0.00271199
v 0.00000012 0.02431630 0.01007415
v 0.04979304 0.02789509 0.00286950
v 0.02933489 0.03037403 0.00267026
v 0.00216404 0.03043557 0.00185319
v 0.00084616 0.02849004 0.00994675
v 0.04678865 0.02400923 0.01569754
v 0.00386589 0.02763087 0.01278815
v 0.00026256 0.01006717 0.02747298
v 0.04933773 0.02798853 0.00372154
v 0.00000430 0.02842627 0.00572746
v 0.04789772 0.02872442 0.00121326
v 0.01024414 0.02326024 0.01953287
v 0.00062188 0.01603538 0.02501767
v 0.04826876 0.02733100 0.00851518
v 0.04394900 0.02617684 0.01425827
v 0.04322188 0.02651528 0.01392300
v 0.00000019 0.02266229 0.01737526
v 0.00068796 0.01953706 0.02260240
v 0.00088563 0.02265420 0.01987077
v 0.00000000 0.02252997 0.00149977
v 0.00099510 0.01759160 0.02439486
v 0.02261121 0.02589050 0.01596953
v 0.02536108 0.03039020 0.00248713
v 0.03383369 0.02812229 0.01168029
v 0.00276558 0.03030031 0.00339653
v 0.00522730 0.01032078 0.02819944
v 0.00066458 0.00924238 0.02818725
v 0.01314484 0.02811110 0.01171744
v 0.00058690 0.02972276 0.00296538
v 0.00128776 0.00230445 0.02989068
v 0.04662013 0.02881997 0.00471919
v 0.04143324 0.02554468 0.01608632
v 0.04661542 0.02916381 0.00010971
v 0.00000020 0.00513855 0.02840900
v 0.04830907 0.02459775 0.01455884
v 0.02952895 0.02760763 0.01283978
v 0.00009604 0.02555522 0.01397482
v 0.04988102 0.02637626 0.00033237
v 0.00644982 0.02933627 0.00824088
v 0.01013142 0.02893143 0.00955588
v 0.04690146 0.02894278 0.00294741
v 0.03468653 0.03034806 0.00275288
v 0.00000014 0.02532209 0.00995294
v 0.04814356 0.02837583 0.00428066
v 0.00129962 0.01093799 0.02795419
v 0.00000009 0.02511868 0.00365072
v 0.02534483 0.02902746 0.00925027
v 0.04212812 0.02993223 0.00371000
v 0.00884421 0.01985219 0.02286618
v 0.04536237 0.02305887 0.01636812
v 0.00062541 0.02949357 0.00507549
v 0.03929298 0.02859187 0.01023426
v 0.03667554 0.02961503 0.00713542
v 0.00060364 0.02416872 0.01750038
v 0.04451477 0.02964918 0.00201229
v 0.01036682 0.02204239 0.02085631
v 0.00233605 0.02335352 0.01941872
v 0.00000008 0.02447079 0.00616669
v 0.00167143 0.02440665 0.01810969
v 0.00000002 0.01019749 0.02071533
v 0.00150017 0.02488227 0.00000303
v 0.01256715 0.02643344 0.01505215
v 0.04450659 0.02854217 0.00827662
v 0.00074913 0.02331485 0.01891044
v 0.00470774 0.00678147 0.02922426
v 0.00268193 0.03040661 0.00228587
v 0.00146644 0.02825780 0.01133585
v 0.04083609 0.02874152 0.00956375
v 0.00000019 0.02417406 0.01573799
v 0.04322825 0.02711584 0.01275992
v 0.00000001 0.02224796 0.00475600
v 0.00243472 0.00866050 0.02873466
v 0.04901793 0.02591200 0.01145377
v 0.00724146 0.01033314 0.02819448
v 0.03756929 0.02893862 0.00945675
v 0.00145010 0.02949850 0.00761159
v 0.04472154 0.02919236 0.00547538
v 0.00025352 0.02401157 0.01687334
v 0.04011960 0.02824702 0.01105160
v 0.01570599 0.02968619 0.00691177
v 0.00064574 0.00501173 0.02921692
v 0.00377495 0.02882658 0.00986120
v 0.00000752 0.02893651 0.00202697
v 0.00894894 0.01162776 0.02770485
v 0.04571905 0.02465855 0.01601224
v 0.00039367 0.02500387 0.01575722
v 0.01714374 0.02912826 0.00892733
v 0.04480452 0.02745522 0.01116598
v 0.00005439 0.02709102 0.01053627
v 0.00007839 0.01972027 0.02139289
v 0.00077655 0.02771918 0.01175091
v 0.04907041 0.02299663 0.01413091
v 0.00029063 0.01607036 0.02454726
v 0.04670772 0.02299663 0.01572433
v 0.00006126 0.01092668 0.02692709
v 0.00074443 0.01435924 0.02612668
v 0.03991268 0.02734113 0.01313908
v 0.04776499 0.02871446 0.00247035
v 0.04243840 0.02714051 0.01301138
v 0.01842596 0.02707928 0.01390067
v 0.04599522 0.02855293 0.00679787
v 0.04661035 0.02821113 0.00749390
v 0.00253974 0.01859706 0.02384381
v 0.00063279 0.02174256 0.02045321
v 0.00199065 0.01271167 0.02724706
v 0.04040961 0.02498071 0.01711867
v 0.04769864 0.02859082 0.00387126
v 0.02194441 0.02696273 0.01411728
v 0.00202446 0.03011822 0.00473411
v 0.03934081 0.02698901 0.01392569
v 0.00019449 0.02866718 0.00597942
v 0.00306363 0.03005250 0.00512157
v 0.00000010 0.02362505 0.01019124
v 0.03162816 0.03038862 0.00244856
v 0.00000014 0.02077833 0.01752885
v 0.03331878 0.02733408 0.01338867
v 0.00182508 0.02793551 0.01210838
v 0.04274810 0.02439577 0.01734966
v 0.03498706 0.02706366 0.01391996
v 0.04226497 0.02903407 0.00809212
v 0.04235030 0.03006691 0.00112220
v 0.00401581 0.00064659 0.02998905
v 0.00045583 0.02961276 0.00198247
v 0.00645436 0.02744482 0.01317415
v 0.04958522 0.02775640 0.00461964
v 0.03276898 0.02815618 0.01159710
v 0.00023908 0.02092071 0.02052608
v 0.01489881 0.02686082 0.01430561
v 0.04100697 0.03017380 0.00237092
v 0.03431935 0.03031721 0.00306308
v 0.00120337 0.02878684 0.00976650
v 0.00578094 0.03049267 0.00003685
v 0.03935278 0.03029695 0.00221961
v 0.00077839 0.00951892 0.02821245
v 0.00000019 0.02627969 0.01174806
v 0.02918694 0.03012423 0.00468013
v 0.03110190 0.02704246 0.01396925
v 0.00281552 0.02963579 0.00712276
v 0.00031909 0.02868114 0.00677430
v 0.00091702 0.00514426 0.02941596
v 0.00000002 0.01516178 0.01744900
v 0.04920097 0.02602494 0.01102659
v 0.00228621 0.02736648 0.01333030
v 0.00216140 0.02109961 0.02177156
v 0.00179718 0.02929775 0.00838472
v 0.02611369 0.02704916 0.01395700
v 0.04238030 0.02780260 0.01156990
v 0.00344414 0.02963802 0.00711447
v 0.04747070 0.02841800 0.00539018
v 0.00373766 0.02877550 0.01000152
v 0.00000000 0.01346945 0.01813342
v 0.03338383 0.02793484 0.01211144
v 0.04558684 0.02920418 0.00406948
v 0.03594736 0.02928105 0.00830965
v 0.00000000 0.01063367 0.01997810
v 0.00142000 0.00515518 0.02955157
v 0.04540430 0.02904570 0.00534775
v 0.00660251 0.01854126 0.02388560
v 0.00840633 0.00685365 0.02920149
v 0.00047158 0.02821091 0.00925859
v 0.03005056 0.02959756 0.00727101
v 0.03848220 0.02978917 0.00617533
v 0.00380848 0.02654663 0.01486072
v 0.04311307 0.02731746 0.01237130
v 0.00104048 0.02508919 0.01692275
v 0.00000013 0.02384968 0.01202001
v 0.00000018 0.01252149 0.02555023
v 0.03352165 0.02829784 0.01122170
v 0.04569894 0.02399137 0.01624984
v 0.00232698 0.02883985 0.00982256
v 0.04283393 0.03000150 0.00094197
v 0.00074484 0.01067340 0.02777506
v 0.04614405 0.02929061 0.00061701
v 0.04419231 0.02838798 0.00904352
v 0.00829877 0.00646680 0.02929507
v 0.00056338 0.02970403 0.00279138
v 0.00042170 0.01722046 0.02395414
v 0.01034937 0.02707824 0.01390263
v 0.04037977 0.02856358 0.01016540
v 0.03343464 0.02951953 0.00753112
v 0.03906720 0.03020443 0.00331283
v 0.00000016 0.01493024 0.02338411
v 0.00000000 0.00018072 0.00255490
v 0.00118694 0.02561592 0.01626890
v 0.00267116 0.01432462 0.02647861
v 0.03362166 0.03012915 0.00461492
v 0.04642779 0.02856851 0.00620169
v 0.04675216 0.02893203 0.00356100
v 0.00638803 0.01844082 0.02395878
v 0.00284453 0.03030887 0.00332297
v 0.00000003 0.02076971 0.01070170
v 0.00164357 0.00541903 0.02950418
v 0.04282623 0.02957224 0.00545440
v 0.00000011 0.02446734 0.00948421
v 0.03395944 0.02686684 0.01427001
v 0.00131082 0.02879928 0.00982131
v 0.00941741 0.03025741 0.00370976
v 0.04751654 0.02679375 0.01074228
v 0.00077416 0.02912016 0.00766058
v 0.04320185 0.02935083 0.00623470
v 0.00318405 0.02593726 0.01589136
v 0.00986146 0.02986593 0.00610715
v 0.01131373 0.03007795 0.00497813
v 0.00240329 0.01505172 0.02609347
v 0.04467409 0.02451498 0.01667536
v 0.00522602 0.02443579 0.01807700
v 0.04290764 0.02992820 0.00247641
v 0.03097363 0.02761580 0.01282176
v 0.04202558 0.02870780 0.00926259
v 0.03615058 0.03041007 0.00136791
v 0.00862189 0.00880705 0.02868944
v 0.00000017 0.02564580 0.01151016
v 0.04586960 0.02931990 0.00179997
v 0.00000000 0.00002386 0.01940228
v 0.04309705 0.02473125 0.01691566
v 0.03683744 0.03008554 0.00478188
v 0.03750110 0.02457471 0.01788352
v 0.04709164 0.02317868 0.01548981
v 0.00847544 0.00862929 0.02874412
v 0.04878016 0.02382633 0.01440437
v 0.00082946 0.03017717 0.00063195
v 0.04709311 0.02315022 0.01548785
v 0.01074229 0.03042641 0.00197354
v 0.01045850 0.02811117 0.01171707
v 0.00172750 0.02976526 0.00656771
v 0.00433514 0.01729057 0.02475552
v 0.04733370 0.02817244 0.00674552
v 0.00840407 0.01450812 0.02638488
v 0.00078271 0.02574339 0.01557094
v 0.00000017 0.02376592 0.01483900
v 0.00157375 0.03045850 0.00126536
v 0.00900575 0.01224104 0.02744138
v 0.04028313 0.02461193 0.01768281
v 0.04559529 0.02860125 0.00707148
v 0.04433845 0.02678685 0.01290352
v 0.04529223 0.02948639 0.00109383
v 0.04763157 0.02877017 0.00228962
v 0.04758476 0.02872566 0.00297363
v 0.04847251 0.02688580 0.00959018
v 0.00125644 0.02950623 0.00742626
v 0.04271006 0.02940476 0.00639866
v 0.04672744 0.02696695 0.01100238
v 0.00000010 0.02372287 0.01044430
v 0.00000003 0.02215119 0.00808257
v 0.00598062 0.01445864 0.02641091
v 0.00428727 0.01592363 0.02560339
v 0.00145299 0.02871393 0.01012548
v 0.04068225 0.02903964 0.00866130
v 0.04627591 0.02881368 0.00523930
v 0.00140692 0.02363021 0.01907304
v 0.03892436 0.02992375 0.00539547
v 0.03980783 0.02896428 0.00910634
v 0.03896499 0.02898711 0.00916330
v 0.04225237 0.02633320 0.01458970
v 0.00866248 0.00111833 0.02997012
v 0.00728838 0.01863248 0.02381915
v 0.00707715 0.01526004 0.02598252
v 0.00010012 0.02782838 0.00866321
v 0.00000002 0.02195555 0.00757518
v 0.00211662 0.02600823 0.01577133
v 0.04571364 0.02682142 0.01206167
v 0.00000019 0.01935022 0.02112957
v 0.00155071 0.01481987 0.02621720
v 0.00054025 0.01266446 0.02672035
v 0.00474311 0.01037913 0.02817815
v 0.00166584 0.02965713 0.00703576
v 0.04349499 0.02907186 0.00718425
v 0.04073885 0.02976697 0.00568766
v 0.02199110 0.02813288 0.01166577
v 0.00922661 0.02321051 0.01959066
v 0.03433472 0.02616433 0.01549110
v 0.00000002 0.02121982 0.00929309
v 0.04365318 0.02443538 0.01707434
v 0.03795003 0.02716451 0.01369295
v 0.00000008 0.01899471 0.01635465
v 0.00000000 0.01148547 0.01936630
v 0.00000006 0.02049901 0.01330129
v 0.00138164 0.03020354 0.00390598
v 0.00184295 0.01603962 0.02553139
v 0.00064494 0.02401468 0.01780574
v 0.00899293 0.00210959 0.02992403
v 0.00232995 0.02973223 0.00671796
v 0.03387256 0.02985686 0.00612742
v 0.00888184 0.01763742 0.02451809
v 0.03288661 0.02809410 0.01175680
v 0.04197234 0.02965077 0.00564448
v 0.00059518 0.02548816 0.01552022
v 0.00799658 0.01719067 0.02482069
v 0.04108538 0.03017302 0.00225342
v 0.04560924 0.02450411 0.01629714
v 0.00000019 0.01497431 0.02430453
v 0.02639318 0.02991239 0.00586195
v 0.04924282 0.02657043 0.00953456
v 0.00000020 0.02031445 0.02064535
v 0.04524483 0.02806280 0.00923835
v 0.00000001 0.02260589 0.00269937
v 0.03946449 0.02963381 0.00673788
v 0.01235136 0.02919170 0.00872236
v 0.04802186 0.02835964 0.00466612
v 0.00000018 0.02621016 0.01047459
v 0.04793312 0.02856109 0.00349643
v 0.00017270 0.02257694 0.01857112
v 0.04745046 0.02851046 0.00495168
v 0.00000003 0.02334033 0.00315215
v 0.00066366 0.00602058 0.02903258
v 0.00870786 0.01232131 0.02741329
v 0.00025900 0.02551885 0.01453567
v 0.00821774 0.01023941 0.02822754
v 0.04233441 0.02927010 0.00719166
v 0.00000012 0.01825086 0.01919796
v 0.03581999 0.02924350 0.00844163
v 0.00206199 0.02578584 0.01612706
v 0.04618290 0.02924598 0.00166231
v 0.03795854 0.03006606 0.00484097
v 0.00000020 0.02852636 0.00447168
v 0.00000004 0.02131830 0.01035905
v 0.00000264 0.01454422 0.02507932
v 0.01378940 0.03011791 0.00473404
v 0.00462531 0.00002956 0.02999949
v 0.00000005 0.02333890 0.00610933
v 0.03259839 0.02997562 0.00551527
v 0.00071167 0.02994625 0.00256861
v 0.00941371 0.02183197 0.02106868
v 0.00073811 0.02272136 0.01957945
v 0.00013332 0.02876110 0.00497030
v 0.00228859 0.02821289 0.01146999
v 0.03610380 0.02638356 0.01510331
v 0.00136212 0.01164563 0.02769372
v 0.03304638 0.02755478 0.01294584
v 0.00096853 0.02459083 0.01757229
v 0.00000000 0.00072869 0.02264248
v 0.00074646 0.02329814 0.01892627
v 0.04583239 0.02929400 0.00254290
v 0.04726745 0.02828366 0.00638778
v 0.00063675 0.02993408 0.00059978
v 0.00187005 0.02757559 0.01290671
v 0.01370254 0.02401302 0.01862324
v 0.04609573 0.02922617 0.00256624
v 0.03828541 0.02567344 0.01626618
v 0.00819570 0.01733741 0.02472462
v 0.04329056 0.02601620 0.01482620
v 0.02600009 0.02986189 0.00612499
v 0.03528686 0.02602212 0.01573518
v 0.03603710 0.03036778 0.00237144
v 0.00159107 0.02089721 0.02195034
v 0.00000020 0.01993695 0.02094400
v 0.03819103 0.02937972 0.00792105
v 0.00083720 0.01626088 0.02514031
v 0.04136540 0.03020645 0.00018049
v 0.00560730 0.02446052 0.01804490
v 0.04253069 0.02817572 0.01057036
v 0.01327642 0.03039310 0.00245027
v 0.03630339 0.03010147 0.00469509
v 0.04338729 0.02939942 0.00580257
v 0.04643381 0.02904142 0.00348327
v 0.00274728 0.02897918 0.00941185
v 0.00176537 0.01974186 0.02294905
v 0.02833836 0.02588500 0.01597725
v 0.00000011 0.02391880 0.01038686
v 0.03835800 0.02905327 0.00903208
v 0.00099408 0.01274605 0.02710857
v 0.00120920 0.02940867 0.00771320
v 0.04532655 0.02950521 0.00022499
v 0.00026283 0.00634836 0.02856433
v 0.00306457 0.02478730 0.01759944
v 0.00163507 0.02771713 0.01259567
v 0.04266737 0.02559305 0.01574511
v 0.00000001 0.01703392 0.01517585
v 0.00129878 0.02952547 0.00740407
v 0.03840213 0.03035443 0.00200531
v 0.04440726 0.02721396 0.01199471
v 0.00210033 0.01887785 0.02362883
v 0.00664688 0.03031742 0.00323773
v 0.02720861 0.02892197 0.00958345
v 0.04494546 0.02904732 0.00590020
v 0.00060013 0.01763205 0.02393276
v 0.04249184 0.02947982 0.00620992
v 0.00108244 0.02508053 0.01697142
v 0.04880017 0.02831616 0.00259564
v 0.00100569 0.01251170 0.02722057
v 0.00000001 0.00871333 0.02101186
v 0.00069361 0.02505960 0.01644883
v 0.00146534 0.01108656 0.02791756
v 0.00282841 0.02225750 0.02063426
v 0.04268647 0.02862617 0.00925423
v 0.04185363 0.02852050 0.00986569
v 0.00882712 0.00196935 0.02993302
v 0.00002733 0.02853972 0.00529726
v 0.01054618 0.02276168 0.02009551
v 0.04046412 0.02954247 0.00697272
v 0.00000019 0.02561562 0.01314792
v 0.00190977 0.02816340 0.01159339
v 0.00088551 0.02117436 0.02140048
v 0.00731564 0.02816584 0.01158749
v 0.04625388 0.02912730 0.00315576
v 0.00000001 0.01401554 0.01813848
v 0.03337084 0.02979883 0.00640307
v 0.00054020 0.01503724 0.02550552
v 0.00303208 0.01869641 0.02377138
v 0.04871671 0.02838275 0.00207201
v 0.03864482 0.02803445 0.01177712
v 0.00000019 0.02867339 0.00214891
v 0.03788812 0.02799048 0.01192653
v 0.00000008 0.02259306 0.01071660
v 0.04002413 0.03028731 0.00146698
v 0.00125437 0.01582192 0.02562636
v 0.01525807 0.02438746 0.01814291
v 0.00764323 0.00006987 0.02999881
v 0.04031636 0.02701360 0.01379599
v 0.04547181 0.02947004 0.00020464
v 0.04250874 0.02458820 0.01729397
v 0.00900454 0.01200211 0.02754594
v 0.04756505 0.02810402 0.00666322
v 0.00000017 0.02731682 0.00625636
v 0.00334843 0.00702165 0.02916648
v 0.00000019 0.02661294 0.01108075
v 0.00005704 0.02907984 0.00016918
v 0.00000010 0.02566250 0.00199179
v 0.04948912 0.02663605 0.00905028
v 0.00117136 0.02383690 0.01872728
v 0.04999573 0.02424764 0.01014059
v 0.03249230 0.02969273 0.00687098
v 0.04571665 0.02735497 0.01081899
v 0.03728329 0.02894644 0.00944056
v 0.00000001 0.00932430 0.02075677
v 0.00887814 0.01674858 0.02509589
v 0.03260182 0.02704810 0.01395756
v 0.00064584 0.02083413 0.02137356
v 0.00010063 0.02715883 0.01055080
v 0.04045967 0.03030956 0.00006279
v 0.04015168 0.02942260 0.00746036
v 0.02765153 0.02890882 0.00962081
v 0.00086052 0.02778400 0.01181211
v 0.04801848 0.02833231 0.00483808
v 0.00344185 0.01721204 0.02480496
v 0.03709526 0.03007406 0.00483358
v 0.00144775 0.00167036 0.02995220
v 0.00719946 0.01945279 0.02318707
v 0.00090742 0.02064562 0.02192236
v 0.00065600 0.00751844 0.02867688
v 0.04988979 0.02412913 0.01346530
v 0.00465333 0.02450368 0.01798720
v 0.00216572 0.02680307 0.01441308
v 0.00148743 0.02656018 0.01483020
v 0.00415478 0.01387324 0.02669719
v 0.00130814 0.00889904 0.02865242
v 0.03717320 0.03013679 0.00436435
v 0.00046066 0.02948343 0.00342869
v 0.00638552 0.00035990 0.02999379
v 0.00902011 0.00997715 0.02829055
v 0.04254072 0.03007189 0.00018634
v 0.01099791 0.02283947 0.02000927
v 0.04519043 0.02748498 0.01085283
v 0.04395454 0.02945244 0.00495435
v 0.00845775 0.01726937 0.02476914
v 0.00000015 0.02615131 0.00868104
v 0.00000015 0.02084895 0.01764182
v 0.04425584 0.02937310 0.00505320
v 0.00836470 0.00853398 0.02877110
v 0.04737040 0.02821829 0.00650212
v 0.04354079 0.02866610 0.00855875
v 0.03327057 0.02954484 0.00744474
v 0.00154356 0.02954571 0.00746081
v 0.00000019 0.02875853 0.00177135
v 0.00000017 0.02649051 0.00918230
v 0.00627971 0.00998275 0.02831393
v 0.00227673 0.00856476 0.02876148
v 0.00047077 0.02832171 0.00890609
v 0.00903215 0.02106050 0.02180932
v 0.04496818 0.02393875 0.01657312
v 0.03841437 0.02956944 0.00723492
v 0.00113848 0.01306246 0.02702995
v 0.04087722 0.02954312 0.00676502
v 0.03953435 0.03005908 0.00442214
v 0.00291933 0.02807661 0.01179354
v 0.04832758 0.02811575 0.00535995
v 0.03977830 0.02829825 0.01095912
v 0.00798974 0.00837044 0.02881737
v 0.00773763 0.00483039 0.02960507
v 0.04115744 0.02925641 0.00773518
v 0.00374935 0.01041977 0.02816339
v 0.00111284 0.03037220 0.00069802
v 0.00413636 0.02449019 0.01800551
v 0.00000002 0.01940360 0.01279425
v 0.00022835 0.02808135 0.00846828
v 0.04195896 0.02458318 0.01742809
v 0.03381064 0.02893279 0.00954308
v 0.02773170 0.02899458 0.00935570
v 0.00007197 0.02892921 0.00318555
v 0.04585078 0.02429684 0.01618676
v 0.00177240 0.02915155 0.00885619
v 0.00150010 0.00030437 0.00012376
v 0.04066209 0.02806440 0.01142864
v 0.00465400 0.02873843 0.01009804
v 0.00074341 0.02974688 0.00457902
v 0.04258889 0.02981751 0.00424069
v 0.04215491 0.02781819 0.01160022
v 0.04190690 0.03007373 0.00234098
v 0.00007595 0.02044153 0.02069456
v 0.00112332 0.00787988 0.02889569
v 0.00067183 0.02938990 0.00594545
v 0.04626857 0.02568462 0.01396838
v 0.00001800 0.00881396 0.02763474
v 0.00353289 0.03040577 0.00229674
v 0.03471219 0.02767839 0.01266104
v 0.00396598 0.00003037 0.02999948
v 0.00890650 0.00446832 0.02965654
v 0.00036169 0.02587567 0.01419078
v 0.03846844 0.03014023 0.00414386
v 0.03430804 0.03046320 0.00052695
v 0.01278044 0.02590545 0.01594516
v 0.02698739 0.03039684 0.00235687
v 0.00711948 0.00869936 0.02872414
v 0.00004916 0.02405343 0.01628452
v 0.00942255 0.02923552 0.00857971
v 0.00208539 0.03044647 0.00166970
v 0.00977349 0.02099967 0.02185951
v 0.04259401 0.02934064 0.00677608
v 0.00019684 0.02738693 0.01034369
v 0.03345976 0.02967055 0.00696759
v 0.03994764 0.03024819 0.00246338
v 0.03334817 0.03008942 0.00489922
v 0.00000019 0.01464307 0.02478071
v 0.04183342 0.02950733 0.00643209
v 0.04686707 0.02552337 0.01390541
v 0.00000011 0.02506394 0.00750533
v 0.00118294 0.02158719 0.02121960
v 0.04914242 0.02822078 0.00206149
v 0.00005792 0.00539170 0.02853995
v 0.04611323 0.02917433 0.00311657
v 0.00117407 0.02280114 0.01994755
v 0.03374375 0.02709222 0.01387203
v 0.03892326 0.03039114 0.00014522
v 0.00087570 0.02801401 0.01128867
v 0.04196411 0.02785711 0.01155957
v 0.04610680 0.02896377 0.00474039
v 0.04708461 0.02587380 0.01311708
v 0.00198290 0.00424213 0.02969518
v 0.04962327 0.02809183 0.00061041
v 0.00000000 0.00030072 0.02257934
v 0.04051712 0.02458153 0.01768637
v 0.04450020 0.02935861 0.00484317
v 0.04423192 0.02879778 0.00759203
v 0.04655287 0.02744402 0.00993281
v 0.00026681 0.02924373 0.00297259
v 0.00003172 0.01741106 0.02322927
v 0.04744307 0.02863712 0.00415678
v 0.00127187 0.00310570 0.02981707
v 0.04227979 0.02916805 0.00760946
v 0.00372088 0.00691867 0.02919162
v 0.00746548 0.00130996 0.02996655
v 0.00065499 0.00081222 0.02963027
v 0.00534244 0.02935888 0.00816311
v 0.03799784 0.03010893 0.00453694
v 0.00127945 0.02881012 0.00977222
v 0.03952147 0.03016058 0.00350777
v 0.00270725 0.01505290 0.02609290
v 0.03390266 0.02981238 0.00633219
v 0.00000020 0.00994082 0.02722945
v 0.00618290 0.02120204 0.02168008
v 0.00000000 0.00700091 0.02140310
v 0.00000019 0.01275764 0.02569443
v 0.00414283 0.00070186 0.02998756
v 0.00014799 0.02851812 0.00635266
v 0.03580751 0.02974931 0.00656362
v 0.00091175 0.02403979 0.01824590
v 0.04366764 0.02635595 0.01403870
v 0.03232408 0.02959398 0.00727805
v 0.00093168 0.02625209 0.01494983
v 0.01680506 0.03041577 0.00212092
v 0.04368858 0.02737592 0.01198474
v 0.04265956 0.02991827 0.00318946
v 0.00000016 0.02776263 0.00170111
v 0.00457864 0.01113022 0.02790163
v 0.04189173 0.02688469 0.01366399
v 0.00220407 0.03048684 0.00023445
v 0.04753822 0.02380725 0.01523060
v 0.04687966 0.02349853 0.01563479
v 0.00894573 0.00421310 0.02969128
v 0.04966553 0.02727136 0.00675516
v 0.00886242 0.00759503 0.02901979
v 0.02760259 0.03009722 0.00486145
v 0.04423245 0.02449492 0.01687845
v 0.00121545 0.02389584 0.01867537
v 0.00000000 0.02029966 0.00978493
v 0.04421492 0.02889438 0.00725332
v 0.02555712 0.03009532 0.00487329
v 0.00000001 0.02198322 0.00549972
v 0.00066307 0.02779506 0.01118180
v 0.04574059 0.02939424 0.00050892
v 0.00000010 0.01829345 0.01797618
v 0.04473650 0.02726237 0.01168901
v 0.03210075 0.02983226 0.00625565
v 0.00064427 0.00342023 0.02944145
v 0.00068801 0.00841440 0.02847699
v 0.00077928 0.02445392 0.01748974
v 0.02110676 0.03018403 0.00424405
v 0.00000011 0.00013600 0.02887371
v 0.00093679 0.00547112 0.02936659
v 0.04979026 0.02784630 0.00336402
v 0.00037671 0.00065393 0.02935680
v 0.03652550 0.02807299 0.01176607
v 0.00002486 0.02774278 0.00854723
v 0.04431488 0.02407416 0.01684582
v 0.00387958 0.02989037 0.00597859
v 0.00000003 0.01310542 0.01937896
v 0.00492225 0.02897029 0.00943980
v 0.00324803 0.02461010 0.01784170
v 0.00572955 0.02345899 0.01930168
v 0.00474172 0.00339506 0.02980613
v 0.00123123 0.01834903 0.02398081
v 0.00213327 0.02312512 0.01967415
v 0.00097935 0.02814534 0.01116028
v 0.03536634 0.03046075 0.00022200
v 0.00100008 0.02705982 0.01359070
v 0.01099835 0.02435131 0.01818900
v 0.04718204 0.02455029 0.01538551
v 0.03787849 0.02886601 0.00964489
v 0.03680512 0.02914746 0.00875573
v 0.00000005 0.02350144 0.00504216
v 0.04894128 0.02679811 0.00001353
v 0.04342198 0.02921853 0.00666171
v 0.03906251 0.02960928 0.00695268
v 0.03656658 0.02494233 0.01734841
v 0.04936287 0.02805174 0.00312211
v 0.00095415 0.02744070 0.01271597
v 0.00125845 0.00990695 0.02831703
v 0.04777520 0.02855967 0.00390226
v 0.00105956 0.02326430 0.01936173
v 0.00253515 0.02889051 0.00967503
v 0.00794994 0.02323032 0.01956694
v 0.01151938 0.02303091 0.01979554
v 0.00001033 0.00340339 0.02880019
v 0.00000003 0.02310696 0.00336075
v 0.04300023 0.02592814 0.01509428
v 0.04942111 0.02403807 0.01388605
v 0.04923177 0.02666819 0.00010285
v 0.00716557 0.00888076 0.02866783
v 0.00065655 0.02080903 0.02141826
v 0.03984758 0.02534687 0.01663336
v 0.01579206 0.02635244 0.01518912
v 0.03731942 0.02802793 0.01185679
v 0.00210910 0.01601683 0.02554554
v 0.00425744 0.02592294 0.01591557
v 0.00123099 0.00759199 0.02899968
v 0.00810781 0.00869355 0.02872577
v 0.04264676 0.02773349 0.01164802
v 0.04162028 0.02981923 0.00492863
v 0.00099984 0.03002505 0.00419507
v 0.04032141 0.02537178 0.01655697
v 0.00562217 0.02086237 0.02198933
v 0.04660744 0.02805602 0.00803006
v 0.04362325 0.02910660 0.00696907
v 0.04257683 0.02994817 0.00298053
v 0.04879487 0.02531318 0.01288351
v 0.04192534 0.02737600 0.01263163
v 0.00110676 0.03003608 0.00460348
v 0.03734539 0.03043879 0.00010808
v 0.03735937 0.03003838 0.00501447
v 0.04947033 0.02746342 0.00627507
v 0.00027046 0.02906161 0.00445886
v 0.00082288 0.02362650 0.01864302
v 0.00000000 0.00004508 0.00486066
v 0.04309478 0.02897194 0.00782619
v 0.00000005 0.01985200 0.01373569
v 0.00138985 0.03042459 0.00150841
v 0.03935890 0.02953221 0.00720963
v 0.00101542 0.00474293 0.02952589
v 0.00120640 0.02389270 0.01867495
v 0.00053207 0.01303987 0.02654377
v 0.00003509 0.02901667 0.00098306
v 0.04135368 0.02878247 0.00001312
v 0.00000002 0.02328561 0.00017727
v 0.00091039 0.01130678 0.02766639
v 0.03429088 0.02982727 0.00625379
v 0.00138477 0.03031732 0.00294733
v 0.00000019 0.01791330 0.02229819
v 0.00225504 0.02887389 0.00972343
v 0.04456209 0.02822670 0.00001236
v 0.00064279 0.01784505 0.02384947
v 0.03098172 0.02707688 0.01390500
v 0.04693911 0.02382428 0.01560496
v 0.00208712 0.00440809 0.02966980
v 0.00214036 0.02351798 0.01922778
v 0.04466015 0.02961220 0.00204602
v 0.00925768 0.02588285 0.01598168
v 0.00000002 0.01508669 0.01750316
v 0.00025494 0.02216842 0.01921633
v 0.00267793 0.01757713 0.02455662
v 0.00870954 0.02429997 0.01825367
v 0.04125980 0.02985136 0.00497177
v 0.01020593 0.02345995 0.01930068
v 0.03668039 0.02836388 0.01100865
v 0.00000003 0.02350444 0.00190520
v 0.04412036 0.02962882 0.00343911
v 0.03850979 0.02965731 0.00683506
v 0.00000013 0.01914943 0.01844047
v 0.03674931 0.02709632 0.01384617
v 0.00115856 0.02587635 0.01585574
v 0.03725867 0.03034699 0.00247455
v 0.03851348 0.03001476 0.00502890
v 0.04604013 0.02929854 0.00116119
v 0.00804519 0.00792184 0.02894040
v 0.00531902 0.02707102 0.01391591
v 0.00178715 0.02870778 0.01018008
v 0.04853709 0.02712735 0.00883452
v 0.00482578 0.01590859 0.02561273
v 0.03486149 0.02697790 0.01407080
v 0.00481995 0.01488344 0.02618378
v 0.02987084 0.02962900 0.00715269
v 0.04446016 0.02949404 0.00398043
v 0.01437854 0.02587176 0.01599904
v 0.00000010 0.01527268 0.02063267
v 0.00000017 0.02663147 0.00829816
v 0.00807688 0.01861293 0.02383339
v 0.00000000 0.01683560 0.01512389
v 0.00174535 0.03041382 0.00217962
v 0.00341342 0.03028585 0.00350530
v 0.04534839 0.02778023 0.00993187
v 0.00376554 0.02340960 0.01935906
v 0.00895778 0.01373128 0.02676440
v 0.04616419 0.02377674 0.01602938
v 0.03655564 0.02580043 0.01609416
v 0.04758914 0.02483761 0.01464440
v 0.00297690 0.03013802 0.00459156
v 0.00000002 0.01987695 0.01172672
v 0.00155813 0.00289902 0.02985675
v 0.00098125 0.02753916 0.01254550
v 0.00000020 0.02883353 0.00210695
v 0.04283742 0.02997353 0.00192818
v 0.04355667 0.02676591 0.01329955
v 0.00090203 0.00548340 0.02934266
v 0.00118527 0.02155248 0.02125447
v 0.00117110 0.01930763 0.02323065
v 0.03343012 0.02666606 0.01462125
v 0.04010789 0.03020968 0.00274774
v 0.00639489 0.03039113 0.00246262
v 0.00072976 0.03004944 0.00120721
v 0.00000001 0.01015978 0.02053772
v 0.00642464 0.00523115 0.02953432
v 0.00000003 0.01410735 0.01869706
v 0.03597375 0.03041823 0.00121212
v 0.04978608 0.02778729 0.00382942
v 0.04066311 0.03004873 0.00393616
v 0.00000020 0.02876292 0.00260001
v 0.00840720 0.00132353 0.02996490
v 0.03421273 0.02781517 0.01236813
v 0.00000017 0.02159780 0.01780306
v 0.00159534 0.00044624 0.02999244
v 0.03608607 0.03045796 0.00003170
v 0.00105798 0.03008799 0.00396963
v 0.04634147 0.02345622 0.01593919
v 0.04638148 0.02731272 0.01044381
v 0.00110155 0.00902992 0.02856138
v 0.00157552 0.02131056 0.02157238
v 0.00457500 0.00914459 0.02858639
v 0.00588885 0.00242800 0.02990002
v 0.03689455 0.02815809 0.01154817
v 0.00530062 0.02662030 0.01473610
v 0.00000000 0.01640812 0.01552802
v 0.04993783 0.02750570 0.00513986
v 0.00150012 0.01061447 0.00001223
v 0.00000019 0.02579163 0.01274157
v 0.00244116 0.01026458 0.02821806
v 0.04064974 0.02892025 0.00908669
v 0.00389485 0.02339346 0.01937782
v 0.00134276 0.00653805 0.02927228
v 0.00000002 0.02174843 0.00750379
v 0.03187322 0.02989787 0.00593631
v 0.00000019 0.02233870 0.01792785
v 0.00000000 0.02255842 0.00195061
v 0.04622478 0.02920024 0.00244106
v 0.00000000 0.02264987 0.00002779
v 0.03645699 0.02704615 0.01394168
v 0.00612901 0.02439292 0.01813266
v 0.00000001 0.00112352 0.02317709
v 0.04922330 0.02724848 0.00755074
v 0.04550754 0.02818513 0.00868429
v 0.04098025 0.02593914 0.01555167
v 0.00025945 0.02777727 0.00954944
v 0.04848830 0.02842580 0.00269340
v 0.00072476 0.02302114 0.01922052
v 0.04309982 0.02830438 0.00997377
v 0.00484398 0.02761063 0.01283330
v 0.00065732 0.02941325 0.00571991
v 0.03825371 0.03037424 0.00161613
v 0.00000001 0.02117780 0.00808934
v 0.00055168 0.01609202 0.02488959
v 0.04274778 0.02965249 0.00509091
v 0.04703457 0.02899973 0.00108018
v 0.00008961 0.02845887 0.00622233
v 0.00802001 0.02431359 0.01823568
v 0.04503204 0.02951452 0.00220776
v 0.03220829 0.02588507 0.01597646
v 0.00000001 0.02201441 0.00589031
v 0.00000004 0.01770190 0.01592937
v 0.00595255 0.00672143 0.02923713
v 0.03179694 0.02757268 0.01291027
v 0.03198068 0.02814324 0.01163217
v 0.02945014 0.03013008 0.00463700
v 0.02597836 0.02717710 0.01370582
v 0.02431232 0.02894275 0.00952248
v 0.00152709 0.02561317 0.01638563
v 0.00000020 0.01351769 0.02552856
v 0.00002233 0.02332025 0.01728253
v 0.04823702 0.02445792 0.01479336
v 0.01114815 0.02424272 0.01832876
v 0.03279178 0.02888517 0.00967675
v 0.00688959 0.00494008 0.02958852
v 0.00126246 0.00865128 0.02872298
v 0.01687135 0.03049355 0.00001582
v 0.04300213 0.02505347 0.01646118
v 0.03972435 0.02806309 0.01159272
v 0.00000001 0.01503702 0.01698610
v 0.00787965 0.01994161 0.02279158
v 0.03854177 0.03039575 0.00061500
v 0.00101776 0.02976088 0.00577331
v 0.04241198 0.02646291 0.01432976
v 0.00504912 0.00168434 0.02995226
v 0.02784707 0.02893485 0.00954592
v 0.00412491 0.02745794 0.01314841
v 0.04712675 0.02820407 0.00688852
v 0.03267024 0.02450345 0.01798718
v 0.00899031 0.01537828 0.02591505
v 0.03805913 0.02863276 0.01026449
v 0.00122775 0.03037872 0.00170198
v 0.00101924 0.01797894 0.02414964
v 0.00897152 0.03012328 0.00469695
v 0.00078468 0.01318397 0.02675965
v 0.03346609 0.02744046 0.01317479
v 0.00669082 0.02224961 0.02064471
v 0.04250936 0.02509704 0.01653836
v 0.00917882 0.01976364 0.02293750
v 0.03260695 0.02810645 0.01172798
v 0.03241231 0.02593760 0.01589016
v 0.04217947 0.02680839 0.01373627
v 0.04602947 0.02822150 0.00807857
v 0.00538199 0.02431835 0.01822687
v 0.01046505 0.02221917 0.02067641
v 0.00138637 0.02768521 0.01259235
v 0.03486332 0.02951389 0.00752371
v 0.03164872 0.02590648 0.01594342
v 0.00175794 0.02497061 0.01734118
v 0.04324870 0.02868972 0.00868327
v 0.00171537 0.03034357 0.00295683
v 0.00059392 0.01997674 0.02205863
v 0.04548469 0.02907499 0.00509252
v 0.00884550 0.00575873 0.02943113
v 0.04412067 0.02912776 0.00644373
v 0.04801564 0.02779319 0.00722544
v 0.00000020 0.00210668 0.02887302
v 0.00000002 0.01156294 0.02007808
v 0.01743268 0.02893836 0.00953565
v 0.00107298 0.02403246 0.01841336
v 0.00863180 0.01023122 0.02823030
v 0.03811453 0.02454083 0.01793044
v 0.00632151 0.02328119 0.01950759
v 0.04748131 0.02311366 0.01524129
v 0.00615996 0.02897315 0.00943040
v 0.00125421 0.01034087 0.02817528
v 0.04359991 0.02845535 0.00923628
v 0.00118597 0.02911501 0.00871282
v 0.00815421 0.00511675 0.02955134
v 0.04421949 0.02976293 0.00035104
v 0.00100945 0.01012470 0.02816667
v 0.00092434 0.01662530 0.02499535
v 0.03124488 0.02959758 0.00726872
v 0.00150000 0.00000325 0.00807530
v 0.04427609 0.02934152 0.00520034
v 0.04829618 0.02624466 0.01134748
v 0.00068650 0.02482512 0.01676587
v 0.00107419 0.02691738 0.01396517
v 0.03571368 0.02961862 0.00714273
v 0.00000000 0.01508591 0.01683941
v 0.03807646 0.02508857 0.01713108
v 0.00000007 0.02216715 0.01104267
v 0.03638719 0.02791125 0.01212756
v 0.00000018 0.01611864 0.02350253
v 0.04427611 0.02926769 0.00558986
v 0.00304314 0.00962219 0.02843503
v 0.04476006 0.02840924 0.00855103
v 0.00094739 0.01578692 0.02551059
v 0.00090279 0.02128864 0.02130635
v 0.00037568 0.02213281 0.01950624
v 0.02693007 0.02824047 0.01138222
v 0.00000002 0.01922106 0.01300238
v 0.03850987 0.02474411 0.01762597
v 0.00150586 0.01532626 0.02594560
v 0.00000009 0.02554329 0.00110049
v 0.00166969 0.00012532 0.02999787
v 0.00113421 0.01585194 0.02557111
v 0.00841003 0.00806712 0.02890322
v 0.04411480 0.02978302 0.00033508
v 0.00120081 0.00549941 0.02946098
v 0.00072156 0.01576160 0.02531316
v 0.00073477 0.02273336 0.01955994
v 0.00080423 0.02877357 0.00898746
v 0.00728722 0.02114399 0.02173342
v 0.04515501 0.02664672 0.01273097
v 0.04438342 0.02308572 0.01680449
v 0.00321435 0.00356721 0.02978437
v 0.04802744 0.02854866 0.00324997
v 0.00965525 0.00006455 0.02934437
v 0.04887783 0.02526665 0.01289991
v 0.03034973 0.03012750 0.00465453
v 0.00824281 0.02190651 0.02099264
v 0.00699870 0.01114700 0.02789533
v 0.00147584 0.00663397 0.02925573
v 0.00082468 0.01854141 0.02356829
v 0.02202771 0.02722547 0.01360987
v 0.00041682 0.02463738 0.01636544
v 0.00306378 0.01442953 0.02642598
v 0.04990748 0.02712728 0.00689513
v 0.04545452 0.02702470 0.01179285
v 0.03771064 0.02803058 0.01184443
v 0.00007194 0.02898130 0.00265820
v 0.00155296 0.03047820 0.00056847
v 0.00117316 0.01684650 0.02498502
v 0.00109053 0.01738009 0.02459136
v 0.00789156 0.01199786 0.02755333
v 0.00747654 0.01524226 0.02599213
v 0.04048559 0.02787843 0.01190785
v 0.00579881 0.00167355 0.02995291
v 0.02605467 0.02896495 0.00945167
v 0.00060055 0.00277934 0.02945697
v 0.04718527 0.02708615 0.01034034
v 0.00573454 0.02116239 0.02171672
v 0.03353260 0.02997143 0.00553216
v 0.00072988 0.02950960 0.00573566
v 0.00280486 0.01871339 0.02375808
v 0.02841841 0.02811809 0.01170031
v 0.00000005 0.01812922 0.01586271
v 0.04625147 0.02900529 0.00419194
v 0.00000000 0.02246690 0.00117932
v 0.00156009 0.00345315 0.02979871
v 0.00070727 0.00800320 0.02860489
v 0.00000007 0.01738894 0.01765917
v 0.00885423 0.01435613 0.02646107
v 0.00049720 0.02967713 0.00194492
v 0.00144169 0.02711403 0.01382122
v 0.00075534 0.02250275 0.01985418
v 0.00818761 0.02656695 0.01482538
v 0.00097609 0.00768849 0.02888504
v 0.00831843 0.02438054 0.01814987
v 0.00075348 0.02574202 0.01551481
v 0.00009497 0.01164905 0.02665480
v 0.00260028 0.02895250 0.00949320
v 0.03840096 0.02540593 0.01665528
v 0.00022242 0.00026785 0.02921420
v 0.00000020 0.02627844 0.01218961
v 0.00776863 0.03049331 0.00002191
v 0.00000011 0.01860030 0.01813061
v 0.04247118 0.03006960 0.00054515
v 0.03906499 0.03005848 0.00462638
v 0.03587201 0.02849945 0.01066159
v 0.04979528 0.02559096 0.01136867
v 0.00075790 0.02775208 0.01163078
v 0.00079049 0.00656869 0.02903916
v 0.00401546 0.00979747 0.02837681
v 0.04336197 0.02718695 0.01255636
v 0.00613397 0.00335911 0.02980991
v 0.04029880 0.03010522 0.00364142
v 0.04674903 0.02420735 0.01572011
v 0.00384461 0.00251515 0.02989221
v 0.03373143 0.02996602 0.00555343
v 0.00000017 0.02413284 0.01405877
v 0.04275088 0.02601451 0.01502309
v 0.00933662 0.02752235 0.01301774
v 0.03028271 0.02892045 0.00958691
v 0.00802331 0.02987036 0.00608436
v 0.03984391 0.02809685 0.01148793
v 0.00848379 0.03040098 0.00235870
v 0.00000017 0.02268643 0.01645437
v 0.00000012 0.00032893 0.02892808
v 0.03190299 0.03036992 0.00269456
v 0.03382177 0.02861758 0.01037574
v 0.00137544 0.02357994 0.01912924
v 0.00121464 0.03042053 0.00050747
v 0.00000018 0.02760248 0.00671283
v 0.03453298 0.02866982 0.01022933
v 0.00000001 0.01461046 0.01746505
v 0.04560287 0.02866205 0.00679568
v 0.04762416 0.02875921 0.00246452
v 0.04265288 0.02921102 0.00726598
v 0.00000009 0.02327758 0.00986892
v 0.04874488 0.02734762 0.00787705
v 0.03992500 0.02453367 0.01783685
v 0.03798923 0.02458908 0.01786209
v 0.03724110 0.02901042 0.00922071
v 0.00825299 0.00322036 0.02982515
v 0.00106073 0.01933319 0.02315646
v 0.04928918 0.02622208 0.01045426
v 0.00295213 0.00210639 0.02992165
v 0.00000001 0.01905682 0.01227402
v 0.00101611 0.01374112 0.02666111
v 0.00014965 0.01006041 0.02735037
v 0.00000020 0.00350045 0.02874057
v 0.04613771 0.02895306 0.00475271
v 0.00000020 0.02793005 0.00768525
v 0.04034541 0.02747124 0.01281057
v 0.00179231 0.02973123 0.00672222
v 0.00000018 0.02210580 0.01797782
v 0.04320374 0.02838704 0.00967109
v 0.03311482 0.03034471 0.00289171
v 0.00483966 0.02113494 0.02174172
v 0.03073373 0.02596825 0.01583893
v 0.01256064 0.02433427 0.01821168
v 0.00050165 0.02969878 0.00164541
v 0.00104445 0.00084440 0.02990332
v 0.04972914 0.02299663 0.01152497
v 0.04767506 0.02634146 0.01168457
v 0.00619042 0.02582938 0.01606212
v 0.03415420 0.02895582 0.00946227
v 0.04729163 0.02680919 0.01091806
v 0.03878795 0.03003452 0.00485970
v 0.00015015 0.02864029 0.00577559
v 0.00024835 0.01237611 0.02650959
v 0.00163601 0.02856191 0.01056050
v 0.00211654 0.02690815 0.01421807
v 0.04436835 0.02910911 0.00628033
v 0.00119227 0.00750845 0.02901270
v 0.04471457 0.02886503 0.00689180
v 0.04118539 0.02675295 0.01408062
v 0.00543940 0.02674292 0.01452262
v 0.04998444 0.02785784 0.00238081
v 0.04582747 0.02938330 0.00017541
v 0.04098481 0.02693092 0.01380231
v 0.00217099 0.01280762 0.02720650
v 0.00104344 0.02120929 0.02150789
v 0.00000000 0.02215309 0.00387793
v 0.00886565 0.01107583 0.02792208
v 0.03798496 0.03037705 0.00163664
v 0.04610904 0.02703179 0.01131526
v 0.03511578 0.02945581 0.00772013
v 0.04929665 0.02822316 0.00042908
v 0.04939416 0.02742458 0.00655559
v 0.04924028 0.02823501 0.00068737
v 0.00001791 0.02583697 0.01321988
v 0.01309903 0.02398736 0.01865519
v 0.00000004 0.01805787 0.01563213
v 0.00000017 0.02565428 0.01144526
v 0.00134833 0.01874595 0.02370780
v 0.04823725 0.02819526 0.00515466
v 0.04286051 0.02621420 0.01463497
v 0.01911040 0.03039222 0.00246662
v 0.03633094 0.03000786 0.00522238
v 0.00000537 0.00795671 0.02788749
v 0.03914464 0.02508340 0.01707857
v 0.03768020 0.02960249 0.00715827
v 0.04081752 0.02982984 0.00532412
v 0.04965274 0.02801995 0.00215156
v 0.04346516 0.02893954 0.00766547
v 0.03183035 0.02962537 0.00716688
v 0.03959537 0.02628354 0.01514793
v 0.00067885 0.02929380 0.00647858
v 0.04447316 0.02307179 0.01676410
v 0.04100064 0.02951331 0.00684135
v 0.03646557 0.02975144 0.00651611
v 0.00089261 0.01785529 0.02414009
v 0.00912887 0.00050996 0.02985855
v 0.00000005 0.02399011 0.00020658
v 0.00337949 0.02230486 0.02058705
v 0.01377363 0.02434142 0.01820265
v 0.00000000 0.00000198 0.01144100
v 0.00869223 0.01710026 0.02487933
v 0.00000001 0.02000407 0.01095223
v 0.00117741 0.00725074 0.02907737
v 0.00150008 0.00017429 0.00157328
v 0.04766584 0.02769861 0.00797915
v 0.00095281 0.02936343 0.00740125
v 0.00207757 0.02826570 0.01133244
v 0.03578814 0.02737190 0.01329442
v 0.00472675 0.02669577 0.01460555
v 0.00134101 0.01323595 0.02699746
v 0.04621592 0.02684473 0.01164945
v 0.00221365 0.02759540 0.01286534
v 0.00003650 0.02688996 0.01099710
v 0.00204801 0.00585434 0.02942014
v 0.00251521 0.02119888 0.02168326
v 0.00054728 0.02024244 0.02174704
v 0.04133971 0.02995601 0.00419977
v 0.04508814 0.02753054 0.01080413
v 0.04954732 0.02299663 0.01368653
v 0.04998791 0.02479506 0.01280510
v 0.00017476 0.00044739 0.02916117
v 0.03806202 0.02699754 0.01401703
v 0.00000018 0.02407284 0.01517006
v 0.00075090 0.02702863 0.01316131
v 0.00059990 0.02230038 0.01977554
v 0.00034219 0.02484322 0.01586707
v 0.04073829 0.03023882 0.00137363
v 0.00100145 0.03033687 0.00003618
v 0.00058843 0.02799129 0.01036856
v 0.00804249 0.02445540 0.01805222
v 0.00178440 0.01997109 0.02276879
v 0.00116071 0.02029854 0.02239929
v 0.03846709 0.02809253 0.01166954
v 0.00384318 0.00514586 0.02955389
v 0.00029581 0.02587964 0.01398379
v 0.04282030 0.02832049 0.01008040
v 0.04076953 0.02965990 0.00622139
v 0.04653467 0.02671714 0.01169610
v 0.04652810 0.02890158 0.00437084
v 0.03332846 0.03039623 0.00226949
v 0.03726411 0.03011294 0.00455158
v 0.04046021 0.03031064 0.00002924
v 0.03688181 0.02825160 0.01130199
v 0.04041904 0.03027732 0.00111170
v 0.00307694 0.02812246 0.01169088
v 0.03730400 0.02568889 0.01625580
v 0.00000019 0.01836902 0.02211748
v 0.00010743 0.02834945 0.00679522
v 0.00145099 0.02882094 0.00983990
v 0.01008255 0.02469666 0.01772336
v 0.00849918 0.01321908 0.02701324
v 0.03991916 0.02586654 0.01585103
v 0.04182801 0.02970129 0.00545997
v 0.04226669 0.02961609 0.00566815
v 0.03340152 0.02610171 0.01560337
v 0.00000014 0.02188644 0.01603630
v 0.04113563 0.03011856 0.00284732
v 0.00091685 0.02268624 0.01987056
v 0.03934757 0.02679380 0.01426954
v 0.00000001 0.01149977 0.01963463
v 0.00000003 0.01842716 0.01446979
v 0.02049413 0.02895079 0.00949834
v 0.01906615 0.02810713 0.01172673
v 0.03518351 0.02859411 0.01042072
v 0.03661556 0.02967513 0.00687669
v 0.00734178 0.02679610 0.01442614
v 0.04498566 0.02931133 0.00440791
v 0.00000009 0.02039311 0.01527796
v 0.00194800 0.01923384 0.02334876
v 0.00838683 0.02420224 0.01837745
v 0.00000019 0.02559077 0.01309883
v 0.00286693 0.01281870 0.02720138
v 0.04357139 0.02980783 0.00247273
v 0.03954547 0.03013543 0.00373079
v 0.04574696 0.02868810 0.00650521
v 0.00000019 0.02124373 0.01944298
v 0.00013628 0.00947129 0.02755501
v 0.00423441 0.03012886 0.00465828
v 0.00080999 0.03010608 0.00195592
v 0.01087826 0.02964394 0.00709091
v 0.00060652 0.01301224 0.02664243
v 0.04540824 0.02941796 0.00230267
v 0.00933950 0.02039309 0.02240645
v 0.00015443 0.02842049 0.00680061
v 0.04958876 0.02801557 0.00258985
v 0.00000020 0.01490255 0.02472105
v 0.04368698 0.02692314 0.01293666
v 0.01275205 0.02399320 0.01864742
v 0.00084911 0.02791339 0.01149183
v 0.04763779 0.02882991 0.00053005
v 0.04520456 0.02585374 0.01427916
v 0.00886214 0.01185046 0.02761640
v 0.02604986 0.02706056 0.01393585
v 0.00000007 0.02313703 0.00854813
v 0.04992620 0.02633181 0.00101589
v 0.00152661 0.01772833 0.02445064
v 0.04482475 0.02566825 0.01476860
v 0.00327777 0.01263049 0.02728244
v 0.00000012 0.01284768 0.02293250
v 0.04280777 0.02972198 0.00464706
v 0.04637943 0.02917620 0.00190767
v 0.00029596 0.01855902 0.02275739
v 0.04534964 0.02937889 0.00295774
v 0.04309419 0.02996722 0.00044902
v 0.00000010 0.01123741 0.02329180
v 0.00986002 0.02230986 0.02058005
v 0.00000020 0.02872460 0.00277414
v 0.02634828 0.03038977 0.00249166
v 0.00089929 0.02431392 0.01788642
v 0.00047223 0.01457073 0.02568169
v 0.04451770 0.02765675 0.01082016
v 0.04822219 0.02373307 0.01479584
v 0.04094776 0.02920203 0.00800093
v 0.00501874 0.01735528 0.02471221
v 0.00857985 0.01327445 0.02698633
v 0.02679729 0.02699624 0.01405508
v 0.04440020 0.02969970 0.00130251
v 0.00000016 0.02690331 0.00645060
v 0.00178568 0.03027652 0.00357460
v 0.00000018 0.01391289 0.02468559
v 0.02755698 0.02716084 0.01373799
v 0.03818890 0.02819307 0.01143586
v 0.04477375 0.02897115 0.00642676
v 0.00298632 0.00930603 0.02853655
v 0.04806462 0.02457637 0.01478053
v 0.00716712 0.02751419 0.01303473
v 0.00110904 0.00489534 0.02953911
v 0.00865065 0.00611381 0.02936311
v 0.04495007 0.02943768 0.00343403
v 0.00138408 0.02150822 0.02136050
v 0.00000016 0.01192503 0.02485910
v 0.03823579 0.02983145 0.00601253
v 0.00035757 0.02373359 0.01751398
v 0.04473413 0.02759399 0.01085656
v 0.00908671 0.02938836 0.00805302
v 0.04636129 0.02818602 0.00787072
v 0.00133910 0.00300430 0.02983763
v 0.04471920 0.02675617 0.01275245
v 0.00043151 0.01607175 0.02474116
v 0.00000019 0.02780555 0.00685406
v 0.00000009 0.01399357 0.02132862
v 0.03281862 0.02701032 0.01402302
v 0.04097372 0.03013958 0.00279527
v 0.00162048 0.01000148 0.02830720
v 0.00000016 0.02775800 0.00200335
v 0.01537719 0.02441923 0.01810099
v 0.00147252 0.03044047 0.00152590
v 0.03470283 0.02708448 0.01388193
v 0.00863693 0.00884427 0.02867741
v 0.03001913 0.02759606 0.01286385
v 0.04450839 0.02865300 0.00789062
v 0.01088542 0.02446949 0.01803357
v 0.00000016 0.02641025 0.00864960
v 0.04424306 0.02928747 0.00552054
v 0.00231549 0.02893966 0.00953176
v 0.00031292 0.02871590 0.00658417
v 0.03634347 0.03040682 0.00140021
v 0.03823445 0.02683493 0.01429221
v 0.00000020 0.02893834 0.00001015
v 0.02821864 0.02712037 0.01381865
v 0.00094616 0.01188718 0.02746451
v 0.00906135 0.00647025 0.02923229
v 0.00503684 0.01380385 0.02673059
v 0.00000015 0.02094503 0.01747186
v 0.04346573 0.02451905 0.01710981
v 0.00131002 0.00417306 0.02968941
v 0.00154328 0.01650326 0.02524353
v 0.04040771 0.02986375 0.00533410
v 0.00093412 0.00694060 0.02906051
v 0.00111253 0.01782921 0.02430014
v 0.02150700 0.02756847 0.01292158
v 0.00021495 0.01884031 0.02240213
v 0.04359908 0.02982182 0.00221553
v 0.00085046 0.03015343 0.00181966
v 0.00164664 0.02152241 0.02136203
v 0.00046603 0.02953632 0.00302333
v 0.00291306 0.01288625 0.02717027
v 0.03362859 0.03009949 0.00483572
v 0.04024036 0.02465698 0.01762152
v 0.00901276 0.00446764 0.02964431
v 0.00073246 0.00699476 0.02889127
v 0.00070234 0.02954114 0.00541739
v 0.00026510 0.00459567 0.02889637
v 0.00886897 0.01620449 0.02543062
v 0.00093559 0.01568284 0.02556380
v 0.00124786 0.02950551 0.00741899
v 0.03283299 0.03046798 0.00060757
v 0.04590667 0.02909259 0.00425149
v 0.04688834 0.02578407 0.01342630
v 0.00577433 0.02208429 0.02081148
v 0.04431285 0.02387908 0.01684527
v 0.03231917 0.02766974 0.01270162
v 0.00161225 0.01119547 0.02787691
v 0.01266615 0.02393805 0.01871656
v 0.00800147 0.00876913 0.02870233
v 0.00151116 0.02470719 0.01770863
v 0.03139699 0.02896340 0.00945481
v 0.00160459 0.00687173 0.02920234
v 0.00049696 0.02401241 0.01746391
v 0.00030640 0.02084599 0.02072826
v 0.00000014 0.02512130 0.01033865
v 0.04224635 0.02920921 0.00747455
v 0.00000006 0.02349305 0.00665343
v 0.00272506 0.01523874 0.02599356
v 0.04622061 0.02433225 0.01599944
v 0.04880055 0.02421075 0.01438887
v 0.04802373 0.02856840 0.00305719
v 0.00247299 0.02265529 0.02019907
v 0.00159620 0.01566779 0.02575110
v 0.04354975 0.02566358 0.01529537
v 0.03800033 0.02814010 0.01158151
v 0.04716479 0.02767930 0.00864005
v 0.00000001 0.00525728 0.02204446
v 0.00212039 0.02470009 0.01771867
v 0.04273272 0.02927236 0.00696352
v 0.00074987 0.02996196 0.00287712
v 0.00000015 0.02532065 0.01039095
v 0.04744336 0.02845385 0.00525340
v 0.00249712 0.03038647 0.00250684
v 0.04337027 0.02827163 0.00991784
v 0.02689679 0.02964736 0.00707526
v 0.00071888 0.01620753 0.02504282
v 0.04671399 0.02610173 0.01292261
v 0.00095200 0.01617396 0.02528376
v 0.04715546 0.02874902 0.00401250
v 0.00371309 0.02330339 0.01947893
v 0.00191880 0.02759501 0.01286615
v 0.00000005 0.01199587 0.02096081
v 0.00321479 0.02986463 0.00611289
v 0.04600514 0.02932863 0.00051007
v 0.03632279 0.02627137 0.01529780
v 0.00000017 0.02051306 0.01909738
v 0.00476993 0.02676888 0.01447658
v 0.00088943 0.02614839 0.01506391
v 0.04570254 0.02828329 0.00819454
v 0.00568761 0.00909332 0.02860156
v 0.00000019 0.02813027 0.00643572
v 0.04215301 0.02989016 0.00404333
v 0.03510573 0.03045444 0.00050057
v 0.04887404 0.02839462 0.00014423
v 0.00013819 0.01738356 0.02341890
v 0.04489427 0.02621049 0.01376602
v 0.04943318 0.02586053 0.01116409
v 0.04469925 0.02953468 0.00302913
v 0.03493933 0.02680144 0.01437911
v 0.00000000 0.02251190 0.00024022
v 0.00000019 0.01567141 0.02399724
v 0.04271083 0.02999819 0.00188843
v 0.04244445 0.02729617 0.01266902
v 0.04451881 0.02583088 0.01463415
v 0.00000018 0.02523175 0.01272120
v 0.04340709 0.02810527 0.01031546
v 0.00102828 0.01300747 0.02700907
v 0.04319490 0.02750355 0.01192938
v 0.01409323 0.02999180 0.00544192
v 0.00028696 0.00640184 0.02857766
v 0.00139972 0.02968012 0.00686234
v 0.00076287 0.00031850 0.02974800
v 0.00000017 0.02676236 0.00784277
v 0.04850536 0.02702386 0.00916323
v 0.00103245 0.02015796 0.02244675
v 0.00000000 0.00019869 0.00025498
v 0.00575331 0.01295587 0.02713864
v 0.03969249 0.02608480 0.01548764
v 0.00347448 0.03043869 0.00180384
v 0.00321499 0.02233011 0.02056119
v 0.03974968 0.02912837 0.00854720
v 0.04977894 0.02324801 0.01354149
v 0.00320311 0.03038929 0.00247811
v 0.00000014 0.02460841 0.01148044
v 0.04041546 0.02502524 0.01705195
v 0.00000015 0.01879582 0.01998711
v 0.00676084 0.00005148 0.02999912
v 0.00139765 0.03014181 0.00445369
v 0.03796153 0.03011071 0.00452496
v 0.00000019 0.02685355 0.00979912
v 0.03960218 0.02581779 0.01595158
v 0.00124115 0.00656303 0.02924917
v 0.00059103 0.02984488 0.00133354
v 0.04659709 0.02318745 0.01580161
v 0.04551789 0.02916765 0.00448520
v 0.04994808 0.02468739 0.01306201
v 0.03987745 0.02623673 0.01520556
v 0.02838855 0.02821516 0.01144716
v 0.03856968 0.02761254 0.01269005
v 0.00122125 0.02255626 0.02023983
v 0.00718864 0.01027844 0.02821413
v 0.04091267 0.02722477 0.01321167
v 0.00697644 0.01326319 0.02699186
v 0.03951151 0.02919373 0.00835934
v 0.00137682 0.02451550 0.01795253
v 0.00072698 0.01309439 0.02674382
v 0.00082627 0.01337614 0.02670892
v 0.04559403 0.02789071 0.00944970
v 0.00000001 0.00829049 0.02108930
v 0.00798435 0.00029027 0.02999350
v 0.04855096 0.02740385 0.00791909
v 0.01295595 0.02451323 0.01797415
v 0.04181281 0.02451133 0.01756479
v 0.00869014 0.00345516 0.02979375
v 0.00107044 0.00244673 0.02982451
v 0.04689115 0.02750331 0.00943220
v 0.00134064 0.02428714 0.01823359
v 0.00048061 0.01982739 0.02199535
v 0.00882941 0.01879721 0.02369380
v 0.00038971 0.01448700 0.02562302
v 0.01173774 0.02735738 0.01334805
v 0.00805510 0.02811961 0.01169761
v 0.02697684 0.02811035 0.01171937
v 0.00119349 0.01959161 0.02302058
v 0.04541950 0.02419127 0.01638088
v 0.00120019 0.01349709 0.02685199
v 0.01994881 0.02994987 0.00566407
v 0.00000006 0.02367905 0.00618145
v 0.00116108 0.02937787 0.00775970
v 0.00386954 0.00873702 0.02871301
v 0.04210896 0.02977045 0.00489938
v 0.04858471 0.02677356 0.00976789
v 0.00000001 0.00013064 0.02283866
v 0.04271202 0.02837618 0.00997293
v 0.00058220 0.01665542 0.02457122
v 0.00094942 0.00449981 0.02953027
v 0.02513864 0.03036241 0.00278728
v 0.03130098 0.03049334 0.00002012
v 0.03331308 0.02953607 0.00747486
v 0.03576165 0.02999307 0.00532530
v 0.03532588 0.03037298 0.00240170
v 0.00126087 0.00499778 0.02955999
v 0.00000019 0.01872191 0.02178223
v 0.00000019 0.01977110 0.02088409
v 0.00265564 0.02642033 0.01507433
v 0.03327233 0.03028773 0.00334988
v 0.03840234 0.02692081 0.01412899
v 0.00483048 0.00673428 0.02923500
v 0.04816102 0.02859974 0.00193650
v 0.00040044 0.02923170 0.00461819
v 0.04410476 0.02323908 0.01692547
v 0.00166247 0.02421217 0.01835437
v 0.00145797 0.01435097 0.02646612
v 0.03391886 0.03039393 0.00221403
v 0.03440365 0.02807068 0.01179690
v 0.04695222 0.02888066 0.00345885
v 0.00109416 0.01545789 0.02578608
v 0.00123808 0.02924501 0.00831784
v 0.00000019 0.01540911 0.02402564
v 0.00134373 0.01507261 0.02607537
v 0.04453584 0.02969347 0.00043628
v 0.00021729 0.00250318 0.02909681
v 0.00017278 0.02732750 0.01040198
v 0.03814082 0.02590754 0.01591941
v 0.03834540 0.02944431 0.00767955
v 0.00000014 0.01959294 0.01879711
v 0.04509183 0.02730711 0.01137719
v 0.00464245 0.02872636 0.01012982
v 0.00150001 0.00001074 0.00589167
v 0.00047966 0.02787616 0.01022801
v 0.04472382 0.02953515 0.00295070
v 0.00897939 0.00005540 0.02789785
v 0.04262225 0.02656550 0.01407945
v 0.00176066 0.01058484 0.02810291
v 0.04427926 0.02814487 0.00972665
v 0.00872371 0.01240799 0.02737586
v 0.04037624 0.02997030 0.00479383
v 0.04603650 0.02388793 0.01609252
v 0.00417996 0.00925182 0.02855273
v 0.00000002 0.01892316 0.01328591
v 0.04355520 0.02961742 0.00441692
v 0.00124141 0.00480154 0.02958618
v 0.03636139 0.02594751 0.01586122
v 0.00000015 0.01747773 0.02094020
v 0.00087324 0.02812932 0.01097590
v 0.00004045 0.02466605 0.01535188
v 0.00000012 0.01929854 0.01783026
v 0.00000005 0.01789040 0.01603367
v 0.03499858 0.03010075 0.00477031
v 0.04913146 0.02809073 0.00357892
v 0.00060171 0.02730822 0.01208062
v 0.00055346 0.02290525 0.01900304
v 0.04995793 0.02529514 0.01181609
v 0.00000003 0.00003881 0.02457814
v 0.03926824 0.03002564 0.00478559
v 0.00000020 0.02893447 0.00177802
v 0.00132469 0.02555394 0.01642513
v 0.04927055 0.02473187 0.01359829
v 0.03084180 0.02988023 0.00603216
v 0.04532278 0.02590015 0.01413434
v 0.00051281 0.01455917 0.02573819
v 0.03828854 0.03041928 0.00031283
v 0.00011094 0.02890535 0.00382468
v 0.00003004 0.01603921 0.02419057
v 0.00193021 0.03003208 0.00522948
v 0.03254012 0.03012756 0.00464338
v 0.03985259 0.02787200 0.01199720
v 0.00424414 0.01980895 0.02289986
v 0.03484744 0.02741320 0.01322140
v 0.00096218 0.02147907 0.02117849
v 0.04971398 0.02477585 0.01310437
v 0.00002054 0.00696275 0.02815995
v 0.00202264 0.02802798 0.01190203
v 0.00000004 0.02369744 0.00047064
v 0.00020450 0.00273111 0.02906731
v 0.00000012 0.02652863 0.00009360
v 0.00133795 0.01277757 0.02720285
v 0.00016206 0.02527661 0.01467675
v 0.00166399 0.00246939 0.02989486
v 0.00000000 0.01235217 0.01881699
v 0.04847375 0.02431509 0.01462601
v 0.00000016 0.02234376 0.01614631
v 0.04647378 0.02702974 0.01105082
v 0.00169975 0.01767249 0.02448975
v 0.00057011 0.02668030 0.01330441
v 0.04480828 0.02435074 0.01664268
v 0.00043318 0.00301710 0.02927119
v 0.04499374 0.02719853 0.01169717
v 0.00000012 0.02109628 0.01567483
v 0.00093832 0.02532511 0.01646638
v 0.00844738 0.01454194 0.02636681
v 0.04039063 0.02849607 0.01034555
v 0.04251538 0.02776927 0.01161154
v 0.04579596 0.02856613 0.00698272
v 0.00053710 0.00000585 0.02953679
v 0.00000000 0.02209398 0.00443462
v 0.03346067 0.02965341 0.00704317
v 0.00000003 0.01785036 0.01516819
v 0.00000004 0.02287098 0.00657430
v 0.04891631 0.02764505 0.00640702
v 0.00164490 0.02982300 0.00630356
v 0.00119384 0.03035706 0.00198717
v 0.01325421 0.02963656 0.00712165
v 0.04645872 0.02416025 0.01587782
v 0.00000019 0.02357297 0.01651506
v 0.04234980 0.02910234 0.00781539
v 0.00000003 0.02014647 0.01185874
v 0.03956737 0.02734333 0.01316950
v 0.00000019 0.02074812 0.01962111
v 0.00075835 0.02823779 0.01036198
v 0.00057198 0.02696110 0.01274993
v 0.00259641 0.02750179 0.01306088
v 0.04404153 0.02450974 0.01693272
v 0.00004588 0.02736390 0.00975561
v 0.00148671 0.02950650 0.00759837
v 0.04114272 0.02778295 0.01194735
v 0.00135610 0.00622201 0.02934128
v 0.01950619 0.02887020 0.00973260
v 0.00035230 0.01697349 0.02402173
v 0.04275266 0.02458144 0.01723832
v 0.00000017 0.01647246 0.02270003
v 0.00162037 0.02981899 0.00632195
v 0.00000013 0.02384302 0.01208588
v 0.00000020 0.01185528 0.02636739
v 0.00074205 0.00960031 0.02814900
v 0.04100707 0.02947243 0.00701810
v 0.04942096 0.02670762 0.00893284
v 0.04742658 0.02482892 0.01476624
v 0.03326605 0.02912157 0.00890411
v 0.04058398 0.02564625 0.01610494
v 0.04580272 0.02838838 0.00769454
v 0.00092157 0.01101062 0.02778858
v 0.01225924 0.02349546 0.01925795
v 0.00121811 0.02643066 0.01492939
v 0.04844846 0.02584948 0.01212186
v 0.03865040 0.02794508 0.01196984
v 0.03792531 0.02531877 0.01679563
v 0.00128145 0.02593287 0.01583576
v 0.00050440 0.02824021 0.00932191
v 0.00872110 0.00259007 0.02988383
v 0.00686485 0.01331953 0.02696474
v 0.04731456 0.02886922 0.00230061
v 0.04426835 0.02817599 0.00965007
v 0.00147740 0.00333118 0.02981158
v 0.00806796 0.01111555 0.02790743
v 0.04005675 0.02633704 0.01501271
v 0.00109678 0.03017730 0.00336729
v 0.00081550 0.02752956 0.01224751
v 0.04073300 0.02453823 0.01770910
v 0.00001346 0.02342211 0.01713025
v 0.03268574 0.02896512 0.00944519
v 0.04494954 0.02425319 0.01658325
v 0.00000003 0.01656348 0.01648834
v 0.00961799 0.02151817 0.02137342
v 0.00884553 0.01881146 0.02368312
v 0.00100365 0.02371846 0.01874746
v 0.03301192 0.02956265 0.00738409
v 0.00139776 0.01986812 0.02283875
v 0.00027751 0.01110284 0.02709886
v 0.00149047 0.03047753 0.00050174
v 0.00449517 0.02879610 0.00994633
v 0.04887750 0.02762251 0.00656127
v 0.00000003 0.01952731 0.01307721
v 0.00000019 0.01713563 0.02305429
v 0.04206453 0.02859243 0.00958547
v 0.04057648 0.03028468 0.00054389
v 0.00004577 0.01343543 0.02574234
v 0.00000005 0.02326779 0.00627233
v 0.02166769 0.02810490 0.01173188
v 0.04827472 0.02553365 0.01286296
v 0.00002097 0.00619917 0.02834972
v 0.00393814 0.01403107 0.02662067
v 0.00022608 0.02804545 0.00858646
v 0.04059880 0.02876475 0.00957043
v 0.04355000 0.02678069 0.01327376
v 0.00233056 0.02934129 0.00822865
v 0.00160320 0.00934531 0.02852460
v 0.00087695 0.01598635 0.02533800
v 0.04911434 0.02603024 0.01109588
v 0.00000001 0.01778844 0.01431433
v 0.00564570 0.03007191 0.00501510
v 0.04879840 0.02343942 0.01439051
v 0.04604810 0.02647197 0.01258603
v 0.00000003 0.02094854 0.01065768
v 0.00070797 0.02649646 0.01409338
v 0.04828425 0.02861879 0.00015489
v 0.00151295 0.00625962 0.02933833
v 0.04757508 0.02711236 0.00990586
v 0.03898390 0.03037847 0.00042955
v 0.00000007 0.02449469 0.00353331
v 0.03802052 0.02920665 0.00852531
v 0.00106048 0.02002244 0.02258248
v 0.00094142 0.03006366 0.00353841
v 0.01618811 0.02452670 0.01795574
v 0.00034117 0.02950644 0.00010648
v 0.00679654 0.01841541 0.02397729
v 0.00314684 0.02820676 0.01148542
v 0.00762501 0.01328674 0.02698071
v 0.01382786 0.02402668 0.01860602
v 0.03357991 0.02803286 0.01189108
v 0.04980434 0.02581191 0.01090104
v 0.00083084 0.01695809 0.02468986
v 0.00315631 0.00886319 0.02867397
v 0.04065854 0.03027974 0.00040909
v 0.04572983 0.02938896 0.00075492
v 0.03759197 0.02978482 0.00628438
v 0.03344893 0.03041268 0.00187917
v 0.04992266 0.02622742 0.00966672
v 0.00000003 0.02016338 0.01185780
v 0.00000020 0.02500167 0.01448516
v 0.04478805 0.02854906 0.00803928
v 0.00000014 0.02690674 0.00151879
v 0.00415872 0.01982235 0.02288907
v 0.03609375 0.03035505 0.00253237
v 0.00083880 0.02097781 0.02153975
v 0.00061413 0.02251986 0.01955960
v 0.00259979 0.02989732 0.00594184
v 0.03797508 0.02506846 0.01716140
v 0.03805727 0.02489067 0.01742052
v 0.01136314 0.02311696 0.01969890
v 0.01512393 0.02437119 0.01816413
v 0.04642455 0.02875206 0.00532776
v 0.00148606 0.03038485 0.00249423
v 0.00886773 0.01106550 0.02792586
v 0.00069276 0.02881643 0.00840707
v 0.03448157 0.02893948 0.00951258
v 0.04274638 0.02474443 0.01700375
v 0.00098660 0.02817770 0.01108675
v 0.04045541 0.02922300 0.00810338
v 0.03345678 0.02898474 0.00937460
v 0.04987600 0.02682512 0.00795189
v 0.00025123 0.01340137 0.02601658
v 0.04580207 0.02822106 0.00829588
v 0.00253827 0.02638371 0.01513627
v 0.04322816 0.02988584 0.00227028
v 0.00000001 0.02116215 0.00817843
v 0.04469941 0.02845765 0.00842775
v 0.00486746 0.02232552 0.02056600
v 0.00905397 0.00061635 0.02992991
v 0.02105297 0.02888929 0.00967860
v 0.02817094 0.03010969 0.00478744
v 0.03288328 0.03010662 0.00480657
v 0.03339131 0.03020859 0.00398664
v 0.00061785 0.02698012 0.01286413
v 0.04888922 0.02626888 0.01072486
v 0.04355474 0.02511825 0.01616203
v 0.00796275 0.01837831 0.02400431
v 0.00380085 0.00109006 0.02997749
v 0.03953077 0.03032802 0.00105166
v 0.04241195 0.02922882 0.00731850
v 0.03929019 0.02461934 0.01775768
v 0.00000006 0.02013537 0.01402563
v 0.04055814 0.02951447 0.00706269
v 0.00064885 0.02245087 0.01970723
v 0.04942340 0.02609311 0.01064825
v 0.01561282 0.03041789 0.00209149
v 0.03394234 0.02588130 0.01598086
v 0.03844004 0.02712923 0.01373517
v 0.00000015 0.02377360 0.01379890
v 0.00000019 0.02483666 0.01460262
v 0.00169755 0.01237407 0.02738694
v 0.00090083 0.02257154 0.01997994
v 0.00097646 0.00996446 0.02820214
v 0.00321116 0.01439683 0.02644335
v 0.03731182 0.02470841 0.01768893
v 0.01432225 0.02417532 0.01841731
v 0.03682431 0.02604734 0.01568585
v 0.04866495 0.02840282 0.00206313
v 0.04943491 0.02712496 0.00765248
v 0.03334748 0.02823629 0.01138535
v 0.00626776 0.00522377 0.02953593
v 0.00000001 0.02158057 0.00743997
v 0.00000020 0.02602353 0.01259636
v 0.04709452 0.02861188 0.00501253
v 0.00000000 0.01590367 0.01609278
v 0.00099269 0.00328664 0.02971727
v 0.00138850 0.00791999 0.02894219
v 0.00129850 0.01721919 0.02477041
v 0.04417049 0.02864609 0.00816381
v 0.00000000 0.00014986 0.00121289
v 0.03523215 0.02808822 0.01174783
v 0.03973844 0.02970916 0.00629536
v 0.04572028 0.02440513 0.01624987
v 0.03988164 0.02900762 0.00894431
v 0.00134819 0.00692577 0.02918906
v 0.00081765 0.03002745 0.00291229
v 0.00088900 0.02995425 0.00410393
v 0.04156633 0.03012526 0.00209426
v 0.00736880 0.00344486 0.02979750
v 0.04786066 0.02840504 0.00472952
v 0.02754541 0.02759097 0.01287459
v 0.04578285 0.02765906 0.00994163
v 0.04974326 0.02787477 0.00329223
v 0.03124001 0.02985188 0.00616914
v 0.00000017 0.02789215 0.00415079
v 0.00897356 0.01823550 0.02410613
v 0.03840633 0.02726971 0.01343824
v 0.04405595 0.02973713 0.00218334
v 0.04237448 0.02900784 0.00814184
v 0.04017943 0.02540874 0.01651614
v 0.00000009 0.01773727 0.01829023
v 0.00177044 0.02916984 0.00879722
v 0.00009689 0.01114240 0.02688259
v 0.00060895 0.01399210 0.02615496
v 0.00000019 0.01762167 0.02270348
v 0.00367864 0.00088752 0.02998315
v 0.03870721 0.02784984 0.01216968
v 0.02973879 0.02715172 0.01375565
v 0.00754750 0.00018356 0.02999689
v 0.04704384 0.02771350 0.00865148
v 0.04653200 0.02911572 0.00227135
v 0.04558077 0.02934440 0.00268725
v 0.00000006 0.01970287 0.01452545
v 0.03721390 0.02902500 0.00917090
v 0.00746041 0.02817665 0.01156115
v 0.00041675 0.02774848 0.01030577
v 0.04569952 0.02904769 0.00490854
v 0.04395191 0.02958348 0.00409287
v 0.01987464 0.03034857 0.00292479
v 0.04245407 0.02998841 0.00264005
v 0.00000000 0.01777841 0.01385442
v 0.00160807 0.01346323 0.02689243
v 0.00000012 0.02259631 0.01365293
v 0.00168776 0.02935657 0.00817115
v 0.03344383 0.02674538 0.01448318
v 0.03472838 0.02956914 0.00733474
v 0.00102002 0.00301241 0.02975469
v 0.04554821 0.02442821 0.01633101
v 0.02490882 0.03038721 0.00252629
v 0.00150005 0.00009396 0.00366977
v 0.04988385 0.02792908 0.00181291
v 0.04965954 0.02693521 0.00792842
v 0.04359760 0.02486753 0.01654397
v 0.00000018 0.02424322 0.01490134
v 0.04791280 0.02692822 0.01003638
v 0.03808970 0.02681192 0.01434167
v 0.00038340 0.01487318 0.02539303
v 0.00110812 0.03012509 0.00385427
v 0.04768823 0.02841915 0.00500505
v 0.00000002 0.02138281 0.00861248
v 0.00000018 0.02627497 0.01062179
v 0.00000018 0.02174264 0.01839823
v 0.00898110 0.03011753 0.00473875
v 0.00113259 0.01700200 0.02486535
v 0.00067368 0.02977466 0.00365397
v 0.03305022 0.02687590 0.01425664
v 0.03590411 0.02708734 0.01386913
v 0.00607736 0.01983587 0.02287865
v 0.04279296 0.02997941 0.00200775
v 0.04985799 0.02621852 0.00977053
v 0.00108090 0.02934008 0.00775855
v 0.03334224 0.02886800 0.00972129
v 0.00150010 0.00334850 0.00006302
v 0.02110382 0.02986797 0.00609698
v 0.04418686 0.02723334 0.01207033
v 0.01274075 0.02376971 0.01892600
v 0.00148950 0.00566628 0.02945692
v 0.00000002 0.01323725 0.01889535
v 0.04036587 0.02666330 0.01440970
v 0.04994691 0.02373688 0.01136129
v 0.00000005 0.00063264 0.02594872
v 0.00114967 0.02355093 0.01907218
v 0.00000017 0.02736751 0.00660536
v 0.04819438 0.02772517 0.00722277
v 0.00784753 0.01277843 0.02721635
v 0.03448885 0.02778896 0.01242314
v 0.00785876 0.02927583 0.00844520
v 0.00109593 0.02234520 0.02040439
v 0.03764764 0.02603070 0.01571143
v 0.00128655 0.02640666 0.01501336
v 0.03431381 0.02757415 0.01289246
v 0.04755744 0.02732562 0.00933675
v 0.04741032 0.02671480 0.01103667
v 0.00090981 0.00033946 0.02985184
v 0.04809756 0.02734177 0.00868671
v 0.04296834 0.02851685 0.00941933
v 0.00567718 0.02481792 0.01755669
v 0.00000011 0.01421289 0.02177341
v 0.00754879 0.02936306 0.00814535
v 0.00169966 0.02842770 0.01091035
v 0.03298584 0.02715467 0.01374881
v 0.04519418 0.02653069 0.01294540
v 0.03709014 0.03010413 0.00463180
v 0.04936894 0.02666652 0.00911145
v 0.04402827 0.02606749 0.01443000
v 0.00020809 0.01866876 0.02253255
v 0.04928210 0.02607828 0.01081879
v 0.00126941 0.02157108 0.02127094
v 0.03927319 0.02709535 0.01372758
v 0.00890724 0.00964841 0.02841777
v 0.01370194 0.03022726 0.00393074
v 0.01311765 0.02416226 0.01843312
v 0.04887295 0.02370518 0.01433385
v 0.00122509 0.02979645 0.00607587
v 0.03852441 0.03033163 0.00238839
v 0.03927018 0.03018438 0.00340717
v 0.00139682 0.00830499 0.02883411
v 0.04877513 0.02719133 0.00836488
v 0.00240305 0.01450584 0.02638511
v 0.00037794 0.02954926 0.00053336
v 0.00108306 0.02230801 0.02043731
v 0.00442395 0.01588048 0.02562985
v 0.04244834 0.02530873 0.01623302
v 0.00154978 0.01710077 0.02487255
v 0.00117895 0.02643296 0.01490123
v 0.02088452 0.03040479 0.00227744
v 0.00000020 0.02796307 0.00757999
v 0.00091651 0.01118214 0.02771875
v 0.00020002 0.02888099 0.00487130
v 0.00000001 0.01812549 0.01402578
v 0.03353778 0.02845255 0.01081396
v 0.00205056 0.01852456 0.02389338
v 0.04545931 0.02503885 0.01551273
v 0.00016421 0.02019424 0.02110711
v 0.04725320 0.02521274 0.01420452
v 0.03339894 0.02803656 0.01188496
v 0.03954650 0.02801076 0.01173031
v 0.03277112 0.03047298 0.00049173
v 0.00412662 0.02333125 0.01944832
v 0.03848731 0.03039549 0.00070414
v 0.00631171 0.03004297 0.00517115
v 0.00511384 0.00789025 0.02895016
v 0.00000007 0.00023351 0.02706575
v 0.03494036 0.02959350 0.00724580
v 0.00000249 0.02645141 0.01189435
v 0.00188432 0.01261632 0.02728617
v 0.00101914 0.02907459 0.00856053
v 0.04373844 0.02475822 0.01666073
v 0.00060556 0.02989968 0.00017021
v 0.00897885 0.01815779 0.02415969
v 0.00033214 0.02892905 0.00570235
v 0.00000019 0.00640119 0.02813486
v 0.00073744 0.00667466 0.02897169
v 0.00000011 0.01878991 0.01824867
v 0.00000018 0.02602794 0.01160470
v 0.00187714 0.02480231 0.01757891
v 0.00000001 0.01878735 0.01286752
v 0.04998875 0.02767856 0.00393096
v 0.03821775 0.03017571 0.00391057
v 0.00000007 0.02144208 0.01255560
v 0.03999223 0.02780362 0.01212995
v 0.03934763 0.02446690 0.01793039
v 0.00042274 0.02236224 0.01934517
v 0.04313614 0.02474073 0.01688939
v 0.04200051 0.02734642 0.01267665
v 0.04201447 0.02904393 0.00815431
v 0.04562507 0.02846042 0.00758572
v 0.00751789 0.02072129 0.02211796
v 0.03349663 0.02752446 0.01300604
v 0.04035358 0.02724926 0.01328987
v 0.00148089 0.00297706 0.02984867
v 0.04913047 0.02718710 0.00792834
v 0.02083382 0.03040828 0.00221617
v 0.03791656 0.03035424 0.00228740
v 0.00644576 0.01588268 0.02562849
v 0.03389170 0.02951614 0.00753492
v 0.04582228 0.02898921 0.00503026
v 0.04247031 0.02580826 0.01545046
v 0.00465836 0.02439792 0.01812512
v 0.00795983 0.01585634 0.02564339
v 0.01032841 0.03024804 0.00377970
v 0.00029479 0.02441292 0.01638409
v 0.00066684 0.02899085 0.00762441
v 0.04217542 0.02955521 0.00602971
v 0.00887794 0.01928627 0.02332142
v 0.00015175 0.01974182 0.02150128
v 0.04264612 0.02757935 0.01198671
v 0.00138980 0.03048261 0.00000015
v 0.00620517 0.02747620 0.01311126
v 0.00000006 0.00051756 0.02633937
v 0.03295605 0.03001871 0.00528191
v 0.04982566 0.02299663 0.01321951
v 0.03982443 0.03011783 0.00376054
v 0.01000013 0.00008008 0.02766565
v 0.00308057 0.00358845 0.02978163
v 0.00000016 0.02237530 0.01654853
v 0.00000003 0.02120232 0.01043954
v 0.00431845 0.02705612 0.01394352
v 0.00484641 0.03006504 0.00505295
v 0.04454613 0.02884736 0.00711988
f 412 961 1515
f 585 131 1103
f 1957 585 1103
f 730 585 714
f 730 131 585
f 714 585 1836
f 1836 855 714
f 154 1316 1951
f 154 855 1316
f 68 154 1951
f 714 855 68
f 855 154 68
f 1419 1836 585
f 1512 1813 1957
f 1957 1515 1512
f 1512 1515 961
f 1763 1813 1512
f 961 1157 1512
f 996 1515 1957
f 412 1515 996
f 1316 855 866
f 855 1836 866
f 1836 1419 866
f 714 68 73
f 1481 68 1951
f 1763 1419 1161
f 1161 1813 1763
f 1957 1813 1161
f 1161 1419 585
f 1161 585 1957
f 1123 1419 276
f 1763 1512 756
f 756 1512 1157
f 1722 501 1153
f 501 996 1153
f 412 996 1430
f 1430 996 501
f 1957 1103 1955
f 1955 996 1957
f 1252 1103 131
f 691 654 22
f 772 1199 714
f 714 73 772
f 772 73 1199
f 1199 73 765
f 765 73 68
f 765 1481 1199
f 68 1481 765
f 1403 866 1419
f 1722 374 348
f 1843 1955 1103
f 1843 1252 514
f 1103 1252 1843
f 1176 1425 185
f 1176 1955 1425
f 185 996 1176
f 996 1955 1176
f 652 691 57
f 1951 1316 1185
f 1419 1123 1027
f 1027 1403 1419
f 1316 866 766
f 866 1403 766
f 1453 501 1722
f 1722 348 1453
f 185 1425 1665
f 1425 729 1665
f 1067 127 691
f 1067 1178 944
f 691 127 1915
f 1915 57 691
f 307 633 654
f 307 1123 276
f 1951 1185 1071
f 1185 1331 43
f 1243 410 1788
f 639 387 439
f 439 410 639
f 1788 410 439
f 1668 1568 1131
f 1316 766 1559
f 678 66 1804
f 1804 66 1563
f 1563 307 654
f 1563 66 1123
f 1123 307 1563
f 69 1102 1857
f 530 1102 69
f 1955 1843 1177
f 1177 1843 514
f 131 730 1397
f 1397 632 131
f 1397 730 714
f 1118 1252 131
f 514 1252 1118
f 332 386 1417
f 1738 1085 1475
f 691 22 1578
f 1578 1857 1415
f 1578 599 983
f 1578 983 69
f 69 1857 1578
f 22 1537 1578
f 412 599 1578
f 1537 307 1578
f 1578 961 412
f 1578 307 1157
f 1578 1157 961
f 944 726 1090
f 127 1067 1090
f 1090 1067 944
f 1654 726 622
f 622 174 1654
f 1654 1090 726
f 688 1036 227
f 633 307 1476
f 1476 307 1537
f 869 81 424
f 654 633 424
f 424 81 654
f 654 81 82
f 82 81 869
f 869 1844 82
f 1906 22 654
f 904 1481 1951
f 669 225 1951
f 1265 96 207
f 1201 48 1649
f 1335 1725 615
f 1199 751 626
f 751 1545 626
f 314 1912 831
f 1185 1912 314
f 314 1331 1185
f 1769 1331 1236
f 1236 314 831
f 1331 314 1236
f 1022 588 1339
f 910 1163 1877
f 910 1022 1163
f 588 1022 910
f 93 1706 1585
f 1585 1706 1304
f 1304 1643 1951
f 202 1431 1548
f 1431 1605 1548
f 575 1071 1185
f 1185 43 575
f 1585 1071 575
f 575 43 1585
f 1788 439 1204
f 395 898 387
f 755 659 1266
f 183 387 639
f 1631 1181 526
f 526 184 1631
f 1631 184 1181
f 1727 1131 1568
f 1668 1181 1727
f 1727 1568 1668
f 1877 1163 1343
f 1414 1431 1877
f 1414 1605 1431
f 1877 1343 1414
f 1414 1343 462
f 359 1605 1414
f 1529 1131 1693
f 1787 1449 189
f 1787 763 1449
f 1787 1715 763
f 1650 1715 1787
f 1110 1715 1650
f 763 1715 1110
f 357 1786 1449
f 357 1110 1786
f 763 1110 357
f 369 1563 654
f 501 1453 1792
f 480 348 374
f 374 1016 480
f 850 1083 820
f 850 530 374
f 820 1083 1934
f 912 1016 374
f 374 530 912
f 187 996 185
f 187 1153 996
f 1722 1153 187
f 534 729 1425
f 1425 1955 534
f 1955 1177 534
f 161 858 1657
f 714 1199 126
f 126 1397 714
f 131 632 4
f 4 1118 131
f 77 1177 514
f 1738 1684 77
f 332 1417 1855
f 1935 1714 1815
f 1714 1006 1815
f 1935 1006 673
f 1867 1417 386
f 1206 1785 1807
f 272 1575 1657
f 1657 11 272
f 729 534 1363
f 1363 534 899
f 1178 1067 1042
f 1042 1578 1178
f 1042 1067 691
f 691 1578 1042
f 1178 1578 645
f 645 694 1178
f 645 1578 1415
f 1178 694 1505
f 944 1178 1505
f 1102 530 123
f 1415 1857 46
f 1340 726 687
f 687 174 1340
f 622 726 1340
f 1340 174 622
f 57 1915 1140
f 1140 1915 127
f 652 57 1140
f 127 1090 1140
f 1090 1654 1140
f 398 174 1916
f 1503 1500 1088
f 1088 1342 189
f 1500 1342 1088
f 120 1234 688
f 688 227 120
f 1114 1160 738
f 958 1746 847
f 847 227 1036
f 847 1746 227
f 958 847 953
f 953 847 720
f 421 138 953
f 654 82 1370
f 1370 82 1844
f 1953 1906 654
f 654 1370 1953
f 1953 1370 1844
f 1607 691 652
f 1650 410 1607
f 652 188 1607
f 1607 188 1650
f 410 1243 897
f 897 1607 410
f 1951 225 1044
f 1044 904 1951
f 1725 1726 1549
f 523 1649 1199
f 1201 1649 523
f 1199 1649 1687
f 1484 135 1697
f 279 1726 1725
f 1725 1335 279
f 1047 602 647
f 1922 602 49
f 647 602 1922
f 1197 135 1484
f 498 48 1201
f 48 498 1732
f 48 1878 614
f 879 1125 1937
f 49 602 35
f 35 1878 49
f 567 1047 1520
f 1520 1143 784
f 1678 1185 1316
f 1678 1912 1185
f 1123 1673 727
f 1163 1022 1148
f 1148 1022 1339
f 415 1236 831
f 1339 588 144
f 615 1725 675
f 1431 1706 769
f 769 93 1431
f 1706 93 769
f 759 1304 1951
f 1585 1304 759
f 1643 1304 324
f 1463 410 1650
f 1650 1787 1463
f 1647 1243 1788
f 1647 1404 1243
f 1563 369 275
f 1869 183 639
f 639 1259 1869
f 197 1698 1034
f 1825 841 208
f 1825 1233 863
f 1163 990 1910
f 1910 98 224
f 990 98 1910
f 292 990 1163
f 1163 1148 292
f 292 1148 1946
f 933 965 1033
f 821 965 933
f 933 706 821
f 821 706 526
f 1131 1529 130
f 130 1529 1561
f 1398 1259 639
f 773 1259 1398
f 639 410 1547
f 1547 1398 639
f 1039 1110 1650
f 1786 1110 1039
f 1650 188 1039
f 1039 188 1786
f 1449 763 1238
f 1238 357 1449
f 763 357 1238
f 189 1342 37
f 1043 1131 1908
f 1693 1131 1043
f 408 1539 822
f 103 1539 408
f 582 1546 541
f 1403 1557 1154
f 1154 766 1403
f 1154 1559 766
f 1403 822 1695
f 1452 369 654
f 1452 654 691
f 691 474 1452
f 248 1452 474
f 369 1452 248
f 967 1563 72
f 1123 66 1579
f 1394 408 507
f 348 480 839
f 839 480 1016
f 820 1562 1057
f 1057 850 820
f 1562 850 1057
f 1562 530 1086
f 1086 850 1562
f 530 850 1086
f 1665 899 1269
f 514 1118 1921
f 1921 77 514
f 1006 77 1921
f 1691 1006 1714
f 1691 77 1006
f 1738 77 1691
f 512 1867 1691
f 1691 1714 1935
f 1691 1867 386
f 1177 77 1536
f 1536 77 1684
f 632 1397 1128
f 1397 126 1669
f 642 1359 1736
f 332 1855 1671
f 1671 1475 332
f 858 161 302
f 1752 1006 1935
f 1935 1815 1752
f 1752 1815 1006
f 1935 673 870
f 1935 1881 1610
f 1610 1691 1935
f 512 1691 1610
f 799 1855 1417
f 1618 963 1104
f 1618 748 997
f 748 1541 997
f 1738 1728 1870
f 584 1785 1206
f 1206 1312 584
f 771 1312 1206
f 1657 858 345
f 345 11 1657
f 345 346 11
f 11 346 74
f 453 168 74
f 74 346 453
f 1639 659 755
f 755 722 1639
f 1639 722 947
f 947 1266 1639
f 1639 1266 659
f 1324 1366 372
f 372 1158 1324
f 1324 1158 1887
f 1253 1761 1887
f 1887 1761 1324
f 519 1158 800
f 800 1341 519
f 499 1500 1503
f 1503 981 499
f 499 1366 1324
f 499 981 1366
f 1554 997 1541
f 1400 997 1554
f 899 534 1439
f 1439 1541 899
f 1439 1554 1541
f 1439 534 1177
f 1400 1554 1439
f 1876 1665 729
f 729 1363 1876
f 1564 899 1665
f 1564 1363 899
f 1456 177 83
f 1456 1319 941
f 83 543 1456
f 1839 1616 949
f 702 1616 1839
f 1558 726 944
f 944 1505 1558
f 1018 1558 1505
f 1435 987 1600
f 7 123 530
f 7 530 1562
f 7 1562 820
f 820 1934 7
f 1102 123 1458
f 30 1759 687
f 687 1018 30
f 1102 1458 30
f 30 645 1415
f 1415 46 30
f 30 1018 1505
f 30 1857 1102
f 30 46 1857
f 694 645 30
f 30 1505 694
f 825 1326 1051
f 1051 174 825
f 1916 174 1051
f 692 1326 825
f 596 1234 652
f 652 1140 596
f 688 1234 596
f 596 1140 688
f 1916 1051 1338
f 1338 1051 1326
f 1503 1088 1469
f 1517 857 574
f 1660 1880 165
f 593 847 1036
f 1160 1114 593
f 1036 1326 593
f 593 1326 1160
f 720 847 903
f 847 593 903
f 903 1114 738
f 903 593 1114
f 958 953 1318
f 1318 922 1449
f 1318 473 454
f 1449 265 1318
f 1318 265 767
f 153 832 691
f 71 153 897
f 832 153 71
f 71 248 832
f 897 153 655
f 691 1607 655
f 1607 897 655
f 207 96 1068
f 1068 1197 207
f 1097 135 1068
f 135 1197 1068
f 1826 1235 202
f 202 1235 818
f 1726 279 6
f 605 1265 207
f 207 1197 605
f 1481 324 609
f 49 1937 793
f 1937 1697 793
f 1484 1697 437
f 437 1697 1937
f 1497 1197 1484
f 1690 1197 1497
f 1481 609 1901
f 1901 609 663
f 1901 603 1481
f 1199 1481 843
f 843 751 1199
f 1937 1125 1314
f 48 837 1300
f 1184 1649 48
f 48 382 1184
f 1184 382 1649
f 591 382 222
f 222 1300 1214
f 222 382 48
f 48 1300 222
f 1771 1687 1649
f 1649 382 1771
f 1771 382 591
f 48 1732 1672
f 1672 626 1545
f 48 1672 909
f 909 1672 1545
f 226 1878 48
f 1055 1520 837
f 1055 837 48
f 1055 1956 567
f 567 1520 1055
f 463 879 1937
f 463 1937 49
f 49 1878 463
f 1878 226 463
f 1545 879 463
f 567 1956 1231
f 1956 1879 1231
f 1878 35 14
f 1325 483 361
f 361 1520 1325
f 1143 1520 361
f 1108 1047 647
f 1289 794 28
f 141 1174 1395
f 29 1520 784
f 1395 1174 29
f 29 1174 837
f 837 1520 29
f 1883 1678 510
f 510 1678 1316
f 1316 1539 510
f 510 1539 764
f 831 1912 428
f 1883 510 1436
f 831 428 1436
f 1339 144 1914
f 1676 1331 1769
f 1676 43 1331
f 588 910 1770
f 910 742 1770
f 742 1676 1770
f 1769 588 1770
f 1770 1676 1769
f 1585 43 1630
f 1630 93 1585
f 43 1676 1630
f 750 910 1877
f 750 742 910
f 1877 1431 750
f 1236 415 1373
f 1769 1236 1373
f 1373 588 1769
f 754 1546 481
f 1546 582 481
f 588 754 1493
f 1493 144 588
f 1892 144 1493
f 754 1892 1493
f 1142 440 564
f 1021 1335 615
f 255 794 1289
f 1725 1664 296
f 296 1664 1962
f 698 1700 1386
f 1777 435 375
f 375 435 318
f 318 1094 375
f 359 1094 318
f 318 1605 359
f 919 1071 1585
f 1585 759 919
f 1951 1071 919
f 919 759 1951
f 810 1304 1706
f 810 324 1304
f 810 609 324
f 97 609 810
f 1643 324 1010
f 1951 1643 1010
f 1010 669 1951
f 225 669 1010
f 1010 1044 225
f 904 1044 1010
f 1481 904 1010
f 1010 324 1481
f 1276 1431 202
f 1276 1706 1431
f 202 818 1276
f 96 1265 1812
f 1584 1700 1548
f 1584 1548 1605
f 1605 1386 1584
f 1584 1386 1700
f 435 1777 1542
f 1580 490 515
f 17 490 375
f 1820 491 410
f 410 1463 1820
f 1820 1463 491
f 189 491 1544
f 1544 1787 189
f 806 699 1604
f 1604 699 1563
f 384 945 1243
f 1563 275 1502
f 1243 1404 1502
f 1502 384 1243
f 275 945 1502
f 945 384 1502
f 1486 1204 439
f 439 355 1486
f 1486 355 1204
f 1561 1529 380
f 1633 1529 1693
f 1693 162 1633
f 387 898 1633
f 755 1266 18
f 183 1869 1329
f 387 183 592
f 592 395 387
f 592 781 395
f 1389 1592 1233
f 208 841 1321
f 1321 841 45
f 1804 45 1218
f 45 841 1218
f 550 1825 208
f 1095 1825 863
f 841 1825 1095
f 1594 1534 1908
f 1908 1131 1594
f 1131 1727 1594
f 526 706 1246
f 224 98 1711
f 1711 98 706
f 1834 1343 1163
f 1163 1910 1834
f 1166 1390 536
f 689 18 1266
f 289 340 1206
f 1206 648 289
f 224 648 955
f 955 1910 224
f 955 1834 1910
f 965 821 708
f 708 1181 1668
f 708 662 965
f 1668 1391 708
f 1391 662 708
f 1668 1131 1192
f 1192 601 1668
f 863 1233 1588
f 1588 1633 162
f 1602 31 773
f 1602 1547 31
f 773 1398 270
f 1398 1547 270
f 773 31 469
f 469 1478 773
f 31 1547 186
f 186 1547 410
f 1786 188 1642
f 1449 1786 1642
f 1642 265 1449
f 1608 265 1234
f 227 265 1608
f 1234 120 1608
f 1608 120 227
f 767 265 1615
f 1615 1746 958
f 227 1746 1615
f 1615 265 227
f 958 1318 1615
f 652 1234 101
f 1234 265 101
f 101 1642 188
f 265 1642 101
f 1517 574 1124
f 1519 814 1272
f 1031 814 1080
f 988 491 189
f 189 37 988
f 988 37 1379
f 1685 1478 1379
f 773 1478 1685
f 1324 1761 1011
f 1011 499 1324
f 956 600 941
f 902 956 941
f 249 987 1485
f 249 1600 987
f 1485 1323 249
f 249 902 1191
f 374 1457 1623
f 1623 1457 1083
f 1623 850 374
f 1083 850 1623
f 600 631 672
f 672 1457 374
f 678 1667 1960
f 139 1673 1123
f 1123 1579 139
f 176 1539 103
f 103 481 176
f 176 481 582
f 764 1539 176
f 666 1695 822
f 982 1557 1403
f 1403 1695 982
f 832 248 518
f 518 248 474
f 691 832 518
f 518 474 691
f 369 248 1217
f 248 945 1217
f 1217 275 369
f 1217 945 275
f 244 72 1563
f 834 244 806
f 72 244 834
f 967 72 1074
f 713 1579 164
f 408 1579 713
f 713 507 408
f 215 1792 542
f 542 1792 1453
f 215 75 842
f 842 75 530
f 842 530 69
f 1731 75 1789
f 1789 75 215
f 644 75 1731
f 1016 75 644
f 644 839 1016
f 703 1934 1083
f 1083 1054 703
f 1934 703 1627
f 1627 703 1028
f 1665 1269 951
f 185 1665 951
f 951 187 185
f 33 1269 899
f 235 1684 1738
f 235 1400 1684
f 1738 1870 235
f 544 126 1199
f 1118 4 63
f 4 1814 63
f 1006 1921 854
f 753 673 854
f 854 673 1006
f 1833 1085 1738
f 1738 1691 1833
f 1684 1400 1049
f 1049 1536 1684
f 1400 1439 1049
f 1177 1536 1049
f 1049 1439 1177
f 1130 1128 1492
f 632 1128 1130
f 1492 1669 104
f 972 293 942
f 286 293 447
f 447 972 1311
f 293 972 447
f 942 293 715
f 1736 858 341
f 341 1270 1736
f 1736 1270 573
f 1019 1671 1855
f 291 1728 1019
f 1019 1728 1738
f 1738 1475 1818
f 1475 1671 1818
f 1293 1392 930
f 479 161 1657
f 479 444 1477
f 1129 673 753
f 943 553 320
f 320 553 427
f 427 553 58
f 1079 107 1881
f 1079 1881 1935
f 1935 870 1079
f 870 943 1079
f 1858 799 1881
f 1881 107 1858
f 1855 799 1858
f 1858 1369 1855
f 354 1126 1007
f 1856 1104 963
f 1618 997 166
f 166 997 1400
f 1400 235 166
f 117 927 378
f 901 580 1062
f 901 1835 580
f 580 1835 25
f 169 1414 462
f 169 1598 1414
f 1206 1807 169
f 1807 1598 169
f 359 1414 556
f 1414 1598 556
f 556 1598 1807
f 449 584 1312
f 168 517 1709
f 11 74 145
f 145 74 570
f 172 145 570
f 1034 1698 976
f 1698 486 976
f 976 1745 1034
f 976 486 1553
f 1553 1745 976
f 111 773 1002
f 111 1259 773
f 111 1869 1259
f 111 1329 1869
f 1698 197 732
f 732 111 1698
f 947 722 1845
f 1158 372 736
f 736 372 1366
f 1158 519 377
f 722 1215 1884
f 1884 1745 1553
f 1884 1215 1745
f 1282 1541 748
f 899 1282 710
f 383 33 710
f 710 33 899
f 313 1564 1665
f 1363 1564 313
f 1367 1407 728
f 1240 949 610
f 1080 949 1925
f 949 1948 1925
f 1925 377 519
f 1925 519 1341
f 1616 702 785
f 777 702 1839
f 92 1187 443
f 1273 1390 221
f 774 193 1250
f 927 117 1753
f 1349 245 301
f 1570 1018 687
f 1558 1018 1570
f 687 726 1570
f 726 1558 1570
f 1759 761 1479
f 687 1759 1479
f 1525 1323 1485
f 1759 30 1810
f 1810 30 1458
f 89 692 987
f 1326 692 89
f 89 987 1435
f 1435 1160 89
f 1160 1326 89
f 987 692 1284
f 1485 987 1284
f 1284 1525 1485
f 1284 761 1759
f 1759 1323 1284
f 1323 1525 1284
f 457 1654 174
f 174 398 457
f 1555 1140 1654
f 688 1140 1029
f 1029 1338 1326
f 1029 1036 688
f 1029 1326 1036
f 454 1088 1450
f 1450 1318 454
f 922 1318 1450
f 1450 1088 189
f 189 1449 1450
f 1449 922 1450
f 473 1318 80
f 80 138 421
f 80 953 138
f 80 1318 953
f 1301 857 1517
f 1517 24 1301
f 539 1880 1660
f 539 903 1880
f 1660 24 539
f 720 903 539
f 539 953 720
f 539 24 953
f 358 1124 574
f 674 304 312
f 941 1319 674
f 674 1285 941
f 1319 1456 674
f 616 897 1243
f 44 945 248
f 1288 655 1262
f 1262 655 153
f 691 1288 1262
f 1262 153 691
f 260 1288 691
f 691 655 260
f 260 655 1288
f 1480 1068 96
f 118 466 283
f 118 1276 811
f 283 1276 118
f 290 118 1944
f 1944 118 811
f 1724 1826 1725
f 1725 1549 998
f 998 893 1725
f 1489 6 1097
f 1726 6 1489
f 223 135 1097
f 1097 6 223
f 1265 605 1936
f 1936 1197 663
f 1936 605 1197
f 1422 609 97
f 663 1197 1344
f 1344 1901 663
f 1344 1197 1690
f 1481 603 707
f 707 843 1481
f 1937 1314 303
f 303 1314 603
f 48 614 829
f 829 1055 48
f 1903 909 1545
f 1545 463 1903
f 649 1879 1956
f 649 14 1879
f 1879 14 274
f 274 14 35
f 1194 361 483
f 344 1108 794
f 794 1765 344
f 344 1765 483
f 1538 1520 1047
f 1047 1108 1538
f 407 1108 647
f 794 1108 407
f 407 28 794
f 647 309 407
f 407 1139 752
f 1708 292 1946
f 990 292 1708
f 1339 1914 878
f 103 884 1109
f 1109 1914 144
f 1890 884 103
f 103 408 1890
f 1890 408 1394
f 1946 1148 232
f 844 1676 742
f 844 1630 1676
f 742 750 844
f 844 750 1630
f 1431 93 371
f 371 750 1431
f 93 750 371
f 93 1630 1821
f 1821 750 93
f 1630 750 1821
f 1828 1373 415
f 415 122 1828
f 588 1373 1828
f 1828 122 541
f 1828 754 588
f 541 1546 1828
f 1828 1546 754
f 418 1892 754
f 754 481 418
f 1508 440 453
f 1508 564 440
f 760 524 1736
f 1736 483 760
f 483 564 760
f 1142 564 789
f 789 255 1289
f 1082 517 1674
f 1674 517 168
f 1674 168 453
f 453 440 1674
f 1907 966 1580
f 1580 966 1222
f 680 675 1725
f 1725 296 680
f 1706 1276 938
f 938 1276 283
f 1580 515 1378
f 1378 515 490
f 490 17 1378
f 661 1907 1580
f 491 1463 1267
f 1267 1544 491
f 1563 1502 1861
f 971 1502 1404
f 1404 1647 971
f 1647 1604 971
f 1604 1861 971
f 971 1861 1502
f 1487 355 439
f 395 781 1535
f 400 380 1668
f 1561 380 400
f 1668 601 400
f 400 130 1561
f 1668 380 1038
f 475 1038 380
f 964 18 475
f 18 689 475
f 755 18 157
f 157 18 425
f 147 18 964
f 1290 1633 898
f 1290 18 1633
f 898 395 1290
f 220 197 977
f 977 781 220
f 781 592 220
f 1233 1592 16
f 16 1588 1233
f 387 1633 16
f 1633 1588 16
f 461 1133 1581
f 1581 1663 461
f 461 1663 1804
f 706 98 1528
f 98 1246 1528
f 160 1711 706
f 160 706 933
f 160 648 224
f 224 1711 160
f 160 289 648
f 340 289 160
f 221 1390 1117
f 1117 1390 1166
f 19 1033 5
f 1501 169 462
f 1501 955 648
f 1501 648 1206
f 1206 169 1501
f 1343 1834 1472
f 1834 955 1472
f 719 821 526
f 719 708 821
f 526 1181 719
f 1181 708 719
f 162 1817 1180
f 1180 1817 323
f 1743 162 1693
f 1743 1817 162
f 110 1588 1066
f 863 1588 110
f 1066 1959 110
f 1804 1218 1893
f 1565 1959 1066
f 1478 186 1296
f 1379 1478 1296
f 1296 186 410
f 410 491 1296
f 1891 1318 767
f 767 1615 1891
f 1891 1615 1318
f 1089 188 652
f 652 101 1089
f 1089 101 188
f 667 1350 476
f 476 24 1517
f 953 24 476
f 421 953 476
f 476 1350 421
f 177 1350 1000
f 814 1519 325
f 1080 814 325
f 1208 1519 1272
f 1848 1420 1229
f 1848 1208 1420
f 1519 1208 1848
f 1002 773 1152
f 773 1685 1152
f 600 956 572
f 956 902 572
f 572 631 600
f 572 902 631
f 833 902 941
f 631 902 776
f 776 249 631
f 902 249 776
f 20 249 1323
f 1323 1627 20
f 20 1627 1028
f 631 249 20
f 1083 1457 1772
f 1772 1054 1083
f 1457 672 1772
f 1772 672 631
f 365 1719 678
f 838 408 822
f 838 1264 408
f 822 495 838
f 1778 1579 408
f 1778 139 1579
f 1673 139 1778
f 408 1264 1778
f 1778 495 1673
f 1778 838 495
f 1264 838 1778
f 509 228 1043
f 1101 1436 510
f 1009 415 216
f 216 176 1009
f 1009 176 582
f 822 1539 557
f 557 666 822
f 1841 699 806
f 806 244 1841
f 1563 699 1841
f 1841 244 1563
f 1788 1204 770
f 770 834 1788
f 1204 834 770
f 1 834 806
f 806 1604 1
f 1 1604 1647
f 1 1647 1788
f 1788 834 1
f 489 1074 72
f 72 834 489
f 489 834 1204
f 1074 489 780
f 681 1579 66
f 66 888 681
f 164 1579 681
f 656 1789 215
f 215 542 656
f 641 1323 1759
f 1759 1810 641
f 641 1810 1458
f 123 7 641
f 641 1458 123
f 1362 33 383
f 1056 33 1362
f 1722 1149 993
f 993 1494 1722
f 697 1494 1348
f 1662 963 1618
f 1618 166 1662
f 1662 166 235
f 126 544 1119
f 1199 1687 442
f 442 544 1199
f 1136 527 58
f 1247 1669 126
f 1247 104 1669
f 1118 1242 95
f 1144 63 1814
f 1118 63 1144
f 1144 1242 1118
f 1144 4 632
f 1144 1814 4
f 547 447 1311
f 286 447 547
f 741 29 784
f 741 1474 29
f 334 293 286
f 286 470 334
f 334 715 293
f 286 882 1211
f 1211 470 286
f 566 483 1736
f 566 1194 483
f 637 1019 1855
f 1113 972 942
f 1477 444 1193
f 1576 444 240
f 1929 213 1736
f 1736 573 1929
f 1648 302 161
f 161 479 1648
f 1648 479 1477
f 1583 553 1645
f 753 1583 1645
f 1645 1129 753
f 506 1645 553
f 1847 943 870
f 553 943 1847
f 1847 506 553
f 320 427 915
f 915 427 195
f 1855 1369 1793
f 195 1858 1162
f 745 195 1293
f 745 1858 195
f 1369 1858 745
f 291 1019 1107
f 1107 1019 335
f 335 1104 1107
f 1104 1856 1107
f 1008 1190 1368
f 1312 771 723
f 723 133 1312
f 1106 1709 517
f 580 1709 1106
f 711 74 168
f 711 918 74
f 1064 172 570
f 939 111 1173
f 111 732 1173
f 1173 732 183
f 1173 1461 939
f 1329 1461 1173
f 1897 592 183
f 183 732 1897
f 1034 1745 112
f 1745 1215 112
f 755 157 112
f 112 722 755
f 112 1215 722
f 947 1845 513
f 800 1158 339
f 1158 736 339
f 981 1943 1938
f 1938 1341 800
f 1938 1943 1341
f 528 1887 1158
f 1158 319 528
f 1158 377 548
f 1779 782 1271
f 1271 782 319
f 1779 1925 1638
f 1638 1925 1948
f 1365 705 1443
f 704 1761 1253
f 532 486 1698
f 1698 111 532
f 532 111 1002
f 899 1541 128
f 128 1282 899
f 1541 1282 128
f 618 710 1611
f 1611 1282 817
f 1611 710 1282
f 504 1603 1710
f 1456 1603 504
f 600 672 1337
f 941 600 1337
f 1337 672 374
f 374 211 1337
f 1337 1456 941
f 1337 211 1456
f 618 1346 595
f 595 1346 1543
f 595 710 618
f 1543 710 595
f 1104 78 1380
f 1543 1346 1380
f 1653 748 1618
f 1653 1282 748
f 1898 1346 618
f 618 1611 1898
f 1898 1611 817
f 817 1282 1898
f 1282 1346 1898
f 1322 1603 1456
f 1456 211 1322
f 366 211 374
f 366 1322 211
f 383 710 178
f 1367 728 298
f 298 1407 1367
f 298 178 1896
f 383 178 298
f 1896 178 1248
f 1543 1399 1248
f 1248 710 1543
f 1248 178 710
f 1507 1434 1209
f 1868 1399 108
f 1407 1248 1868
f 1868 1248 1399
f 1941 728 1060
f 460 728 1941
f 1637 949 149
f 1637 610 949
f 149 416 1637
f 562 1637 991
f 610 1637 562
f 1913 1925 1779
f 377 1925 1913
f 1779 1271 1913
f 1913 1271 377
f 1703 949 1616
f 1703 725 949
f 1703 785 105
f 1616 785 1703
f 149 949 932
f 733 1434 1141
f 1734 949 1080
f 1734 980 949
f 733 1141 1734
f 310 1748 936
f 936 1860 310
f 949 310 916
f 916 310 1860
f 916 1309 1303
f 1749 1682 916
f 1839 949 916
f 1365 477 1423
f 1332 477 1365
f 1365 1443 1332
f 1332 1443 1287
f 1332 1287 848
f 848 477 1332
f 848 416 999
f 999 477 848
f 1383 705 1365
f 702 777 813
f 1351 777 1839
f 1303 1187 500
f 1187 92 500
f 500 916 1303
f 230 774 1250
f 1791 774 1864
f 1278 774 1791
f 840 245 1349
f 1349 1849 840
f 840 1899 245
f 1008 735 970
f 1899 840 1683
f 892 927 219
f 927 1753 219
f 261 1753 117
f 1835 1753 261
f 891 301 1307
f 1307 301 129
f 129 1774 1307
f 1595 914 217
f 236 914 1595
f 1003 217 914
f 233 1479 761
f 761 1284 233
f 233 1284 692
f 233 692 825
f 825 174 233
f 233 174 687
f 687 1479 233
f 1654 457 1413
f 1413 1555 1654
f 1338 1555 1413
f 1916 1338 1413
f 1413 398 1916
f 1413 457 398
f 1140 1555 533
f 533 1029 1140
f 533 1555 1338
f 1338 1029 533
f 1560 1167 1469
f 1469 80 1560
f 1560 80 421
f 421 1744 1560
f 1560 198 1167
f 565 80 1469
f 565 1469 1088
f 973 24 1660
f 83 948 1873
f 1873 543 83
f 1873 1456 543
f 1873 674 1456
f 1660 165 1686
f 165 1473 1686
f 312 304 739
f 560 165 1880
f 83 177 1707
f 177 1124 1707
f 1840 1171 1670
f 1670 1600 1840
f 1600 249 1840
f 941 1285 1840
f 1285 1171 1840
f 1768 1600 1670
f 1670 1001 1768
f 1768 1160 1435
f 738 1160 1768
f 1768 1001 1355
f 1285 674 268
f 1670 1171 268
f 268 1171 1285
f 985 674 312
f 165 560 985
f 1277 71 897
f 897 616 1277
f 1068 1480 1802
f 1802 1480 466
f 466 118 1802
f 1725 893 229
f 229 1724 1725
f 893 998 690
f 290 1944 690
f 135 223 1432
f 1265 1936 1889
f 1889 1936 663
f 609 1422 316
f 1335 309 1532
f 1532 279 1335
f 42 1344 1690
f 603 1901 42
f 1901 1344 42
f 1396 707 603
f 529 407 309
f 1139 407 529
f 1214 141 747
f 747 222 1214
f 1405 1771 591
f 1693 484 50
f 880 1755 66
f 66 678 880
f 678 1719 880
f 1673 495 397
f 397 727 1673
f 113 1027 1123
f 1123 864 113
f 990 1708 1622
f 594 1148 1339
f 1339 878 594
f 1914 1109 204
f 204 1109 884
f 204 884 1148
f 1908 696 1092
f 696 1890 1092
f 1092 1043 1908
f 1092 509 1043
f 1433 509 1092
f 1205 1890 696
f 884 1890 1205
f 1297 1890 1394
f 1313 232 1148
f 716 564 483
f 716 789 564
f 1142 1222 146
f 146 1222 966
f 1151 1222 1689
f 1689 1222 1142
f 1689 789 1289
f 1142 789 1689
f 376 1542 1777
f 658 1222 1151
f 658 768 1222
f 1138 1812 116
f 116 1812 1265
f 698 1386 1063
f 173 17 375
f 173 1378 17
f 1146 661 1580
f 1146 1378 803
f 1580 1378 1146
f 1298 1604 1563
f 1563 1861 1298
f 1298 1861 1604
f 355 1487 1429
f 1758 1487 1784
f 1737 197 1034
f 1034 989 1737
f 977 1699 1926
f 1699 1535 1926
f 1926 781 977
f 395 1535 373
f 373 1290 395
f 18 1290 373
f 425 18 373
f 373 1535 425
f 425 1535 875
f 875 1737 989
f 875 157 425
f 875 112 157
f 1034 112 875
f 875 1535 1699
f 1699 1737 875
f 179 380 1529
f 179 475 380
f 1038 475 322
f 322 1391 1668
f 1668 1038 322
f 1633 18 1356
f 18 147 1356
f 208 1133 368
f 1133 461 368
f 368 550 208
f 1045 790 1636
f 1592 790 1509
f 1509 16 1592
f 627 1246 706
f 706 1528 627
f 627 1528 1246
f 1166 536 256
f 353 405 294
f 39 1212 928
f 1448 1353 1540
f 792 662 1391
f 1621 1888 792
f 965 662 792
f 792 1888 965
f 537 5 1033
f 536 5 537
f 537 353 1717
f 537 256 536
f 1343 955 333
f 955 1501 333
f 462 1343 333
f 333 1501 462
f 455 955 1343
f 1343 1472 455
f 455 1472 955
f 1225 1893 1959
f 106 988 1379
f 106 1296 491
f 491 988 106
f 1909 1744 421
f 421 198 1909
f 1909 1560 1744
f 198 1560 1909
f 1420 1334 1121
f 1229 1420 1121
f 198 1255 1121
f 1805 1167 1121
f 1167 198 1121
f 667 476 1628
f 1517 1124 1628
f 1628 476 1517
f 1628 1350 667
f 1628 1000 1350
f 1628 1124 177
f 177 1000 1628
f 1249 325 1519
f 421 1350 1249
f 1249 1350 177
f 1249 198 421
f 1013 1255 1249
f 1249 1255 198
f 1080 325 505
f 505 1456 1080
f 177 1456 505
f 505 1249 177
f 325 1249 505
f 1420 1208 1446
f 356 1361 981
f 981 1361 350
f 321 1747 1031
f 1496 1167 1805
f 1503 1469 1496
f 1469 1167 1496
f 1496 981 1503
f 1496 356 981
f 1500 27 1381
f 984 27 1500
f 1011 27 984
f 1500 499 984
f 499 1011 984
f 1012 27 1827
f 1827 27 1011
f 920 27 1012
f 1002 1152 920
f 959 1152 1685
f 959 1381 27
f 1191 902 1754
f 902 833 1754
f 941 1191 1754
f 1754 833 941
f 1228 856 1408
f 484 856 1228
f 1228 50 484
f 1756 856 484
f 1693 1043 1756
f 1756 484 1693
f 1719 365 1823
f 969 1960 1667
f 1667 259 969
f 678 1960 409
f 305 228 1134
f 1824 1433 393
f 1824 509 1433
f 1032 1101 176
f 1032 176 216
f 216 415 1032
f 1436 1101 1032
f 1032 415 831
f 831 1436 1032
f 269 122 415
f 415 1009 269
f 638 1009 582
f 122 269 638
f 638 269 1009
f 967 1074 907
f 1074 780 907
f 1527 489 1204
f 1204 780 1527
f 1527 780 489
f 1294 641 7
f 1294 7 1934
f 1934 1627 1294
f 1294 1627 1323
f 1323 641 1294
f 1811 1569 1635
f 1056 1362 1587
f 1587 1437 1056
f 845 1437 1587
f 99 33 1056
f 1056 1437 99
f 143 1437 845
f 187 1437 143
f 1722 187 143
f 143 1149 1722
f 1269 33 670
f 1494 993 563
f 1635 1348 563
f 563 1348 1494
f 563 1811 1635
f 1468 1811 563
f 503 1119 544
f 693 836 1921
f 693 1921 1118
f 1118 95 693
f 218 137 1136
f 753 854 218
f 218 1136 753
f 218 854 1921
f 1921 836 218
f 58 753 569
f 569 1136 58
f 753 1136 569
f 527 1136 392
f 1136 137 392
f 1242 1144 493
f 1257 882 286
f 286 547 1257
f 1474 1211 1257
f 1257 1211 882
f 170 1113 468
f 972 1113 170
f 1359 642 1077
f 1077 1733 1359
f 470 1211 1947
f 1150 566 1736
f 1150 1947 566
f 872 347 911
f 1116 872 911
f 1855 1793 871
f 740 444 1576
f 740 1193 444
f 1576 1950 740
f 1838 64 664
f 664 740 1411
f 858 302 12
f 1293 195 1614
f 1614 1392 1293
f 468 1113 1280
f 1232 280 468
f 1454 1079 195
f 195 1162 1454
f 107 1079 1454
f 695 735 1008
f 1008 1368 695
f 1279 1368 1190
f 918 1368 1279
f 74 918 1279
f 1073 25 1835
f 1073 1221 25
f 1835 1069 1073
f 25 1221 1048
f 359 241 1586
f 1586 1146 803
f 359 556 231
f 231 241 359
f 798 263 771
f 798 771 1206
f 1312 133 946
f 1040 449 1312
f 1712 1424 1767
f 1736 524 1712
f 1712 858 1736
f 1712 1767 345
f 1712 345 858
f 1767 1424 1447
f 1447 1508 1767
f 564 1508 1447
f 183 1329 1949
f 1949 1173 183
f 1329 1173 1949
f 1357 1897 197
f 592 1897 1357
f 521 732 197
f 197 1897 521
f 521 1897 732
f 762 1845 677
f 762 513 1845
f 947 513 762
f 1366 981 1885
f 981 1938 1885
f 1885 1938 800
f 800 339 1885
f 1885 736 1366
f 1885 339 736
f 1567 1779 1253
f 1567 782 1779
f 319 782 1567
f 1567 528 319
f 1253 1887 1567
f 1887 528 1567
f 381 319 1158
f 1158 548 381
f 433 1271 319
f 433 548 377
f 377 1271 433
f 808 1730 1779
f 624 1845 722
f 620 1443 1884
f 32 704 1253
f 925 504 1710
f 1710 460 925
f 925 460 1886
f 1080 1456 1632
f 1456 1428 199
f 199 326 1456
f 1080 326 1336
f 464 685 1838
f 1838 15 464
f 1618 1104 630
f 1104 1380 630
f 630 1380 1346
f 630 1653 1618
f 630 1346 1282
f 1282 1653 630
f 1666 1380 354
f 1543 1380 1666
f 1666 1399 1543
f 1126 354 1168
f 354 1380 1168
f 383 298 676
f 676 1811 383
f 1569 1811 676
f 676 298 1596
f 697 1569 676
f 676 366 374
f 1596 1322 676
f 1322 366 676
f 676 374 1722
f 1722 1494 676
f 676 1494 697
f 1896 1248 1254
f 1254 1248 1407
f 1254 298 1896
f 1407 298 1254
f 1434 1507 432
f 1886 460 125
f 125 460 1941
f 743 1428 1456
f 743 1336 326
f 1080 1336 743
f 743 199 1428
f 326 199 743
f 434 728 1407
f 1407 1868 434
f 905 460 1710
f 1172 416 848
f 1172 1637 416
f 1098 1020 1172
f 848 237 1172
f 1172 237 744
f 363 1703 105
f 949 725 545
f 545 932 949
f 1748 310 1081
f 949 1702 1081
f 1081 310 949
f 535 1309 1455
f 1309 916 1455
f 34 1188 1240
f 1240 610 34
f 610 562 34
f 1721 1423 932
f 149 932 924
f 932 1423 924
f 950 859 1902
f 859 1383 1902
f 859 813 150
f 705 1383 150
f 150 1383 859
f 150 777 705
f 150 813 777
f 1460 343 1448
f 677 76 1460
f 1460 762 677
f 1448 947 1460
f 947 762 1460
f 677 1845 1070
f 1070 76 677
f 1845 624 1070
f 1070 1460 76
f 343 1460 1070
f 1070 1443 705
f 705 777 1070
f 777 343 1070
f 1839 916 430
f 430 916 1682
f 1875 1682 1749
f 1495 343 777
f 1942 299 576
f 576 299 443
f 443 1187 576
f 576 1309 535
f 1156 1100 1749
f 496 1190 1008
f 496 91 1190
f 239 201 1273
f 1273 230 239
f 239 230 1250
f 1390 1273 1223
f 1273 201 1223
f 212 1305 625
f 1864 774 625
f 625 209 1864
f 378 1899 1498
f 1899 1683 1498
f 51 587 1511
f 175 263 1644
f 1894 1069 1835
f 1835 261 1894
f 1169 129 877
f 877 1384 1169
f 129 301 877
f 877 301 245
f 245 1899 877
f 877 1899 378
f 429 1384 459
f 459 160 933
f 933 1033 459
f 1033 429 459
f 1595 1307 1328
f 1328 1307 1774
f 1595 1283 1061
f 1061 1307 1595
f 1952 1283 1595
f 1595 217 1952
f 1595 429 85
f 85 236 1595
f 85 1033 19
f 85 429 1033
f 1317 1003 1464
f 1464 1003 914
f 1317 774 894
f 894 1003 1317
f 894 774 1278
f 1410 1088 454
f 1410 565 1088
f 454 473 1410
f 473 80 1410
f 80 565 1410
f 119 574 857
f 119 358 574
f 83 1707 119
f 1124 358 119
f 119 1707 1124
f 24 973 1052
f 948 401 1052
f 1522 973 1281
f 1281 973 1660
f 304 674 1306
f 674 1873 1306
f 312 739 606
f 606 165 312
f 606 1473 165
f 285 249 1191
f 285 1840 249
f 285 1191 941
f 941 1840 285
f 1435 1600 860
f 860 1768 1435
f 1600 1768 860
f 738 1768 1760
f 1760 903 738
f 1880 903 1760
f 165 985 571
f 71 1277 1256
f 945 44 1256
f 248 71 1256
f 1256 44 248
f 1385 1277 616
f 1243 945 1385
f 1385 616 1243
f 945 1256 1385
f 1385 1256 1277
f 1235 1826 921
f 1826 411 921
f 1826 1724 10
f 10 411 1826
f 893 690 1874
f 1874 690 1944
f 38 1432 223
f 540 1432 38
f 663 609 1739
f 609 316 1739
f 1866 309 647
f 603 1314 835
f 835 1396 603
f 986 544 1261
f 1803 1405 591
f 747 1832 1803
f 1803 1832 1405
f 1804 1893 1920
f 1059 1743 1693
f 50 1228 1159
f 495 864 389
f 389 397 495
f 727 397 389
f 1123 727 389
f 389 864 1123
f 787 113 864
f 561 1708 1656
f 1656 351 561
f 1656 1708 1946
f 253 1708 561
f 253 1622 1708
f 561 351 253
f 1186 682 1593
f 1593 98 990
f 1593 1246 98
f 990 1622 1593
f 1593 1622 1186
f 1908 1534 1050
f 1050 1593 682
f 1181 184 1050
f 1050 1727 1181
f 1050 1594 1727
f 1534 1594 1050
f 1246 1593 1050
f 1050 184 526
f 526 1246 1050
f 1433 1092 807
f 66 1755 807
f 1946 232 1241
f 1241 1205 1946
f 232 1205 1241
f 1394 1846 1072
f 1072 1297 1394
f 232 1313 657
f 884 1205 657
f 657 1205 232
f 1148 884 657
f 657 1313 1148
f 483 1765 390
f 390 716 483
f 1674 712 1797
f 1082 1674 1797
f 1021 376 54
f 54 1139 1483
f 752 1139 54
f 862 376 1021
f 1542 376 862
f 1021 414 862
f 862 385 1542
f 490 376 686
f 686 376 1777
f 375 490 686
f 686 1777 375
f 768 376 651
f 651 376 490
f 1222 768 651
f 1376 1426 159
f 1706 938 1376
f 1376 159 810
f 1376 810 1706
f 1138 116 1065
f 205 1904 1962
f 205 1664 202
f 1962 1664 205
f 202 1548 205
f 435 1542 1837
f 1954 1021 615
f 1954 414 1021
f 1907 555 273
f 1907 661 1640
f 1640 555 1907
f 403 1758 967
f 967 907 403
f 403 907 1429
f 403 1487 1758
f 403 1429 1487
f 1758 1784 1030
f 977 197 1182
f 197 1737 1182
f 417 989 1034
f 1034 875 417
f 417 875 989
f 171 1004 1633
f 475 1004 171
f 1529 1633 607
f 1183 179 1529
f 475 179 1183
f 1183 1004 475
f 1531 889 1389
f 461 889 1531
f 1592 1389 1530
f 1389 889 1530
f 1025 368 461
f 461 1531 1025
f 1758 1636 853
f 967 1758 853
f 1804 1563 853
f 853 1563 967
f 1917 790 1045
f 1917 1509 790
f 936 887 451
f 1740 887 936
f 936 87 1740
f 39 928 935
f 935 928 23
f 935 1740 39
f 887 1740 935
f 935 451 887
f 1105 779 405
f 805 779 1105
f 737 779 604
f 294 405 737
f 405 779 737
f 1166 256 852
f 19 5 62
f 1526 1212 39
f 1526 1852 1750
f 39 1507 1526
f 1507 1852 1526
f 1353 936 896
f 896 1540 1353
f 1621 1540 896
f 936 451 896
f 896 451 805
f 896 1105 405
f 805 1105 896
f 405 353 896
f 896 537 1621
f 353 537 896
f 1573 1266 423
f 1391 322 1573
f 1573 792 1391
f 1573 689 1266
f 1573 475 689
f 1573 322 475
f 277 1540 1621
f 1621 792 277
f 1448 1540 277
f 1621 537 1853
f 1853 537 1033
f 1853 1033 965
f 1488 537 1717
f 256 537 1488
f 1817 1743 1806
f 1959 1565 1213
f 1893 1225 1796
f 1379 1296 881
f 881 106 1379
f 1296 106 881
f 1805 1121 26
f 26 1121 1334
f 399 1249 1519
f 1013 1249 399
f 1361 356 297
f 917 1943 981
f 981 350 917
f 1341 1943 917
f 917 1925 1341
f 917 1031 1080
f 1080 1925 917
f 53 321 1031
f 1031 917 53
f 1747 321 338
f 321 53 1574
f 802 321 1574
f 1361 802 1574
f 356 1496 1882
f 975 1342 1500
f 1500 1381 975
f 975 959 1342
f 1381 959 975
f 1327 920 1012
f 704 920 1327
f 1012 1827 1327
f 1327 1827 1011
f 1327 1011 1761
f 1761 704 1327
f 27 920 114
f 114 959 27
f 114 920 1152
f 1152 959 114
f 1379 37 441
f 441 1685 1379
f 441 959 1685
f 1028 703 994
f 994 703 1054
f 1606 259 1667
f 1667 1159 1606
f 1606 1159 1228
f 1408 259 1606
f 1606 1228 1408
f 497 409 1960
f 1960 1427 497
f 497 228 305
f 497 1427 228
f 1043 228 61
f 228 1427 61
f 365 336 206
f 206 1078 365
f 3 1823 365
f 365 1078 3
f 1333 582 541
f 1333 638 582
f 541 122 1333
f 122 638 1333
f 234 907 780
f 1204 355 234
f 234 780 1204
f 355 1429 234
f 1429 907 234
f 861 352 549
f 861 807 1755
f 1755 880 861
f 1275 413 1471
f 151 413 1275
f 507 151 1275
f 1394 507 1275
f 1275 1846 1394
f 1766 1362 383
f 383 1811 1766
f 33 99 775
f 775 99 1437
f 262 1811 1468
f 671 670 33
f 1492 104 330
f 330 191 1492
f 883 1247 126
f 1771 1405 214
f 1687 1771 214
f 214 442 1687
f 137 1533 394
f 1364 874 191
f 1364 394 995
f 191 394 1364
f 1492 191 1751
f 191 493 1751
f 1751 1130 1492
f 621 1144 632
f 621 493 1144
f 246 1224 1438
f 250 170 468
f 940 170 250
f 942 715 746
f 1963 1115 942
f 1782 12 302
f 1929 12 1782
f 213 1929 1782
f 954 267 554
f 715 334 611
f 611 334 470
f 402 1733 611
f 1733 1077 611
f 470 1947 617
f 1947 1150 617
f 1210 1211 784
f 784 1143 1210
f 1209 872 1842
f 1842 1116 502
f 872 1116 1842
f 41 872 1941
f 347 872 41
f 911 347 41
f 41 1060 911
f 1941 1060 41
f 749 1928 1599
f 1599 1015 749
f 172 1064 586
f 1575 172 586
f 586 1064 906
f 906 1015 586
f 1657 1575 586
f 586 479 1657
f 444 479 586
f 590 586 1015
f 1576 240 590
f 590 240 444
f 1459 637 1855
f 1855 871 1459
f 1459 871 637
f 1716 930 1392
f 1392 871 1716
f 1392 1694 974
f 974 871 1392
f 1007 1126 1510
f 1626 267 954
f 1626 388 871
f 871 974 1626
f 1626 974 267
f 195 1577 327
f 327 1614 195
f 468 1280 327
f 1115 1963 327
f 280 1232 194
f 194 427 280
f 195 427 194
f 194 1577 195
f 1368 851 86
f 25 1048 786
f 359 1586 1237
f 1237 1586 803
f 1062 467 1723
f 502 1116 1120
f 1120 1116 911
f 1779 1730 1679
f 1253 1779 1679
f 1679 32 1253
f 1240 1188 908
f 908 142 1240
f 1188 142 908
f 926 949 1240
f 1240 142 926
f 926 1948 949
f 1948 1188 450
f 450 1226 1948
f 1188 1641 450
f 465 1023 1948
f 1948 1226 465
f 492 1638 1948
f 1948 1023 492
f 1779 1638 1462
f 1462 808 1779
f 1638 808 1462
f 1884 1443 1851
f 1443 624 1851
f 722 1884 1851
f 1851 624 722
f 1871 620 826
f 1287 1443 1871
f 1443 620 1871
f 532 1418 1122
f 826 620 1122
f 1553 486 1122
f 486 532 1122
f 1122 1884 1553
f 1122 620 1884
f 1456 326 634
f 634 1632 1456
f 634 326 1080
f 1080 1632 634
f 1053 15 1838
f 1838 664 1053
f 1053 664 1411
f 1516 929 911
f 1516 1868 108
f 108 1399 824
f 192 1516 163
f 163 1053 192
f 1399 1666 1865
f 1126 1168 1195
f 1195 1168 78
f 1195 78 1104
f 728 460 1816
f 460 905 1816
f 980 1734 1041
f 1041 432 980
f 1041 1734 1141
f 1203 432 1507
f 1886 125 579
f 579 925 1886
f 1456 504 579
f 504 925 579
f 1613 743 1456
f 1613 872 1209
f 1209 743 1613
f 1613 579 125
f 1941 872 1613
f 1613 125 1941
f 1456 579 1613
f 1209 1434 1783
f 1783 743 1209
f 1783 1434 733
f 1080 743 1783
f 1927 1816 905
f 1927 1322 1596
f 1596 1816 1927
f 1637 1172 653
f 653 1172 1020
f 653 1020 991
f 991 1637 653
f 1703 363 724
f 724 363 859
f 724 859 950
f 932 545 482
f 1423 1721 482
f 1365 1423 482
f 482 545 1383
f 482 1383 1365
f 980 432 968
f 1701 1081 968
f 968 1081 1702
f 701 576 535
f 1919 916 1860
f 1919 936 1353
f 1919 1860 936
f 1931 1172 744
f 1188 34 1931
f 1098 1172 1931
f 1155 924 1423
f 1155 1423 477
f 55 624 1443
f 1443 1070 55
f 55 1070 624
f 1132 1351 1839
f 1839 430 1132
f 900 1875 1749
f 443 299 709
f 1749 1100 709
f 152 576 1353
f 152 1353 1448
f 1942 576 152
f 1448 343 152
f 343 1495 152
f 1704 1156 1749
f 1749 916 1704
f 916 500 1704
f 1299 288 212
f 209 625 923
f 422 1849 1349
f 422 1854 1849
f 1349 301 422
f 422 301 891
f 209 923 422
f 1849 1854 598
f 1741 502 1872
f 1780 91 1741
f 1780 1442 91
f 212 625 520
f 774 230 520
f 520 625 774
f 520 1299 212
f 587 51 1441
f 1441 51 978
f 1441 978 927
f 1441 927 892
f 243 798 1511
f 1511 587 243
f 263 798 243
f 243 1644 263
f 1384 877 100
f 100 459 1384
f 100 877 378
f 378 459 100
f 1024 362 927
f 1798 362 1024
f 1798 1680 485
f 485 1680 419
f 160 459 485
f 485 1863 160
f 1202 485 1556
f 83 119 167
f 167 948 83
f 948 1052 559
f 559 1052 973
f 1393 731 304
f 1522 731 1393
f 1352 739 304
f 304 731 1352
f 1522 1281 849
f 849 731 1522
f 252 268 674
f 674 158 252
f 508 1768 1355
f 1355 1001 1491
f 1491 158 1355
f 268 158 1491
f 1491 1001 1670
f 1670 268 1491
f 552 985 312
f 552 571 985
f 446 1532 309
f 309 1866 446
f 647 1432 1198
f 1198 1866 647
f 1198 1432 540
f 544 1405 264
f 264 1261 544
f 986 1405 823
f 1405 1832 823
f 823 957 986
f 979 1920 758
f 1523 1920 1893
f 1893 1796 1523
f 1646 577 979
f 819 1159 1087
f 1087 1920 979
f 979 577 1087
f 1087 1159 678
f 1087 678 1804
f 1804 1920 1087
f 1693 50 1742
f 1742 1059 1693
f 50 1059 1742
f 1923 1059 50
f 1692 1159 819
f 50 1159 1692
f 1692 1923 50
f 284 1667 678
f 678 1159 284
f 284 1159 1667
f 113 787 511
f 511 495 822
f 511 864 495
f 511 787 864
f 351 1656 578
f 578 1656 1946
f 1946 1205 578
f 1597 351 696
f 1433 807 1310
f 1310 861 549
f 807 861 1310
f 66 807 1582
f 1416 807 1092
f 613 490 1580
f 613 651 490
f 1058 54 1483
f 1021 54 1058
f 1138 1065 445
f 159 1426 597
f 1426 1065 597
f 1542 385 1470
f 1470 385 1412
f 1412 1904 1470
f 1904 205 1470
f 295 1837 1063
f 295 1063 1386
f 295 1386 1605
f 435 1837 295
f 1605 318 295
f 295 318 435
f 1809 1907 1939
f 1907 273 1939
f 1939 934 1809
f 1939 712 247
f 1758 1030 684
f 684 1636 1758
f 1045 1636 684
f 1633 1004 1945
f 1945 607 1633
f 809 461 1804
f 1804 853 809
f 717 1740 87
f 936 1748 717
f 717 87 936
f 1748 1081 717
f 115 935 604
f 604 779 115
f 115 779 805
f 805 451 115
f 451 935 115
f 797 62 1961
f 193 62 271
f 1250 193 271
f 271 62 797
f 1448 277 52
f 52 947 1448
f 423 1266 52
f 52 1266 947
f 792 1573 258
f 258 277 792
f 258 1573 423
f 423 52 258
f 965 1888 1617
f 1617 1853 965
f 1617 1888 1621
f 1621 1853 1617
f 1572 1225 1959
f 1959 1213 1572
f 650 802 1361
f 1361 297 650
f 1014 917 350
f 1014 53 917
f 1014 350 1361
f 1747 338 1005
f 1005 1496 1747
f 1005 1882 1496
f 1342 959 1661
f 959 441 1661
f 1661 37 1342
f 1661 441 37
f 1958 20 1028
f 1028 994 1958
f 136 1824 393
f 337 861 880
f 337 1251 352
f 352 861 337
f 336 1134 452
f 452 206 336
f 509 1824 1374
f 1362 1766 583
f 1521 262 845
f 1811 262 1521
f 9 143 845
f 845 262 9
f 670 671 311
f 311 671 1437
f 266 406 126
f 1046 1405 544
f 1046 214 1405
f 544 442 1046
f 442 214 1046
f 137 218 102
f 102 1533 137
f 102 218 836
f 836 693 102
f 102 693 1776
f 1776 1533 102
f 1776 1242 718
f 718 1533 1776
f 718 394 1533
f 995 394 718
f 874 1364 718
f 718 1364 995
f 137 394 721
f 721 394 200
f 1242 493 472
f 472 718 1242
f 874 718 472
f 191 874 472
f 472 493 191
f 242 427 58
f 1940 124 940
f 342 124 1940
f 1026 1438 1196
f 427 124 1705
f 1705 124 342
f 280 427 1705
f 1705 250 280
f 940 250 1705
f 246 1438 1345
f 1345 1438 1026
f 1800 1438 940
f 972 170 962
f 1311 972 962
f 962 547 1311
f 962 551 547
f 547 551 635
f 635 170 940
f 635 962 170
f 551 962 635
f 940 1438 635
f 635 1438 1224
f 1524 1257 547
f 547 635 1524
f 942 746 679
f 679 746 1694
f 679 1963 942
f 1589 1077 642
f 1589 1782 1077
f 478 1782 302
f 478 1648 1477
f 302 1648 478
f 1477 1193 478
f 715 611 1372
f 1372 611 1077
f 1372 746 715
f 1077 746 1372
f 402 611 1609
f 1736 1359 1609
f 1609 611 1150
f 1609 1150 1736
f 379 1947 1211
f 1211 1210 379
f 906 1190 1900
f 1900 1015 906
f 88 1015 1599
f 88 590 1015
f 444 586 628
f 628 590 444
f 586 590 628
f 1308 974 1694
f 1007 1510 1571
f 1571 1510 685
f 685 464 1571
f 1126 1566 846
f 1019 637 846
f 846 1566 335
f 335 1019 846
f 1409 664 64
f 740 664 1409
f 1193 740 1377
f 740 1409 1377
f 1377 1626 954
f 954 1096 1377
f 1175 1510 546
f 468 327 1075
f 1075 327 1577
f 1075 1232 468
f 1614 327 1930
f 1930 327 1963
f 1764 86 117
f 1764 695 1368
f 1368 86 1764
f 1764 117 378
f 378 1498 1764
f 1200 786 1048
f 1368 786 1200
f 1200 851 1368
f 1062 1723 525
f 525 1723 1601
f 56 1644 1601
f 1601 1723 56
f 175 1644 56
f 160 1863 1111
f 340 160 1111
f 1206 340 1111
f 1111 798 1206
f 1354 391 180
f 1062 580 1354
f 580 1634 1354
f 180 391 238
f 238 1659 1807
f 238 1807 1785
f 1219 1354 1017
f 1862 1292 646
f 1659 238 646
f 646 238 1862
f 960 1292 1862
f 661 1146 960
f 531 1188 1948
f 1831 142 1188
f 1188 1696 1831
f 1135 465 1226
f 1226 450 1135
f 1135 450 1641
f 704 32 1135
f 32 1895 1135
f 1135 1895 465
f 1135 1467 704
f 1641 1467 1135
f 438 1641 1188
f 438 1931 744
f 1188 1931 438
f 744 237 438
f 848 1287 438
f 1287 1641 438
f 438 237 848
f 1084 920 704
f 1002 920 1084
f 1084 1467 1675
f 1675 1418 1084
f 1084 532 1002
f 1084 1418 532
f 349 808 1638
f 1638 492 349
f 349 492 251
f 1189 1467 1641
f 1189 1641 1287
f 1287 1871 1189
f 1675 1467 1189
f 1189 1418 1675
f 1189 1122 1418
f 1189 1871 826
f 826 1122 1189
f 328 15 1244
f 15 1053 1244
f 1244 1053 163
f 1244 1399 328
f 1244 824 1399
f 1137 434 1868
f 1868 1516 1137
f 728 434 1137
f 1137 1060 728
f 911 1060 1137
f 1137 1516 911
f 660 1516 108
f 108 824 660
f 929 1516 21
f 1516 192 21
f 668 929 21
f 21 1120 668
f 502 1120 21
f 1950 192 257
f 257 192 1053
f 1406 1950 1576
f 1406 192 1950
f 1928 192 1406
f 1599 1928 1406
f 992 1865 1666
f 992 464 15
f 1729 298 728
f 728 1816 1729
f 1729 1816 298
f 1596 298 1911
f 1911 1816 1596
f 298 1816 1911
f 203 1179 1490
f 1490 1216 203
f 203 502 1741
f 1741 1179 203
f 1490 1179 1315
f 367 1179 1741
f 1741 91 367
f 816 1507 39
f 816 1203 1507
f 1322 1927 308
f 1710 1603 308
f 1603 1322 308
f 1263 1721 932
f 932 482 1263
f 1263 482 1721
f 1701 968 1620
f 432 1203 1620
f 1620 968 432
f 1371 1919 1353
f 1353 576 1371
f 576 701 1371
f 477 999 1347
f 1347 1155 477
f 1875 900 783
f 1749 709 1037
f 1037 709 299
f 1942 152 931
f 931 152 1495
f 931 1495 777
f 288 1299 1808
f 1388 420 288
f 1852 420 1388
f 1750 1852 1388
f 288 420 1402
f 1932 422 923
f 1854 422 1932
f 40 598 970
f 1849 598 40
f 40 970 735
f 1202 317 121
f 459 1220 121
f 1652 459 378
f 1652 1220 459
f 1466 121 1220
f 927 362 1466
f 1220 1652 1466
f 378 927 1466
f 1466 1652 378
f 487 362 1798
f 1798 485 487
f 1164 485 419
f 1863 485 1164
f 568 317 1202
f 1202 1556 568
f 568 1556 317
f 317 1556 210
f 210 121 317
f 459 121 210
f 210 485 459
f 210 1556 485
f 1444 167 119
f 1444 401 948
f 948 167 1444
f 890 158 268
f 268 252 890
f 890 252 158
f 1355 158 643
f 643 508 1355
f 90 1760 1768
f 1768 508 90
f 1832 1718 1330
f 300 1832 747
f 300 1718 1832
f 1735 1920 1565
f 1735 758 1920
f 1735 1565 1066
f 370 1646 323
f 577 1646 370
f 323 1817 370
f 1590 819 1817
f 1590 1692 819
f 1817 1806 1590
f 1302 511 822
f 113 511 1302
f 1186 1622 1513
f 682 79 1170
f 1908 1050 1170
f 1170 1050 682
f 1170 696 1908
f 1170 1597 696
f 182 1170 79
f 1597 1170 182
f 873 253 351
f 351 1597 873
f 1622 253 873
f 873 1513 1622
f 1433 1310 558
f 558 1310 549
f 65 888 66
f 66 1582 65
f 65 1582 888
f 830 1065 1426
f 830 445 1065
f 1127 1939 247
f 934 1939 1127
f 404 1797 712
f 712 1939 404
f 1482 273 555
f 1482 1612 273
f 273 1612 1713
f 1713 1612 1634
f 1713 1634 580
f 580 1106 1713
f 1166 852 1035
f 852 734 1035
f 1099 734 852
f 23 928 1099
f 1112 62 5
f 1112 1961 62
f 1212 1526 436
f 436 364 1212
f 277 258 471
f 471 258 52
f 538 1624 1681
f 1681 1624 1446
f 1681 1446 1208
f 1496 538 278
f 538 1655 278
f 1747 1496 278
f 287 136 1251
f 1251 337 287
f 1824 136 287
f 1918 1134 228
f 1918 452 1134
f 509 1374 1358
f 1362 583 815
f 583 1521 815
f 815 1521 845
f 187 951 315
f 315 1437 187
f 315 311 1437
f 1274 957 1781
f 1781 148 1274
f 406 1794 1258
f 1258 1794 1247
f 1247 883 1258
f 865 1794 406
f 406 1239 865
f 58 527 1822
f 1822 396 58
f 58 396 1375
f 1375 242 58
f 640 1196 124
f 124 396 640
f 396 1773 640
f 640 1773 392
f 640 392 137
f 629 1196 1438
f 1438 1800 629
f 589 141 1395
f 1474 1257 589
f 1257 1524 589
f 589 1524 36
f 29 1474 589
f 804 635 1224
f 804 1224 246
f 1859 1096 954
f 954 478 1859
f 1077 1782 757
f 1782 478 757
f 757 1145 360
f 360 746 757
f 757 746 1077
f 1550 1924 1015
f 1015 1900 1550
f 1190 91 1790
f 91 1442 1790
f 1933 190 502
f 1694 746 636
f 636 1308 1694
f 516 1510 1126
f 1126 846 516
f 546 1510 516
f 637 871 1451
f 1451 846 637
f 871 388 1451
f 181 1409 64
f 1510 1291 181
f 1193 1377 876
f 876 1377 1096
f 876 478 1193
f 1626 1377 1518
f 1518 1291 1510
f 1518 1175 1626
f 1510 1175 1518
f 1017 1354 581
f 952 1219 1017
f 913 946 133
f 913 467 1062
f 1062 1354 913
f 254 960 1146
f 1292 960 254
f 1551 1696 1188
f 1188 531 1551
f 1023 465 196
f 465 1895 196
f 196 492 1023
f 282 251 196
f 251 492 196
f 196 1679 282
f 32 1679 196
f 196 1895 32
f 704 1467 827
f 827 1084 704
f 1467 1084 827
f 1658 1244 163
f 824 1244 1658
f 163 1516 1658
f 1516 824 1658
f 109 824 1516
f 1516 660 109
f 109 660 824
f 1445 21 192
f 502 21 1445
f 1445 1933 502
f 1015 1933 1445
f 1295 992 15
f 1865 992 1295
f 1507 1315 1819
f 1819 1315 1179
f 1819 1852 1507
f 1179 367 47
f 1677 1455 916
f 916 1207 1677
f 916 1919 458
f 458 1207 916
f 885 783 1942
f 1875 783 885
f 868 299 1942
f 1942 783 868
f 868 783 900
f 1942 931 1227
f 212 288 801
f 288 1402 801
f 1854 1932 1552
f 1202 121 1465
f 121 1466 1465
f 674 985 796
f 508 643 796
f 796 158 674
f 796 643 158
f 1781 1330 1230
f 1230 788 1781
f 1230 1330 1718
f 1513 873 1799
f 1651 413 888
f 888 1582 1651
f 1471 413 1651
f 619 1582 807
f 807 1416 619
f 23 1099 155
f 155 1099 852
f 8 52 277
f 277 471 8
f 8 471 52
f 1320 1655 538
f 538 1681 1320
f 94 1374 3
f 94 1358 1374
f 94 3 1078
f 59 67 246
f 246 1345 59
f 59 1345 1026
f 331 394 191
f 331 1499 394
f 1026 1196 448
f 448 59 1026
f 957 1274 1504
f 306 1239 406
f 1119 683 1387
f 1794 865 1625
f 191 330 1625
f 1757 396 124
f 1757 1375 396
f 1382 640 200
f 200 394 1382
f 394 1499 1382
f 1196 640 1382
f 940 124 1091
f 1091 1800 940
f 1091 629 1800
f 124 1196 1091
f 1196 629 1091
f 665 589 36
f 665 36 788
f 665 747 141
f 141 589 665
f 665 300 747
f 1801 1524 635
f 635 804 1801
f 1801 804 788
f 788 36 1801
f 36 1524 1801
f 788 804 1286
f 67 59 1286
f 246 67 1286
f 1286 804 246
f 554 757 937
f 954 554 937
f 937 478 954
f 937 757 478
f 1490 1421 1147
f 1147 1216 1490
f 1147 1421 1209
f 1209 1440 1147
f 1209 1842 1629
f 1629 1440 1209
f 494 1900 1190
f 1591 1790 1442
f 190 1790 1591
f 1591 1872 502
f 502 190 1591
f 1015 1924 1093
f 1093 1933 1015
f 1308 156 1720
f 974 1308 1720
f 388 1626 812
f 1268 181 1291
f 1409 181 1268
f 140 1354 180
f 140 581 1354
f 1862 238 132
f 238 1850 132
f 608 238 391
f 608 1850 238
f 1219 952 700
f 700 952 449
f 449 1040 700
f 946 913 895
f 1354 1219 895
f 895 913 1354
f 2 367 1165
f 2 47 367
f 2 1165 1854
f 1854 1552 2
f 1179 47 791
f 1245 1227 931
f 1351 1132 1245
f 777 1351 1245
f 1245 931 777
f 828 60 1212
f 1212 364 828
f 985 90 1905
f 1905 796 985
f 1905 90 508
f 508 796 1905
f 79 1799 522
f 522 182 79
f 612 1799 873
f 1360 1651 1582
f 1582 619 1360
f 488 865 623
f 623 448 488
f 59 448 623
f 134 448 191
f 488 448 134
f 957 1504 456
f 986 957 456
f 456 544 986
f 456 503 544
f 329 148 778
f 148 886 778
f 778 683 329
f 406 266 795
f 795 306 406
f 1119 1387 13
f 126 1119 13
f 13 266 126
f 191 1625 1076
f 1076 1625 865
f 1076 134 191
f 1499 448 281
f 281 1382 1499
f 281 448 1196
f 1196 1382 281
f 1230 665 70
f 788 1230 70
f 70 665 788
f 1239 886 1514
f 426 1239 1514
f 1514 886 148
f 1514 148 1781
f 1190 1790 1619
f 1619 494 1190
f 1762 1720 156
f 1762 156 1145
f 1145 757 1762
f 1775 812 846
f 846 1451 1775
f 1775 1451 388
f 388 812 1775
f 1830 1305 212
f 1179 791 867
f 791 1830 867
f 867 1830 212
f 60 828 1829
f 1829 828 1808
f 1829 1808 1299
f 1506 522 1799
f 1799 612 1506
f 431 623 865
f 431 1239 426
f 431 865 1239
f 1688 1387 683
f 683 778 1688
f 1795 84 426
f 1286 84 1401
f 788 1286 1401
f 84 1795 1401
f 1781 788 1401
f 1401 1514 1781
f 1260 431 426
f 426 84 1260
f 307 1419 1763
f 276 1419 307
f 1763 756 307
f 307 756 1157
f 1953 1537 22
f 1953 424 633
f 633 1476 1953
f 1953 1844 869
f 1953 1476 1537
f 869 424 1953
f 22 1906 1953
f 1016 912 75
f 75 912 530
f 1492 1128 1669
f 1669 1128 1397
f 553 1583 753
f 553 753 58
f 512 1610 799
f 799 1867 512
f 1417 1867 799
f 799 1610 1881
f 1826 1664 1725
f 202 1664 1826
f 1672 523 1199
f 1199 626 1672
f 1201 523 1672
f 1672 498 1201
f 1672 1732 498
f 141 1300 837
f 837 1174 141
f 1214 1300 141
f 1436 1678 1883
f 1912 1678 1436
f 1436 428 1912
f 1547 1602 270
f 270 1602 773
f 1478 469 186
f 186 469 31
f 842 599 412
f 412 1430 842
f 842 1430 501
f 69 983 842
f 983 599 842
f 501 1792 842
f 842 1792 215
f 1833 1691 386
f 332 1475 1833
f 1833 386 332
f 1833 1475 1085
f 1671 1019 1818
f 1818 1019 1738
f 1575 272 172
f 172 272 11
f 11 145 172
f 313 1876 1363
f 1665 1876 313
f 1903 463 226
f 48 909 1903
f 1903 226 48
f 649 614 1878
f 1956 1055 649
f 649 829 614
f 1878 14 649
f 1055 829 649
f 602 1047 274
f 274 1047 567
f 274 35 602
f 567 1231 274
f 274 1231 1879
f 1325 1520 1538
f 1538 483 1325
f 1538 344 483
f 1108 344 1538
f 418 144 1892
f 418 481 103
f 103 1109 418
f 418 1109 144
f 346 345 1508
f 453 346 1508
f 345 1767 1508
f 1787 1544 1267
f 1267 1463 1787
f 1663 1133 208
f 1663 45 1804
f 208 1321 1663
f 1663 1321 45
f 1581 1133 1663
f 400 1192 1131
f 1131 130 400
f 601 1192 400
f 1461 111 939
f 1329 111 1461
f 1893 1095 863
f 1893 1218 841
f 863 110 1893
f 841 1095 1893
f 1893 110 1959
f 764 176 1101
f 1101 510 764
f 557 1539 1316
f 1316 1559 557
f 1559 1154 557
f 557 1154 1557
f 1557 982 557
f 1695 666 557
f 557 982 1695
f 348 839 656
f 656 1453 348
f 656 542 1453
f 1731 1789 656
f 656 644 1731
f 839 644 656
f 1635 1569 1348
f 1348 1569 697
f 1474 741 1211
f 1211 741 784
f 1129 1645 1847
f 1645 506 1847
f 1847 870 673
f 673 1129 1847
f 915 1079 943
f 915 943 320
f 195 1079 915
f 1107 1870 1728
f 1107 1728 291
f 1107 1662 235
f 963 1662 1107
f 1107 235 1870
f 1107 1856 963
f 1097 1068 690
f 690 998 1549
f 690 1549 1726
f 690 1802 118
f 690 1489 1097
f 690 118 290
f 1068 1802 690
f 1726 1489 690
f 49 793 1432
f 1432 1922 49
f 1432 1697 135
f 647 1922 1432
f 1432 793 1697
f 1937 303 42
f 1484 437 42
f 42 1497 1484
f 42 437 1937
f 1690 1497 42
f 42 303 603
f 204 878 1914
f 1148 594 204
f 204 594 878
f 1926 1535 781
f 413 713 164
f 164 681 413
f 507 713 413
f 413 681 888
f 413 151 507
f 693 95 1242
f 693 1242 1776
f 12 341 858
f 12 1929 573
f 1270 341 12
f 12 573 1270
f 1454 1162 1858
f 1454 1858 107
f 1279 1064 570
f 570 74 1279
f 1279 1190 906
f 906 1064 1279
f 1447 1712 524
f 524 760 1447
f 1447 760 564
f 1424 1712 1447
f 1357 220 592
f 197 220 1357
f 433 381 548
f 319 381 433
f 1168 1380 78
f 363 785 702
f 105 785 363
f 702 813 363
f 363 813 859
f 1303 1309 576
f 576 1187 1303
f 1328 129 1169
f 1328 1774 129
f 1169 1384 1328
f 1328 429 1595
f 1328 1384 429
f 1874 1944 811
f 1874 818 1235
f 811 1276 1874
f 1874 1276 818
f 1874 10 1724
f 1874 229 893
f 1724 229 1874
f 1235 921 1874
f 1874 921 411
f 411 10 1874
f 835 879 1545
f 835 1545 751
f 1125 879 835
f 751 843 835
f 835 1314 1125
f 843 707 835
f 707 1396 835
f 222 747 1803
f 591 222 1803
f 255 789 390
f 794 255 390
f 390 1765 794
f 789 716 390
f 54 1689 1289
f 1289 28 54
f 54 407 752
f 28 407 54
f 54 658 1151
f 1151 1689 54
f 54 376 768
f 768 658 54
f 675 680 1954
f 1954 862 414
f 615 675 1954
f 1954 296 1962
f 1954 680 296
f 1962 1904 1954
f 385 862 1954
f 1412 385 1954
f 1954 1904 1412
f 1182 1737 1699
f 1182 1699 977
f 1633 1356 171
f 964 475 171
f 171 147 964
f 171 1356 147
f 1233 1825 1025
f 1025 1531 1389
f 1025 1389 1233
f 1825 550 1025
f 550 368 1025
f 62 85 19
f 1317 1464 62
f 62 774 1317
f 193 774 62
f 914 236 62
f 236 85 62
f 62 1464 914
f 399 1848 1229
f 399 1255 1013
f 1519 1848 399
f 1229 1121 399
f 399 1121 1255
f 497 336 365
f 497 365 678
f 678 409 497
f 497 1134 336
f 305 1134 497
f 1960 969 61
f 1408 856 61
f 61 259 1408
f 61 1756 1043
f 856 1756 61
f 61 969 259
f 61 1427 1960
f 671 775 1437
f 33 775 671
f 1130 1751 621
f 632 1130 621
f 621 1751 493
f 468 280 250
f 1150 611 617
f 617 611 470
f 1716 745 1293
f 1293 930 1716
f 1716 1793 1369
f 1369 745 1716
f 1716 871 1793
f 327 1113 942
f 942 1115 327
f 327 1280 1113
f 786 1709 580
f 580 25 786
f 786 711 168
f 168 1709 786
f 786 1368 918
f 918 711 786
f 803 1378 1237
f 1237 1094 359
f 375 1094 1237
f 1237 173 375
f 1378 173 1237
f 911 929 1120
f 1120 929 668
f 1195 1104 335
f 335 1566 1195
f 1195 1566 1126
f 1041 1141 1434
f 1434 432 1041
f 733 1734 1783
f 1783 1734 1080
f 950 1902 724
f 1383 545 724
f 725 1703 724
f 724 545 725
f 724 1902 1383
f 949 980 968
f 968 1702 949
f 991 1020 1931
f 1931 562 991
f 1931 1020 1098
f 1931 34 562
f 1100 1156 1704
f 1704 92 443
f 1704 500 92
f 443 709 1704
f 1704 709 1100
f 422 894 1278
f 891 1307 422
f 422 1061 1283
f 1864 209 422
f 422 1791 1864
f 1278 1791 422
f 1283 1952 422
f 217 1003 422
f 1307 1061 422
f 422 1952 217
f 1003 894 422
f 948 559 1393
f 304 1306 1393
f 1393 973 1522
f 1393 1873 948
f 1393 1306 1873
f 1393 559 973
f 849 1686 1473
f 1660 1686 849
f 849 1281 1660
f 1473 606 849
f 849 606 739
f 739 1352 849
f 849 1352 731
f 165 571 552
f 312 165 552
f 1198 6 279
f 1198 223 6
f 1198 38 223
f 279 1532 1198
f 540 38 1198
f 1532 446 1198
f 1198 446 1866
f 986 1261 264
f 264 1405 986
f 578 1205 696
f 696 351 578
f 1580 1222 613
f 1222 651 613
f 1335 1021 1058
f 1058 309 1335
f 1058 529 309
f 1483 1139 1058
f 1139 529 1058
f 1265 1889 597
f 597 116 1265
f 97 810 597
f 597 1422 97
f 810 159 597
f 597 1889 663
f 597 316 1422
f 663 1739 597
f 597 1739 316
f 597 1065 116
f 1470 1837 1542
f 1548 1700 1470
f 1470 1700 698
f 698 1063 1470
f 1470 205 1548
f 1063 1837 1470
f 684 1487 439
f 684 439 387
f 387 16 684
f 684 1917 1045
f 16 1509 684
f 684 1784 1487
f 684 1030 1784
f 1509 1917 684
f 1945 1183 1529
f 1529 607 1945
f 1004 1183 1945
f 1592 1530 809
f 809 790 1592
f 809 889 461
f 809 1636 790
f 809 1530 889
f 809 853 1636
f 1565 1920 1572
f 1572 1213 1565
f 1572 1523 1796
f 1920 1523 1572
f 1572 1796 1225
f 1014 1574 53
f 1361 1574 1014
f 1005 321 802
f 1005 338 321
f 802 650 1005
f 1005 297 356
f 356 1882 1005
f 1005 650 297
f 1420 1446 1624
f 1805 26 1624
f 1624 1334 1420
f 1624 1496 1805
f 1624 26 1334
f 1624 538 1496
f 1958 1772 631
f 631 20 1958
f 1054 1772 1958
f 1958 994 1054
f 1521 583 1766
f 1521 1766 1811
f 1149 143 9
f 9 993 1149
f 1468 563 9
f 9 563 993
f 9 262 1468
f 1705 1940 940
f 342 1940 1705
f 1589 642 1736
f 1736 213 1589
f 213 1782 1589
f 1609 1733 402
f 1359 1733 1609
f 566 1947 379
f 1143 361 379
f 361 1194 379
f 1194 566 379
f 379 1210 1143
f 1075 194 1232
f 1577 194 1075
f 1392 1614 1930
f 1930 1694 1392
f 1930 679 1694
f 1963 679 1930
f 1200 261 117
f 1200 1048 1221
f 1200 1073 1069
f 1069 1894 1200
f 1221 1073 1200
f 117 86 1200
f 1200 1894 261
f 1200 86 851
f 892 219 525
f 525 1441 892
f 525 901 1062
f 1835 901 525
f 525 1753 1835
f 525 243 587
f 525 219 1753
f 1601 1644 525
f 587 1441 525
f 1644 243 525
f 1730 808 349
f 282 1679 349
f 349 1679 1730
f 349 251 282
f 257 740 1950
f 1411 740 257
f 257 1053 1411
f 1406 88 1599
f 1576 590 1406
f 590 88 1406
f 992 1571 464
f 992 354 1007
f 992 1666 354
f 1007 1571 992
f 1209 1421 1315
f 1315 1507 1209
f 1315 1421 1490
f 1854 1165 367
f 367 496 1008
f 1008 970 367
f 91 496 367
f 970 598 367
f 367 598 1854
f 308 1927 905
f 308 905 1710
f 1620 717 1081
f 39 1740 1620
f 1620 1081 1701
f 1620 816 39
f 1740 717 1620
f 1203 816 1620
f 1347 999 416
f 1347 416 149
f 149 924 1347
f 924 1155 1347
f 40 1683 840
f 40 1764 1498
f 40 840 1849
f 40 1498 1683
f 735 695 40
f 695 1764 40
f 927 978 1164
f 798 1111 1164
f 419 1680 1164
f 1164 51 1511
f 1511 798 1164
f 978 51 1164
f 1164 1680 1798
f 1164 1024 927
f 1798 1024 1164
f 1164 1111 1863
f 1444 1301 24
f 857 1301 1444
f 1444 119 857
f 24 1052 1444
f 1444 1052 401
f 90 560 1880
f 90 985 560
f 1880 1760 90
f 1781 957 1330
f 1330 823 1832
f 957 823 1330
f 162 1180 1735
f 1735 1588 162
f 323 1646 1735
f 1066 1588 1735
f 1735 1180 323
f 979 758 1735
f 1735 1646 979
f 819 1087 370
f 1817 819 370
f 370 1087 577
f 1590 1806 1743
f 1743 1059 1590
f 1923 1692 1590
f 1059 1923 1590
f 1302 822 1403
f 1403 1027 1302
f 1027 113 1302
f 393 1433 558
f 558 136 393
f 549 352 558
f 352 1251 558
f 1251 136 558
f 283 466 830
f 1426 1376 830
f 830 1376 938
f 830 938 283
f 96 1812 830
f 830 1480 96
f 830 1812 1138
f 466 1480 830
f 1138 445 830
f 1127 1907 1809
f 1127 440 1142
f 247 712 1127
f 1127 1674 440
f 1809 934 1127
f 1127 712 1674
f 966 1907 1127
f 1142 146 1127
f 1127 146 966
f 1713 1106 517
f 1713 517 1082
f 1082 1797 1713
f 1797 404 1713
f 1713 1939 273
f 1713 404 1939
f 1112 536 1390
f 1390 1223 1112
f 1112 5 536
f 1112 239 1250
f 1112 271 797
f 201 239 1112
f 1112 1223 201
f 1250 271 1112
f 797 1961 1112
f 287 880 1719
f 1823 3 287
f 1719 1823 287
f 287 1374 1824
f 287 337 880
f 3 1374 287
f 815 1587 1362
f 845 1587 815
f 1269 670 315
f 315 951 1269
f 670 311 315
f 1258 883 126
f 126 406 1258
f 1773 1822 527
f 527 392 1773
f 396 1822 1773
f 640 721 200
f 137 721 640
f 1395 29 589
f 360 1145 156
f 156 746 360
f 156 636 746
f 1308 636 156
f 181 64 1838
f 685 1510 181
f 1838 685 181
f 1096 1859 876
f 876 1859 478
f 771 263 913
f 175 56 913
f 913 263 175
f 913 723 771
f 133 723 913
f 913 1723 467
f 913 56 1723
f 1807 1659 254
f 254 556 1807
f 254 231 556
f 254 1586 241
f 1146 1586 254
f 241 231 254
f 1659 646 254
f 254 646 1292
f 1551 531 1948
f 1948 926 1551
f 1551 926 142
f 142 1831 1551
f 1551 1831 1696
f 1928 749 1445
f 1445 749 1015
f 1445 192 1928
f 1295 15 328
f 328 1399 1295
f 1399 1865 1295
f 458 1371 701
f 535 1455 458
f 458 701 535
f 1455 1677 458
f 1919 1371 458
f 458 1677 1207
f 1749 1037 868
f 868 900 1749
f 868 1037 299
f 362 487 1465
f 1465 485 1202
f 1465 1466 362
f 1465 487 485
f 1799 79 682
f 1799 682 1186
f 1186 1513 1799
f 155 353 294
f 155 935 23
f 294 737 155
f 155 1488 1717
f 1717 353 155
f 604 935 155
f 155 737 604
f 155 852 256
f 256 1488 155
f 814 1031 1320
f 1272 814 1320
f 1320 1208 1272
f 1031 1747 1320
f 1320 1681 1208
f 1747 278 1320
f 1320 278 1655
f 94 1918 228
f 228 509 94
f 1078 206 94
f 509 1358 94
f 206 452 94
f 452 1918 94
f 1499 331 448
f 448 331 191
f 1625 330 104
f 104 1247 1625
f 1247 1794 1625
f 1757 124 427
f 427 242 1757
f 242 1375 1757
f 665 1230 1718
f 1718 300 665
f 502 203 1629
f 1629 1842 502
f 1629 203 1216
f 1216 1147 1629
f 1629 1147 1440
f 1591 1780 1741
f 1741 1872 1591
f 1442 1780 1591
f 546 516 812
f 812 1175 546
f 1626 1175 812
f 812 516 846
f 1291 1518 1268
f 1268 1377 1409
f 1268 1518 1377
f 140 238 1785
f 1785 584 140
f 449 952 140
f 584 449 140
f 180 238 140
f 1017 581 140
f 140 952 1017
f 1634 1612 608
f 608 1354 1634
f 608 1640 661
f 608 1482 555
f 391 1354 608
f 555 1640 608
f 661 960 608
f 608 960 1862
f 1612 1482 608
f 1862 132 608
f 608 132 1850
f 895 1040 1312
f 1312 946 895
f 895 700 1040
f 1219 700 895
f 1682 1875 1245
f 1245 430 1682
f 1245 885 1942
f 1245 1132 430
f 1875 885 1245
f 1942 1227 1245
f 828 1526 1750
f 288 1808 828
f 1750 1388 828
f 828 436 1526
f 828 1388 288
f 364 436 828
f 1360 1072 1846
f 1360 1275 1471
f 1360 1092 1890
f 1890 1297 1360
f 1297 1072 1360
f 1846 1275 1360
f 1360 1416 1092
f 1471 1651 1360
f 1360 619 1416
f 456 683 1119
f 1119 503 456
f 456 148 329
f 456 1274 148
f 329 683 456
f 456 1504 1274
f 488 134 1076
f 1076 865 488
f 1924 1550 1619
f 1900 494 1619
f 1619 1550 1900
f 1619 1790 190
f 190 1933 1619
f 1619 1093 1924
f 1933 1093 1619
f 267 974 1762
f 1762 554 267
f 1762 757 554
f 974 1720 1762
f 1830 2 1552
f 1830 1932 923
f 1830 625 1305
f 1830 923 625
f 47 2 1830
f 1830 1552 1932
f 1830 791 47
f 212 801 867
f 1852 1819 867
f 867 420 1852
f 867 1402 420
f 867 1819 1179
f 867 801 1402
f 221 1117 1829
f 1829 1273 221
f 1299 520 1829
f 1829 1117 1166
f 1829 520 230
f 1829 230 1273
f 1829 928 1212
f 1829 1099 928
f 1166 1035 1829
f 1829 1035 734
f 734 1099 1829
f 1212 60 1829
f 1597 182 1506
f 1506 612 873
f 1506 873 1597
f 182 522 1506
f 1688 886 1239
f 1688 778 886
f 1239 306 1688
f 1688 795 266
f 266 13 1688
f 306 795 1688
f 1688 13 1387
f 1401 1795 426
f 426 1514 1401
f 59 623 1260
f 1260 1286 59
f 623 431 1260
f 1260 84 1286

