# https://github.com/mikedh/trimesh
v 0.03616851 -0.02721154 0.01230753
v 0.03697434 -0.00247441 0.02923318
v 0.03209741 -0.02755473 0.01187326
v 0.04150020 -0.00042297 0.01894330
v 0.03892702 -0.01825730 0.01948901
v 0.01272807 -0.00482466 0.02960947
v 0.03540294 -0.00747571 0.02905352
v 0.00382177 -0.00481382 0.02960885
v 0.03276708 -0.01239682 0.02731438
v 0.03761621 -0.02161505 0.01855859
v 0.03950308 -0.00223277 0.00000368
v 0.03606948 -0.02780153 0.01097049
v 0.01441678 -0.00162093 0.02995575
v 0.02992729 -0.01568857 0.02556967
v 0.01782358 -0.00241116 0.02990281
v 0.03719654 -0.02850008 0.00566771
v 0.03655418 -0.01873198 0.02301058
v 0.03512001 -0.00865536 0.02872307
v 0.04100019 -0.02351085 0.00014874
v 0.04100019 -0.02196328 0.00935538
v 0.03558503 -0.01485486 0.02604857
v 0.01533910 -0.01387389 0.02659901
v 0.02825515 -0.01658049 0.02499883
v 0.03704869 -0.01214027 0.02660053
v 0.03858043 -0.00623629 0.02644962
v 0.03610673 -0.02936037 0.00559934
v 0.03505622 -0.02957090 0.00504971
v 0.03598631 -0.02867662 0.00851571
v 0.03566108 -0.02961141 0.00464714
v 0.03605828 -0.00465951 0.02953875
v 0.03690156 -0.01915078 0.02231669
v 0.03698073 -0.02114172 0.02030756
v 0.03365008 -0.02396547 0.01804119
v 0.01356975 -0.00000112 0.02999999
v 0.03654995 -0.02136280 0.02058890
v 0.03906516 -0.01499977 0.02185806
v 0.00436900 -0.00690483 0.02918553
v 0.03070515 -0.02877175 0.00851118
v 0.03912547 -0.02638076 0.00141996
v 0.00430808 -0.01470150 0.02614504
v 0.03573977 -0.02757220 0.01176383
v 0.03647610 -0.02386165 0.01773664
v 0.03326341 -0.01663417 0.02496311
v 0.04150020 -0.01962361 0.01001657
v 0.03693383 -0.02750379 0.01028866
v 0.03649374 -0.02971851 0.00035548
v 0.03619384 -0.02630302 0.01414153
v 0.03809943 -0.00774450 0.02673064
v 0.03702070 -0.00500577 0.02885286
v 0.03238235 -0.02757312 0.01182935
v 0.03603624 -0.00730413 0.02900630
v 0.03706745 -0.02311071 0.01788543
v 0.03714783 -0.02899830 0.00270436
v 0.00711371 -0.00711938 0.02914146
v 0.03885914 -0.00455988 0.02640581
v 0.03755502 -0.00031400 0.02857025
v 0.03557079 -0.02979046 0.00346845
v 0.03950551 -0.00000833 0.00435220
v 0.04150020 -0.01173746 0.01734702
v 0.03283188 -0.02909456 0.00731148
v 0.03256145 -0.02983276 0.00316332
v 0.03564703 -0.02995654 0.00131870
v 0.03720907 -0.01272256 0.02610360
v 0.03901479 -0.01723203 0.02024342
v 0.00518216 -0.01190344 0.02753407
v 0.00388043 -0.00946938 0.02846420
v 0.03885910 -0.00601401 0.02611255
v 0.03045006 -0.01492221 0.02602430
v 0.03706918 -0.02919817 0.00118083
v 0.03335802 -0.01383420 0.02661976
v 0.03326614 -0.00486960 0.02960196
v 0.02753120 -0.00000036 0.03000000
v 0.03726829 -0.02014802 0.02080457
v 0.03615451 -0.00927211 0.02840437
v 0.02066178 -0.01638223 0.02512795
v 0.03808171 -0.02701696 0.00677015
v 0.00504933 -0.00442701 0.02965890
v 0.03681299 -0.01562898 0.02500193
v 0.00000044 -0.00258384 0.02837774
v 0.03141555 -0.00852803 0.02876219
v 0.03564645 -0.01724082 0.02453591
v 0.03707951 -0.01604927 0.02440760
v 0.03006562 -0.02754506 0.01189750
v 0.02491011 -0.01811338 0.02392019
v 0.00594997 -0.00508525 0.02956585
v 0.03689007 -0.00140792 0.02937236
v 0.03692126 -0.02825605 0.00804673
v 0.03775512 -0.02045731 0.01955456
v 0.03539540 -0.02558258 0.01565806
v 0.03978362 -0.02409625 0.00845705
v 0.03417629 -0.02948094 0.00554351
v 0.03638311 -0.02640719 0.01375713
v 0.04087486 -0.01817237 0.01575805
v 0.03384513 -0.02306867 0.01917837
v 0.00019042 -0.01755512 0.02430568
v 0.04012552 -0.02211318 0.01181526
v 0.03703288 -0.00851777 0.02799657
v 0.03854544 -0.00001752 0.02722419
v 0.03779295 -0.02422303 0.01453182
v 0.03465871 -0.01558397 0.02563449
v 0.00013231 -0.01736971 0.02099996
v 0.03195769 -0.00086975 0.02998572
v 0.01831907 -0.00943276 0.02847815
v 0.00457259 -0.01005262 0.02824510
v 0.00125617 -0.00212453 0.02991087
v 0.03344273 -0.02983666 0.00311776
v 0.03642646 -0.02864245 0.00804064
v 0.03500280 -0.01570717 0.02555635
v 0.02708913 -0.02050666 0.02189834
v 0.03688682 -0.02180203 0.01974847
v 0.03664375 -0.01034415 0.02774354
v 0.04040752 -0.02468256 0.00029976
v 0.03679680 -0.02916294 0.00437521
v 0.00198498 -0.00500274 0.02956891
v 0.03715050 -0.00876554 0.02776974
v 0.03632532 -0.01661820 0.02472133
v 0.03821758 -0.02710488 0.00554818
v 0.03586744 -0.02889910 0.00787118
v 0.03678253 -0.02700283 0.01192305
v 0.00795270 -0.01403562 0.02651146
v 0.03589438 -0.01464460 0.02610576
v 0.00878331 -0.00148092 0.02996206
v 0.03364777 -0.02403596 0.01794846
v 0.02898501 -0.02998479 0.00000249
v 0.04086594 -0.02384678 0.00320996
v 0.02359064 -0.00345093 0.02978890
v 0.03579349 -0.01203957 0.02743166
v 0.03740499 -0.02739404 0.00880848
v 0.03058796 -0.02920018 0.00689393
v 0.03839114 -0.02165896 0.01683186
v 0.02880732 -0.02230614 0.02005503
v 0.00591981 -0.01500738 0.02597583
v 0.03759134 -0.02841965 0.00240402
v 0.04062273 -0.00014868 0.02439484
v 0.03805107 -0.01523761 0.02336591
v 0.03080783 -0.01565011 0.02559376
v 0.02310349 -0.01532492 0.02578811
v 0.03800089 -0.02081980 0.01866313
v 0.00309224 -0.01183505 0.02756139
v 0.04005601 -0.02516572 0.00006861
v 0.01174247 -0.01497141 0.02599724
v 0.03664898 -0.02955001 0.00185101
v 0.02736827 -0.00240015 0.02990345
v 0.03656505 -0.00771239 0.02864013
v 0.03698067 -0.02336406 0.01772446
v 0.03549071 -0.02478174 0.01688908
v 0.03895779 -0.00328533 0.02645709
v 0.03609839 -0.00255400 0.02978755
v 0.03528872 -0.02099094 0.02143047
v 0.03869924 -0.02005988 0.01808634
v 0.03602344 -0.01748296 0.02428278
v 0.04036013 -0.01618871 0.01872554
v 0.03447902 -0.02896690 0.00780130
v 0.03636017 -0.02722336 0.01209204
v 0.03923288 -0.01004545 0.02429284
v 0.03801687 -0.02786791 0.00193776
v 0.02913998 -0.02479734 0.01688145
v 0.03528904 -0.02255114 0.01978287
v 0.04073764 -0.00643425 0.02336838
v 0.00044708 -0.00437776 0.02965213
v 0.03716317 -0.00490430 0.02868720
v 0.03579070 -0.00395582 0.02969061
v 0.04150020 -0.00096989 0.00007783
v 0.03740757 -0.01264212 0.02584309
v 0.03091193 -0.02923266 0.00675627
v 0.00372068 -0.00177917 0.02994246
v 0.03512287 -0.02752181 0.01193982
v 0.03859611 -0.01047132 0.02505620
v 0.03522904 -0.02848840 0.00936657
v 0.00498462 -0.00229335 0.02991082
v 0.02776150 -0.02033711 0.02205534
v 0.03506979 -0.02264646 0.01967478
v 0.03610607 -0.02898432 0.00728246
v 0.02979710 -0.01182869 0.02756954
v 0.01031184 -0.00961541 0.02841416
v 0.03772136 -0.02377250 0.01542994
v 0.04080973 -0.02379795 0.00402136
v 0.03527937 -0.02415707 0.01778557
v 0.00588820 -0.01580680 0.02549380
v 0.03775903 -0.00139154 0.02825746
v 0.03874220 -0.00918886 0.02534261
v 0.04092866 -0.02159355 0.01042530
v 0.04148345 -0.02247028 0.00040610
v 0.03478532 -0.02681049 0.01346033
v 0.00633989 -0.01393019 0.02656929
v 0.03576500 -0.01857398 0.02350522
v 0.00428928 -0.00700822 0.02916372
v 0.03422163 -0.02831123 0.00991765
v 0.03290466 -0.00419239 0.02970493
v 0.03268931 -0.02988752 0.00250185
v 0.03800340 -0.02696710 0.00735319
v 0.03519198 -0.02116204 0.02125844
v 0.03688672 -0.02604010 0.01370843
v 0.00192345 -0.01391781 0.02657118
v 0.02562772 -0.01903604 0.02318726
v 0.03207015 -0.02997476 0.00090406
v 0.00318617 -0.00150667 0.02995037
v 0.03922160 -0.00767759 0.02515717
v 0.03990597 -0.01589620 0.01977323
v 0.03975762 -0.00761500 0.02441343
v 0.02300572 -0.00043064 0.02999477
v 0.04025244 -0.00859145 0.02337180
v 0.03363026 -0.01194627 0.02751792
v 0.03026493 -0.02687670 0.01334467
v 0.03529435 -0.01165217 0.02764411
v 0.03916316 -0.00391433 0.02608432
v 0.04087866 -0.02383848 0.00314737
v 0.03516723 -0.00470488 0.02962694
v 0.02978355 -0.02548448 0.01582108
v 0.03682342 -0.01914493 0.02241967
v 0.03758279 -0.01822618 0.02195434
v 0.03710728 -0.02642997 0.01235143
v 0.03747055 -0.01287826 0.02563375
v 0.04065365 -0.02092205 0.01246091
v 0.03823113 -0.00628073 0.02692812
v 0.00458815 -0.00123883 0.02996713
v 0.04150020 -0.02056039 0.00000151
v 0.02849662 -0.00369212 0.02976247
v 0.03713502 -0.00210979 0.02906453
v 0.03765670 -0.01659219 0.02309009
v 0.03508535 -0.00737754 0.02907832
v 0.03241295 -0.01486794 0.02605412
v 0.03492247 -0.01658329 0.02499524
v 0.03499787 -0.01356708 0.02675602
v 0.04099892 -0.02373192 0.00265365
v 0.03605009 -0.01621648 0.02511347
v 0.04100019 -0.02045394 0.01222410
v 0.03404605 -0.02425001 0.01765483
v 0.02896801 -0.02971562 0.00381469
v 0.00236732 -0.01547639 0.02569019
v 0.00381497 -0.00252024 0.02988720
v 0.02793407 -0.02150260 0.02091814
v 0.00487583 -0.00773204 0.02897824
v 0.03726711 -0.00651707 0.02821902
v 0.03763596 -0.00682200 0.02763150
v 0.03554478 -0.01491908 0.02601949
v 0.03878444 -0.02209824 0.01532999
v 0.02976916 -0.02689921 0.01329777
v 0.03440927 -0.00050035 0.02999498
v 0.03749825 -0.02815141 0.00531296
v 0.03733643 -0.01952686 0.02126019
v 0.04097631 -0.00243550 0.02378548
v 0.00006165 -0.00631502 0.02929228
v 0.03720164 -0.02796256 0.00784144
v 0.03676611 -0.01159777 0.02715213
v 0.01191847 -0.01593755 0.02541518
v 0.03536173 -0.02878914 0.00843516
v 0.03666618 -0.02920029 0.00485304
v 0.03516932 -0.02605871 0.01486334
v 0.03580753 -0.02071205 0.02164714
v 0.03971899 -0.02097616 0.01471490
v 0.04093904 -0.02341292 0.00509234
v 0.00504182 -0.01756285 0.02430554
v 0.03607782 -0.02851872 0.00893338
v 0.00027309 -0.00006918 0.02998436
v 0.01100429 -0.00009502 0.02999914
v 0.03561321 -0.02868611 0.00871773
v 0.02881992 -0.02293451 0.01933836
v 0.03769013 -0.02671004 0.00960618
v 0.04150020 -0.01308093 0.01666305
v 0.03933893 -0.01489337 0.02147929
v 0.00502651 -0.00725945 0.02910621
v 0.04150020 -0.00003906 0.00015503
v 0.00009377 -0.00358822 0.02974636
v 0.03290168 -0.02878796 0.00844828
v 0.00281076 -0.00582414 0.02940645
v 0.03749187 -0.01568524 0.02398129
v 0.03041579 -0.02372550 0.01835470
v 0.03273020 -0.00926226 0.02853403
v 0.03079224 -0.02884254 0.00825407
v 0.00960893 -0.01611391 0.02530286
v 0.03569327 -0.02565773 0.01549565
v 0.03947705 -0.00888595 0.02438838
v 0.01421422 -0.01149037 0.02770696
v 0.03039397 -0.02424321 0.01766673
v 0.03540778 -0.02920635 0.00684963
v 0.00968479 -0.01607553 0.02532742
v 0.00549507 -0.00483189 0.02960819
v 0.03652447 -0.02672246 0.01292324
v 0.01755212 -0.01168922 0.02762848
v 0.03723877 -0.00228826 0.02891009
v 0.00618163 -0.00944279 0.02847464
v 0.00558883 -0.00179736 0.02994396
v 0.03741171 -0.02874885 0.00083267
v 0.03626423 -0.01382576 0.02642793
v 0.03606855 -0.00904606 0.02849753
v 0.04057523 -0.02327944 0.00750333
v 0.03395366 -0.02908277 0.00735456
v 0.03532924 -0.02150354 0.02090836
v 0.03161454 -0.01082947 0.02797418
v 0.03548269 -0.02470735 0.01699580
v 0.03680790 -0.02663110 0.01264533
v 0.03102804 -0.02372250 0.01835821
v 0.00190901 -0.01408701 0.02647818
v 0.02017820 -0.01205691 0.02746936
v 0.00122992 -0.00236575 0.02989549
v 0.04100019 -0.00013304 0.02337768
v 0.03564200 -0.02522089 0.01622504
v 0.02919000 -0.02958915 0.00493096
v 0.04005224 -0.00330971 0.02495099
v 0.03639565 -0.02202994 0.02001077
v 0.03444440 -0.00481874 0.02960965
v 0.03657989 -0.02781225 0.01028927
v 0.03604661 -0.00216158 0.02982329
v 0.04079380 -0.01280624 0.02048398
v 0.03692249 -0.00244984 0.02928791
v 0.03041273 -0.02955589 0.00515899
v 0.03532897 -0.01821115 0.02383623
v 0.00449625 -0.00284598 0.02984991
v 0.00023374 -0.01684697 0.02479116
v 0.03783049 -0.01456383 0.02414368
v 0.02919905 -0.02386492 0.01817045
v 0.03525269 -0.02815544 0.01034177
v 0.03633268 -0.02480869 0.01648816
v 0.03684410 -0.02935650 0.00240346
v 0.03544770 -0.01803716 0.02397069
v 0.03678623 -0.02948630 0.00117123
v 0.03647325 -0.00269647 0.02960835
v 0.03566846 -0.00696940 0.02916502
v 0.03592387 -0.01020558 0.02813424
v 0.04059744 -0.01338818 0.02043472
v 0.03643401 -0.01920531 0.02273108
v 0.03631172 -0.02967675 0.00276966
v 0.03465051 -0.00029522 0.02999845
v 0.03710449 -0.02263624 0.01840408
v 0.03620979 -0.01024984 0.02802512
v 0.03576796 -0.02164163 0.02071616
v 0.03848111 -0.01758111 0.02089890
v 0.00053423 -0.00881037 0.02864896
v 0.03640363 -0.00862079 0.02847873
v 0.03591363 -0.02302918 0.01912067
v 0.03676577 -0.02225711 0.01941501
v 0.03629595 -0.02501950 0.01621146
v 0.03257272 -0.02038677 0.02200545
v 0.02365997 -0.01819158 0.02386127
v 0.04052462 -0.00416018 0.02417432
v 0.03653499 -0.00592885 0.02907684
v 0.04010093 -0.02293817 0.01019644
v 0.03178191 -0.02509852 0.01643233
v 0.03679101 -0.02950929 0.00050934
v 0.00966732 -0.01408451 0.02648458
v 0.03702229 -0.02214803 0.01916090
v 0.00348958 -0.01645114 0.02506673
v 0.03770141 -0.01268086 0.02538085
v 0.03501572 -0.01577085 0.02551556
v 0.04095238 -0.00510975 0.02339546
v 0.03981571 -0.01394716 0.02134059
v 0.02898302 -0.02564679 0.01554455
v 0.00457582 -0.00456755 0.02964152
v 0.03997192 -0.02485745 0.00460060
v 0.03559799 -0.01078318 0.02798079
v 0.03979679 -0.00069462 0.02551007
v 0.02657385 -0.01212881 0.02743780
v 0.04087756 -0.00443139 0.02363250
v 0.03911347 -0.02020925 0.01706175
v 0.00417947 -0.01563212 0.02559837
v 0.03973943 -0.02115881 0.01439686
v 0.03668460 -0.02943482 0.00313039
v 0.03661820 -0.02953125 0.00241169
v 0.03902341 -0.00587486 0.02591459
v 0.03557796 -0.01889378 0.02328378
v 0.04150020 -0.00423088 0.01928177
v 0.03407107 -0.00042926 0.02999618
v 0.04098247 -0.00971137 0.02184006
v 0.03673907 -0.02955707 0.00018947
v 0.03779462 -0.02348120 0.01569322
v 0.03661914 -0.02477877 0.01624909
v 0.03427902 -0.02832444 0.00987713
v 0.03947217 -0.02224348 0.01338717
v 0.03611707 -0.02668453 0.01343598
v 0.02970212 -0.02923843 0.00673372
v 0.02921677 -0.02398725 0.01800954
v 0.03582064 -0.01012773 0.02818404
v 0.03710470 -0.02894930 0.00367927
v 0.02834979 -0.02079053 0.02162918
v 0.03708587 -0.02058606 0.02072110
v 0.00632171 -0.00512468 0.02955860
v 0.03873514 -0.02228485 0.01517952
v 0.03326872 -0.02512372 0.01639408
v 0.03669001 -0.01245359 0.02682506
v 0.04096428 -0.02392010 0.00034338
v 0.03542290 -0.02966768 0.00437263
v 0.04033327 -0.02413388 0.00565291
v 0.03646609 -0.02392356 0.01765756
v 0.03554118 -0.02121852 0.02119794
v 0.00380993 -0.00480622 0.02961009
v 0.03308527 -0.02987176 0.00269331
v 0.03470625 -0.01477134 0.02610681
v 0.03207300 -0.02303606 0.01921791
v 0.03752586 -0.00695743 0.02775047
v 0.03762319 -0.00240896 0.02837700
v 0.03790955 -0.02793652 0.00291827
v 0.04020028 -0.00343538 0.02472948
v 0.03841558 -0.01918388 0.01956411
v 0.03622206 -0.02303819 0.01895936
v 0.03577070 -0.02566214 0.01546135
v 0.03714511 -0.01855111 0.02245967
v 0.03868910 -0.02698813 0.00118047
v 0.03703814 -0.02923574 0.00125936
v 0.04084237 -0.01057967 0.02164695
v 0.03647253 -0.02803477 0.00990205
v 0.02958553 -0.02467387 0.01705633
v 0.03758888 -0.00953953 0.02688280
v 0.03123533 -0.02207494 0.02031373
v 0.00371086 -0.01595097 0.02540558
v 0.03802808 -0.00787678 0.02679327
v 0.03634549 -0.01679142 0.02459556
v 0.00488979 -0.01793342 0.02405023
v 0.03453773 -0.00516798 0.02955060
v 0.02527887 -0.01930377 0.02296612
v 0.02999211 -0.02074880 0.02166858
v 0.02448370 -0.01881910 0.02336648
v 0.00347501 -0.01184196 0.02755936
v 0.03665734 -0.02911964 0.00542158
v 0.03703059 -0.02819633 0.00785509
v 0.03695732 -0.00031704 0.02935630
v 0.03634941 -0.01571000 0.02530961
v 0.03900435 -0.02442450 0.01053128
v 0.03713798 -0.02480233 0.01528990
v 0.03748734 -0.02193724 0.01844264
v 0.00482142 -0.00031052 0.02999184
v 0.02972566 -0.01795729 0.02403494
v 0.02989910 -0.02859216 0.00906738
v 0.02826882 -0.02190630 0.02048769
v 0.03781578 -0.01825345 0.02151622
v 0.03546613 -0.00090349 0.02998442
v 0.02487194 -0.01857460 0.02356176
v 0.03768427 -0.02164993 0.01837285
v 0.03892893 -0.01926703 0.01848719
v 0.03049795 -0.01155739 0.02768410
v 0.03864369 -0.00231674 0.02699115
v 0.03847755 -0.02677707 0.00538436
v 0.03934272 -0.02307996 0.01226777
v 0.00724570 -0.01392625 0.02657137
v 0.03683985 -0.01172373 0.02702871
v 0.03564351 -0.01084264 0.02795142
v 0.03428633 -0.02068427 0.02172721
v 0.01811295 -0.00728725 0.02910106
v 0.03673590 -0.02231181 0.01938558
v 0.02926420 -0.02608470 0.01483140
v 0.04086280 -0.00879264 0.02240115
v 0.03326254 -0.00849036 0.02877291
v 0.02935077 -0.02880607 0.00838528
v 0.02948081 -0.02992282 0.00207017
v 0.03663411 -0.01033700 0.02775250
v 0.00042900 -0.00693329 0.02916840
v 0.04100019 -0.01601365 0.01754872
v 0.03553215 -0.01612189 0.02528840
v 0.03601464 -0.01281200 0.02702271
v 0.01060043 -0.00719185 0.02912504
v 0.03703683 -0.00724436 0.02835492
v 0.02909968 -0.02514210 0.01636388
v 0.00109693 -0.01166624 0.02762673
v 0.03705335 -0.02741512 0.01017845
v 0.03637021 -0.02423712 0.01728827
v 0.03255406 -0.02442596 0.01740615
v 0.04150020 -0.01754027 0.01276349
v 0.03735874 -0.02881781 0.00089957
v 0.04037412 -0.00102517 0.02471278
v 0.03742906 -0.01126867 0.02644348
v 0.03717553 -0.00317421 0.02891346
v 0.03764384 -0.02160358 0.01851433
v 0.03667668 -0.02747283 0.01098329
v 0.03751710 -0.00132150 0.02858880
v 0.02910603 -0.02666307 0.01374945
v 0.02876044 -0.00095244 0.02998252
v 0.02634145 -0.01539106 0.02574894
v 0.04063330 -0.00763628 0.02315195
v 0.03657122 -0.01143040 0.02738379
v 0.03725190 -0.00264138 0.02886288
v 0.03409675 -0.02618276 0.01464672
v 0.01940662 -0.00160824 0.02995661
v 0.02950755 -0.02443372 0.01739703
v 0.00247725 -0.00706113 0.02914754
v 0.03660636 -0.01013003 0.02784738
v 0.02916045 -0.02455300 0.01722804
v 0.00453761 -0.00832258 0.02881817
v 0.01964231 -0.00850664 0.02876850
v 0.02890004 -0.02474640 0.01694687
v 0.00460302 -0.01102325 0.02787610
v 0.02026883 -0.00715516 0.02913421
v 0.00544462 -0.00528049 0.02952520
v 0.03630087 -0.02941047 0.00483407
v 0.02894103 -0.01794932 0.02404106
v 0.03984509 -0.00351179 0.02520620
v 0.03717132 -0.02711604 0.01053924
v 0.01045544 -0.00274492 0.02986623
v 0.03669090 -0.02576093 0.01453043
v 0.03765724 -0.02842917 0.00036348
v 0.01629453 -0.00011271 0.02999941
v 0.04035933 -0.00735680 0.02363580
v 0.00164705 -0.01799220 0.02388543
v 0.03461860 -0.02923547 0.00672947
v 0.03651686 -0.01550336 0.02533895
v 0.00569421 -0.00007824 0.02999830
v 0.00295368 -0.01526644 0.02581556
v 0.03549336 -0.02824885 0.01009958
v 0.02529453 -0.01922095 0.02303508
v 0.03630408 -0.02945636 0.00450703
v 0.03244949 -0.02300790 0.01925129
v 0.02930300 -0.02995581 0.00158260
v 0.03671511 -0.01953233 0.02218551
v 0.03869239 -0.00629489 0.02627840
v 0.04015521 -0.02379026 0.00778167
v 0.03952265 -0.01775033 0.01885300
v 0.00203313 -0.00897647 0.02861300
v 0.00447052 -0.00934229 0.02850571
v 0.03546126 -0.02548962 0.01581177
v 0.03622892 -0.02048595 0.02169370
v 0.02943118 -0.02978341 0.00358666
v 0.04100019 -0.00003132 0.02213250
v 0.03993150 -0.00099014 0.02531694
v 0.04089001 -0.02330933 0.00579315
v 0.03563563 -0.02007245 0.02225985
v 0.03804633 -0.00456515 0.02752335
v 0.03679198 -0.01486494 0.02547837
v 0.03596348 -0.00233371 0.02984092
v 0.03939757 -0.02562085 0.00477413
v 0.02362420 -0.01824690 0.02381888
v 0.02903284 -0.02888811 0.00807474
v 0.03736900 -0.01554364 0.02427274
v 0.03723256 -0.02316113 0.01746523
v 0.03642520 -0.02412247 0.01741051
v 0.03650916 -0.00503387 0.02927635
v 0.04100019 -0.00921156 0.02200140
v 0.01154950 -0.01194385 0.02751840
v 0.03695642 -0.00634977 0.02864607
v 0.03677733 -0.02755693 0.01054538
v 0.03553563 -0.02904699 0.00748435
v 0.03507700 -0.01155462 0.02768527
v 0.04027524 -0.02476118 0.00228209
v 0.02321444 -0.01498085 0.02599172
v 0.03532300 -0.01997363 0.02237168
v 0.03198423 -0.02980604 0.00341688
v 0.03685042 -0.00845827 0.02820653
v 0.03730831 -0.00700914 0.02804275
v 0.03634977 -0.02386399 0.01784345
v 0.03659594 -0.01975253 0.02209912
v 0.03821828 -0.01265872 0.02460285
v 0.03076913 -0.00850175 0.02876983
v 0.03959000 -0.01797556 0.01851018
v 0.03709152 -0.02543226 0.01432802
v 0.03943861 -0.00115387 0.02598164
v 0.00621969 -0.01605449 0.02534128
v 0.03518348 -0.02995186 0.00169553
v 0.00803691 -0.00263213 0.02987835
v 0.00206877 -0.01614967 0.02527154
v 0.04083839 -0.01303789 0.02026829
v 0.02906505 -0.02027839 0.02210889
v 0.03713248 -0.02395418 0.01659049
v 0.03560993 -0.01562570 0.02560034
v 0.03860979 -0.00011627 0.02713615
v 0.02900804 -0.02830993 0.00993286
v 0.03530477 -0.01035964 0.02814732
v 0.03706224 -0.02422784 0.01635252
v 0.00338729 -0.01797333 0.02401999
v 0.00002657 -0.01547147 0.02391437
v 0.03533907 -0.02803682 0.01064668
v 0.03067054 -0.02992180 0.00208467
v 0.03599141 -0.02982671 0.00228735
v 0.02951515 -0.02691952 0.01325409
v 0.03106507 -0.02540073 0.01596011
v 0.02945136 -0.02370313 0.01838347
v 0.04094280 -0.02038759 0.01258445
v 0.01075458 -0.01782508 0.02412901
v 0.03441573 -0.00059134 0.02999339
v 0.02916741 -0.02836096 0.00977639
v 0.03727036 -0.01128979 0.02666950
v 0.00465025 -0.01082509 0.02795149
v 0.03995361 -0.00778157 0.02408064
v 0.02583014 -0.01106607 0.02787894
v 0.03605224 -0.00932663 0.02842231
v 0.03566842 -0.00322989 0.02980309
v 0.00493519 -0.01351569 0.02676753
v 0.00720955 -0.00476364 0.02961893
v 0.03772978 -0.00656471 0.02756226
v 0.03943745 -0.02458194 0.00849308
v 0.03704895 -0.02689396 0.01150799
v 0.04052842 -0.02443742 0.00199548
v 0.02800020 -0.02767921 0.00002453
v 0.03255643 -0.02907648 0.00738007
v 0.00007942 -0.01799263 0.02196908
v 0.03461873 -0.02896240 0.00781722
v 0.03736500 -0.02869569 0.00276596
v 0.00003016 -0.00285858 0.02983423
v 0.03748075 -0.02002385 0.02052348
v 0.01379876 -0.01588134 0.02545060
v 0.03725570 -0.02400718 0.01622895
v 0.03647196 -0.02312699 0.01865802
v 0.03557167 -0.01162804 0.02764991
v 0.03601403 -0.00454132 0.02956791
v 0.03564083 -0.01746590 0.02437971
v 0.00005346 -0.00842780 0.02875534
v 0.02825644 -0.02250408 0.01983097
v 0.00681241 -0.00152464 0.02996032
v 0.04099311 -0.02380553 0.00194258
v 0.02728262 -0.01651823 0.02503902
v 0.01012933 -0.00243283 0.02990067
v 0.01002768 -0.01794412 0.02404452
v 0.00456218 -0.00457280 0.02964084
v 0.03612052 -0.02696631 0.01285025
v 0.03644187 -0.02934984 0.00479524
v 0.03397545 -0.00272979 0.02986850
v 0.03583307 -0.01988383 0.02239347
v 0.03241403 -0.02979994 0.00345997
v 0.03720697 -0.02552840 0.01383601
v 0.01877931 -0.01523603 0.02584076
v 0.03696757 -0.02059418 0.02090822
v 0.00903738 -0.01494751 0.02601039
v 0.03474651 -0.00500401 0.02957955
v 0.04067875 -0.02291869 0.00812969
v 0.03767019 -0.01928624 0.02086575
v 0.03505600 -0.00906646 0.02859674
v 0.02930534 -0.02374495 0.01832836
v 0.03788010 -0.02788640 0.00367737
v 0.02965492 -0.02055618 0.02185159
v 0.03478360 -0.02954752 0.00519097
v 0.04065719 -0.01783199 0.01657465
v 0.03552754 -0.00186083 0.02993794
v 0.03641319 -0.00568835 0.02919924
v 0.03673210 -0.00254858 0.02945056
v 0.00503726 -0.00956715 0.02843016
v 0.03741009 -0.00810455 0.02760394
v 0.03087613 -0.02423750 0.01767452
v 0.03080518 -0.02996526 0.00124408
v 0.03609125 -0.01054644 0.02795701
v 0.03643332 -0.02972648 0.00120596
v 0.02922345 -0.02996678 0.00119026
v 0.00684423 -0.01396284 0.02655138
v 0.00031875 -0.00541800 0.02947580
v 0.03711008 -0.02886233 0.00424451
v 0.03625005 -0.00667521 0.02907322
v 0.03482231 -0.00580721 0.02943202
v 0.00045770 -0.01382675 0.02661226
v 0.04007718 -0.01357774 0.02115371
v 0.03517515 -0.02512748 0.01638886
v 0.04082111 -0.00278069 0.02396199
v 0.03674669 -0.00720439 0.02865165
v 0.00509616 -0.00013765 0.02999652
v 0.02918210 -0.01221527 0.02739908
v 0.03509586 -0.01150148 0.02770757
v 0.02173525 -0.01805729 0.02396434
v 0.03510053 -0.02624462 0.01453075
v 0.03726169 -0.02070592 0.02026086
v 0.03524628 -0.01716457 0.02459987
v 0.03670456 -0.02922861 0.00444141
v 0.03947140 -0.00762779 0.02481710
v 0.03747521 -0.01430748 0.02485561
v 0.03381605 -0.02662945 0.01381558
v 0.03457873 -0.01749213 0.02437148
v 0.03859415 -0.00603782 0.02647660
v 0.03548999 -0.02969656 0.00417059
v 0.03585450 -0.00601854 0.02932889
v 0.04035840 -0.00958449 0.02282709
v 0.03875429 -0.01013423 0.02495809
v 0.03695683 -0.02387927 0.01704996
v 0.03652557 -0.00457049 0.02933965
v 0.03954862 -0.01961853 0.01684430
v 0.02985241 -0.02760842 0.01175353
v 0.00563978 -0.00475586 0.02961943
v 0.03841879 -0.02593048 0.00883509
v 0.03620312 -0.02423694 0.01742315
v 0.00004670 -0.01201749 0.02746538
v 0.02847600 -0.00940603 0.02848657
v 0.04067016 -0.00166754 0.02427125
v 0.03749006 -0.02864631 0.00074316
v 0.03584012 -0.02523310 0.01615134
v 0.02837248 -0.02239101 0.01995929
v 0.03045925 -0.00923262 0.02854354
v 0.02449852 -0.01834511 0.02374201
v 0.00480704 -0.01690898 0.02475396
v 0.01867306 -0.01525965 0.02582653
v 0.03654489 -0.01777441 0.02376276
v 0.03635443 -0.02964313 0.00297871
v 0.02777462 -0.00921246 0.02854997
v 0.03496259 -0.02748693 0.01201871
v 0.03688637 -0.01353215 0.02612786
v 0.03996827 -0.02406291 0.00776844
v 0.03433508 -0.00508381 0.02956610
v 0.03696047 -0.02935009 0.00056159
v 0.04067655 -0.01835419 0.01596043
v 0.04082558 -0.01498339 0.01890155
v 0.00460793 -0.00156008 0.02995863
v 0.03532394 -0.01286169 0.02709357
v 0.00694631 -0.01584466 0.02547120
v 0.03714043 -0.01601105 0.02433767
v 0.03744367 -0.02872263 0.00014647
v 0.03778127 -0.02589397 0.01132944
v 0.03923930 -0.02161390 0.01494436
v 0.03622439 -0.00521515 0.02938426
v 0.00072221 -0.00664051 0.02922966
v 0.04088312 -0.01148432 0.02111691
v 0.03592208 -0.02971387 0.00363300
v 0.00006724 -0.01673274 0.02099998
v 0.03483550 -0.02518779 0.01629501
v 0.03917208 -0.02620290 0.00295425
v 0.03672442 -0.00813546 0.02840422
v 0.03538429 -0.02303091 0.01922367
v 0.00462236 -0.00117788 0.02996877
v 0.04078076 -0.01138151 0.02133383
v 0.02915552 -0.02750837 0.01197801
v 0.03114239 -0.02279246 0.01950487
v 0.04147401 -0.02152822 0.00599703
v 0.04097994 -0.00253510 0.02377014
v 0.03543110 -0.02997581 0.00085161
v 0.03535806 -0.02636569 0.01430890
v 0.00408483 -0.01486356 0.02605536
v 0.03684841 -0.02869324 0.00662155
v 0.03863683 -0.00422890 0.02676141
v 0.03552207 -0.01997058 0.02237022
v 0.01184498 -0.00865392 0.02872350
v 0.03743552 -0.02300561 0.01720904
v 0.03350423 -0.02532515 0.01608061
v 0.03633326 -0.02976346 0.00133675
v 0.04093907 -0.02127144 0.01102529
v 0.03619942 -0.00245560 0.02976002
v 0.00125810 -0.01773143 0.02418558
v 0.03767337 -0.01052990 0.02638228
v 0.03719152 -0.02301942 0.01774041
v 0.00119579 -0.00923702 0.02853026
v 0.03652022 -0.00018034 0.02970071
v 0.03547075 -0.01132632 0.02777750
v 0.03231818 -0.01566327 0.02558521
v 0.03829284 -0.02672915 0.00673449
v 0.03638784 -0.00076795 0.02975637
v 0.03567708 -0.01787507 0.02406746
v 0.03620973 -0.02821353 0.00978516
v 0.03710346 -0.02563359 0.01393643
v 0.04150020 -0.02047638 0.00832479
v 0.03638839 -0.02520020 0.01586332
v 0.03833616 -0.00045015 0.02750396
v 0.00008367 -0.01799263 0.02361625
v 0.03557292 -0.02851845 0.00926342
v 0.02959988 -0.02412855 0.01782391
v 0.03438212 -0.00067391 0.02999194
v 0.03203230 -0.01566394 0.02558486
v 0.03714208 -0.01992117 0.02125851
v 0.04085948 -0.00023374 0.02407091
v 0.03977936 -0.02178564 0.01333417
v 0.00406760 -0.00844425 0.02878241
v 0.03511552 -0.00008842 0.02999953
v 0.03838540 -0.01765437 0.02100759
v 0.04073221 -0.02062429 0.01274689
v 0.00029066 -0.00741859 0.02904788
v 0.03907747 -0.01035225 0.02439453
v 0.02106959 -0.01579269 0.02550543
v 0.03964087 -0.02499280 0.00610650
v 0.03596540 -0.00411825 0.02963658
v 0.02976768 -0.02981287 0.00336290
v 0.00269644 -0.00173084 0.02993765
v 0.03579723 -0.02053994 0.02180624
v 0.02994012 -0.02954634 0.00521356
v 0.03735621 -0.00954618 0.02721550
v 0.00015933 -0.01562887 0.02558655
v 0.04062079 -0.00847186 0.02288101
v 0.03475328 -0.02615669 0.01469166
v 0.03713788 -0.02120151 0.01998504
v 0.03496615 -0.01378841 0.02664338
v 0.03673697 -0.00326878 0.02935762
v 0.02956531 -0.00238115 0.02990470
v 0.02652689 -0.01466545 0.02616538
v 0.01286236 -0.00724976 0.02911039
v 0.03648040 -0.02252019 0.01940144
v 0.02914238 -0.02829378 0.00998199
v 0.03589552 -0.02484042 0.01670339
v 0.03615010 -0.01130824 0.02765468
v 0.00464264 -0.00378964 0.02973589
v 0.03505350 -0.02497125 0.01661828
v 0.03453561 -0.01771445 0.02421026
v 0.03631367 -0.02494217 0.01630955
v 0.03377957 -0.00161063 0.02995645
v 0.03713253 -0.02872911 0.00488099
v 0.02573217 -0.01947801 0.02281816
v 0.04150020 -0.02221145 0.00267842
v 0.04082910 -0.02183612 0.01022304
v 0.03648143 -0.00230199 0.02963102
v 0.03700479 -0.00932516 0.02777938
v 0.03597946 -0.02703513 0.01281113
v 0.00502614 -0.01549116 0.02568394
v 0.03876907 -0.02032399 0.01765252
v 0.03604370 -0.02896499 0.00745996
v 0.03573069 -0.00234071 0.02988499
v 0.03925240 -0.02615049 0.00238383
v 0.02860197 -0.02035940 0.02203439
v 0.01746462 -0.01509745 0.02592354
v 0.03685271 -0.00924571 0.02797416
v 0.03321215 -0.01540203 0.02574360
v 0.00033892 -0.01193693 0.02750391
v 0.03325467 -0.02535201 0.01603847
v 0.00720853 -0.00947090 0.02846577
v 0.03568708 -0.02652383 0.01399140
v 0.04150020 -0.00324119 0.01935991
v 0.01019414 -0.01183322 0.02756755
v 0.03601727 -0.02747033 0.01186270
v 0.02904939 -0.02519404 0.01628265
v 0.03829485 -0.00783332 0.02642726
v 0.00061611 -0.00083518 0.02995752
v 0.03580026 -0.02597388 0.01491395
v 0.03848011 -0.00882028 0.02584650
v 0.02920714 -0.02962500 0.00468301
v 0.03981116 -0.02531003 0.00309120
v 0.03561981 -0.02593347 0.01504416
v 0.01210166 -0.01416606 0.02643977
v 0.00643008 -0.00857745 0.02874680
v 0.04096098 -0.02071814 0.01197389
v 0.03742134 -0.01038504 0.02680575
v 0.03598164 -0.02555982 0.01555441
v 0.03552446 -0.00951252 0.02844668
v 0.04073353 -0.00618427 0.02344255
v 0.03502555 -0.00335068 0.02980018
v 0.03505462 -0.02994929 0.00173331
v 0.03582340 -0.02612430 0.01464647
v 0.03503130 -0.01949584 0.02280028
v 0.03995716 -0.00671326 0.02439406
v 0.00207941 -0.01599457 0.02537742
v 0.03757291 -0.01698155 0.02294245
v 0.03687674 -0.02714550 0.01136638
v 0.03551460 -0.02179467 0.02060901
v 0.03788923 -0.02649435 0.00940694
v 0.03649984 -0.02718081 0.01200949
v 0.03059712 -0.00901255 0.02861331
v 0.04100019 -0.02119067 0.01097613
v 0.03704965 -0.02909934 0.00301110
v 0.04149495 -0.02007951 0.00930453
v 0.03281532 -0.00574746 0.02944353
v 0.03902310 -0.01922274 0.01834861
v 0.03768580 -0.01284457 0.02532244
v 0.03705223 -0.02273528 0.01837842
v 0.03679767 -0.02277173 0.01873657
v 0.03382534 -0.00909865 0.02858669
v 0.03726155 -0.02133217 0.01959304
v 0.03262936 -0.02692259 0.01324319
v 0.03701979 -0.02463645 0.01583541
v 0.03664510 -0.01314561 0.02654319
v 0.03676225 -0.01082348 0.02746714
v 0.04058757 -0.02407585 0.00420123
v 0.04013337 -0.00346888 0.02481650
v 0.02756331 -0.02093385 0.02148753
v 0.00427144 -0.00169554 0.02994977
v 0.03753007 -0.02843660 0.00309912
v 0.00455051 -0.00853894 0.02875854
v 0.03588760 -0.01398536 0.02647488
v 0.03729946 -0.02081521 0.02007709
v 0.03754621 -0.00992838 0.02680030
v 0.04099359 -0.00561606 0.02321645
v 0.03582033 -0.02180787 0.02052531
v 0.04094477 -0.01585059 0.01796062
v 0.03661259 -0.02916246 0.00535553
v 0.00411900 -0.01394544 0.02656012
v 0.03712190 -0.00050246 0.02915377
v 0.03628981 -0.00704796 0.02897834
v 0.03575348 -0.00329987 0.02978043
v 0.01740738 -0.01774990 0.02418432
v 0.03762466 -0.02748893 0.00740476
v 0.03489663 -0.02823086 0.01014965
v 0.04150020 -0.02217095 0.00002455
v 0.03139836 -0.01215317 0.02742710
v 0.03427064 -0.02523649 0.01621913
v 0.00721948 -0.01386411 0.02660288
v 0.03495257 -0.02894275 0.00788719
v 0.02914104 -0.02457458 0.01719745
v 0.03193538 -0.02493142 0.01668265
v 0.03661411 -0.01756286 0.02387339
v 0.04031249 -0.01875387 0.01625618
v 0.04050148 -0.01244303 0.02117596
v 0.03830684 -0.02056275 0.01832730
v 0.03448817 -0.00704621 0.02915782
v 0.03624923 -0.02349115 0.01837845
v 0.03466342 -0.00718602 0.02912641
v 0.03558420 -0.00118899 0.02996482
v 0.02520933 -0.01825839 0.02380874
v 0.03595141 -0.02833324 0.00967142
v 0.00000835 -0.01153050 0.02767656
v 0.03707116 -0.02318030 0.01779243
v 0.00546771 -0.01387633 0.02659631
v 0.00365925 -0.00519189 0.02953932
v 0.03179924 -0.02824532 0.01012115
v 0.03232263 -0.02667464 0.01373166
v 0.03817935 -0.00007426 0.02772219
v 0.03967283 -0.01501488 0.02084432
v 0.03499192 -0.02112583 0.02129517
v 0.04006756 -0.00433750 0.02477440
v 0.03696548 -0.00865637 0.02802893
v 0.03970431 -0.01885085 0.01738232
v 0.03378002 -0.00855084 0.02875518
v 0.04100019 -0.00198076 0.02374735
v 0.00514474 -0.00548726 0.02948204
v 0.00476608 -0.00633900 0.02930426
v 0.02947893 -0.02219451 0.02018080
v 0.00686628 -0.00252481 0.02989047
v 0.03905945 -0.02609270 0.00475792
v 0.03859427 -0.00057932 0.02714910
v 0.03195018 -0.00081865 0.02998756
v 0.03768787 -0.00963042 0.02670900
v 0.04069150 -0.01236074 0.02092442
v 0.03453110 -0.01393018 0.02656714
v 0.03669740 -0.02055214 0.02127787
v 0.03539135 -0.02193736 0.02046329
v 0.00768964 -0.01798774 0.02401173
v 0.00325347 -0.00121807 0.02996242
v 0.03149494 -0.00420030 0.02970331
v 0.03295279 -0.02514344 0.01636331
v 0.02469525 -0.01214252 0.02743120
v 0.03639570 -0.02541850 0.01548125
v 0.00344179 -0.00120173 0.02996445
v 0.03521167 -0.02765717 0.01162288
v 0.03620148 -0.02958439 0.00394947
v 0.03700168 -0.02033390 0.02110167
v 0.03544615 -0.02713375 0.01278234
v 0.03734238 -0.00173318 0.02880896
v 0.03628402 -0.02970434 0.00254837
v 0.04019218 -0.01279363 0.02145715
v 0.03375313 -0.02304219 0.01921062
v 0.03711834 -0.02830429 0.00701119
v 0.00429655 -0.00716656 0.02913046
v 0.04150020 -0.00014070 0.01713484
v 0.02181311 -0.00242646 0.02990162
v 0.03641026 -0.02580745 0.01479907
v 0.03270269 -0.00912040 0.02857969
v 0.03658894 -0.00194434 0.02958233
v 0.03695619 -0.00599336 0.02871928
v 0.04096362 -0.01894912 0.01461314
v 0.04097030 -0.01688289 0.01694231
v 0.03486476 -0.02838700 0.00968215
v 0.03350467 -0.02898026 0.00774681
v 0.03717492 -0.00118868 0.02905855
v 0.03572958 -0.00155097 0.02992378
v 0.00049034 -0.01623355 0.02521199
v 0.03090294 -0.02360502 0.01850818
v 0.03682799 -0.02874657 0.00645870
v 0.03701075 -0.01350037 0.02599864
v 0.04092733 -0.01565383 0.01816677
v 0.03757659 -0.01483937 0.02438105
v 0.04038380 -0.01152185 0.02187251
v 0.02819133 -0.01180546 0.02757942
v 0.00012556 -0.00952540 0.02843310
v 0.03877349 -0.00179846 0.02685220
v 0.00029988 -0.00250608 0.02987764
v 0.03701818 -0.02753322 0.00997431
v 0.03700551 -0.01256233 0.02645910
v 0.03640479 -0.02930392 0.00523882
v 0.03786383 -0.02482758 0.01325860
v 0.03085681 -0.02507684 0.01646452
v 0.03588750 -0.02624693 0.01441135
v 0.00406709 -0.01542886 0.02572080
v 0.04062775 -0.02085738 0.01263839
v 0.03496482 -0.01678321 0.02486495
v 0.03899544 -0.02637460 0.00353039
v 0.02796082 -0.01039192 0.02813664
v 0.03737384 -0.02628833 0.01180869
v 0.01910694 -0.01797498 0.02402458
v 0.03396642 -0.01480781 0.02608691
v 0.03486148 -0.02263753 0.01968533
v 0.03645089 -0.02117795 0.02087383
v 0.03685239 -0.01009416 0.02766004
v 0.03863236 -0.00787078 0.02593699
v 0.04088546 -0.00788502 0.02270393
v 0.04073005 -0.00068567 0.02423934
v 0.03650658 -0.02324650 0.01847606
v 0.02775245 -0.02077689 0.02164266
v 0.04024979 -0.01353890 0.02090057
v 0.03641044 -0.00000246 0.02975959
v 0.03627044 -0.00435047 0.02949955
v 0.03048732 -0.00389358 0.02973984
v 0.00004788 -0.01649265 0.02235504
v 0.04062728 -0.01326779 0.02046396
v 0.03565005 -0.00343184 0.02978043
v 0.02813398 -0.00509570 0.02956395
v 0.03950329 -0.00068287 0.00016073
v 0.03166050 -0.02997172 0.00101292
v 0.04092669 -0.01395599 0.01950168
v 0.03459098 -0.02536040 0.01602563
v 0.03794771 -0.02025379 0.01938888
v 0.03606210 -0.01665803 0.02481641
v 0.03764652 -0.02750557 0.00723776
v 0.03865503 -0.01580903 0.02197966
v 0.02746040 -0.02117675 0.02124585
v 0.03794588 -0.00878236 0.02662848
v 0.03749683 -0.00350815 0.02843070
v 0.03554282 -0.01989149 0.02243719
v 0.04075723 -0.01855685 0.01554805
v 0.03691903 -0.02742674 0.01052757
v 0.03439331 -0.00574220 0.02944456
v 0.04029502 -0.00925171 0.02305121
v 0.03776169 -0.00658595 0.02751250
v 0.00210279 -0.00778748 0.02895574
v 0.03568072 -0.02965063 0.00436080
v 0.03261321 -0.02688029 0.01332994
v 0.03833534 -0.01777646 0.02099461
v 0.03590128 -0.02995414 0.00014559
v 0.00406232 -0.00829219 0.02882497
v 0.03567999 -0.02832017 0.00986355
v 0.03320012 -0.02951214 0.00538761
v 0.03593051 -0.02188535 0.02041259
v 0.03206465 -0.02671042 0.01366342
v 0.03572278 -0.00172911 0.02991617
v 0.03872550 -0.02697400 0.00040171
v 0.02907311 -0.02664331 0.01378644
v 0.03637823 -0.02432559 0.01715328
v 0.03700327 -0.01309276 0.02621711
v 0.03779485 -0.01661420 0.02284198
v 0.00040426 -0.00666438 0.02922314
v 0.01037551 -0.00001287 0.02999993
v 0.02417238 -0.01838292 0.02371286
v 0.03604514 -0.02989978 0.00094906
v 0.03263029 -0.01066389 0.02803805
v 0.03682414 -0.02839864 0.00789575
v 0.03735331 -0.01401637 0.02520572
v 0.00830041 -0.00857774 0.02874692
v 0.03510868 -0.01744816 0.02440239
v 0.02951413 -0.02606779 0.01486067
v 0.03530192 -0.00140602 0.02996496
v 0.03055577 -0.02994034 0.00185647
v 0.03387257 -0.01188063 0.02754674
v 0.03400020 -0.01249758 0.02726693
v 0.04150020 -0.02227540 0.00070547
v 0.03662920 -0.02439935 0.01678934
v 0.03679980 -0.02923334 0.00387244
v 0.01306829 -0.00482751 0.02960900
v 0.03705927 -0.02688255 0.01150151
v 0.03663401 -0.02918916 0.00507925
v 0.03660926 -0.02174764 0.02012750
v 0.03995388 -0.02520571 0.00222911
v 0.04059187 -0.02435734 0.00186177
v 0.00001274 -0.01460070 0.02617581
v 0.03506650 -0.02698679 0.01310069
v 0.04150020 -0.00000867 0.01463089
v 0.03805308 -0.01804377 0.02127146
v 0.03567160 -0.02667295 0.01369312
v 0.03922064 -0.01709681 0.01999040
v 0.03561382 -0.02847673 0.00938737
v 0.03685074 -0.01466880 0.02553358
v 0.03773232 -0.01658000 0.02297198
v 0.03538707 -0.02025967 0.02211469
v 0.03600784 -0.00089271 0.02989771
v 0.04053994 -0.01065397 0.02207087
v 0.00417932 -0.01482499 0.02607694
v 0.03540178 -0.02369378 0.01838258
v 0.02792692 -0.02134857 0.02107419
v 0.00794469 -0.01587058 0.02545580
v 0.03607443 -0.02832737 0.00956412
v 0.03652300 -0.02940891 0.00403902
v 0.04150020 -0.02170558 0.00506009
v 0.03916601 -0.00146795 0.02633596
v 0.03682102 -0.02144174 0.02021672
v 0.03504574 -0.00564477 0.02946255
v 0.03855890 -0.02239641 0.01543950
v 0.04093963 -0.02372175 0.00336130
v 0.03964469 -0.02531018 0.00460644
v 0.00279763 -0.00493774 0.02958502
v 0.00418949 -0.01614871 0.02527494
v 0.00616848 -0.01403514 0.02651172
v 0.00404565 -0.00561912 0.02945294
v 0.01300996 -0.00461332 0.02964142
v 0.03555843 -0.01884917 0.02332067
v 0.03071418 -0.01088983 0.02795039
v 0.03876585 -0.02539548 0.00893774
v 0.03456804 -0.02981944 0.00328729
v 0.03637832 -0.02961888 0.00314849
v 0.03921027 -0.00184477 0.02625308
v 0.03642642 -0.02732520 0.01179005
v 0.03308195 -0.02825418 0.01009225
v 0.04009696 -0.01417602 0.02072040
v 0.03594332 -0.02523752 0.01611042
v 0.03983840 -0.00851870 0.02399443
v 0.03814238 -0.02647709 0.00837045
v 0.00030982 -0.01799257 0.02130676
v 0.00071819 -0.00002889 0.02849919
v 0.04029399 -0.01618320 0.01884900
v 0.02929681 -0.02800979 0.01073314
v 0.03702672 -0.02899090 0.00400578
v 0.02903655 -0.02986081 0.00281818
v 0.03589019 -0.02784726 0.01098251
v 0.04100019 -0.01755672 0.01617602
v 0.03634475 -0.01730607 0.02425511
v 0.03440985 -0.02690316 0.01327785
v 0.01944490 -0.01515614 0.02588890
v 0.01499531 -0.01512614 0.02590612
v 0.01108329 -0.00974518 0.02836793
v 0.03266426 -0.00417145 0.02970756
v 0.02902406 -0.02941447 0.00586489
v 0.03349658 -0.02411575 0.01784339
v 0.03686937 -0.01338731 0.02622871
v 0.03773949 -0.01053347 0.02628450
v 0.03299950 -0.01522927 0.02584646
v 0.03619157 -0.02985858 0.00086777
v 0.03434898 -0.00395234 0.02973395
v 0.03590874 -0.02367772 0.01831864
v 0.03918715 -0.02592677 0.00469784
v 0.03974661 -0.02541594 0.00294802
v 0.03541325 -0.00625405 0.02933374
v 0.03720676 -0.02507924 0.01463755
v 0.03710682 -0.01463249 0.02524578
v 0.04150020 -0.02004282 0.00925221
v 0.03954111 -0.02531028 0.00532350
v 0.04095949 -0.01492377 0.01871445
v 0.03943531 -0.02526545 0.00617389
v 0.03729752 -0.02058439 0.02031436
v 0.03560267 -0.02988777 0.00241774
v 0.02949247 -0.02918736 0.00694893
v 0.03750450 -0.01526163 0.02423210
v 0.03041334 -0.02415553 0.01778896
v 0.03872892 -0.02650778 0.00498457
v 0.03639696 -0.00653851 0.02903270
v 0.03721308 -0.01750981 0.02315251
v 0.02969289 -0.02995657 0.00155500
v 0.04048399 -0.02070854 0.01324064
v 0.03527740 -0.02881152 0.00835856
v 0.00000067 -0.00084387 0.02847643
v 0.03827196 -0.02658415 0.00736142
v 0.00676929 -0.01172169 0.02761248
v 0.03795434 -0.00882675 0.02660113
v 0.00291107 -0.00811492 0.02886810
v 0.03718296 -0.00868616 0.02774820
v 0.00646720 -0.00474388 0.02962141
v 0.03556873 -0.02079453 0.02161749
v 0.04025991 -0.02048008 0.01412879
v 0.03594249 -0.00253303 0.02983519
v 0.03675939 -0.02765457 0.01033560
v 0.00045979 -0.00726520 0.02909222
v 0.00314886 -0.00506614 0.02956217
v 0.03078766 -0.02918305 0.00696229
v 0.00491009 -0.00865072 0.02872355
v 0.03896582 -0.00986938 0.02475281
v 0.03886890 -0.02499771 0.00960832
v 0.03299877 -0.02845607 0.00947710
v 0.04081357 -0.00384283 0.02382444
v 0.03712593 -0.00437084 0.02881535
v 0.04065942 -0.02303768 0.00786521
v 0.00191149 -0.01549532 0.02567634
v 0.00139062 -0.00897084 0.02860953
v 0.03227276 -0.01550978 0.02567866
v 0.03652880 -0.00199358 0.02961694
v 0.03754647 -0.02619242 0.01144533
v 0.03796209 -0.01647791 0.02265965
v 0.02909360 -0.02635580 0.01432429
v 0.00352570 -0.01523470 0.02583725
v 0.03882286 -0.00463641 0.02644172
v 0.04081260 -0.01978401 0.01380766
v 0.01305580 -0.01386684 0.02660258
v 0.03192643 -0.02054457 0.02186162
v 0.03568217 -0.02759764 0.01171859
v 0.04094784 -0.02213048 0.00915145
v 0.03502944 -0.00386235 0.02974387
v 0.03685792 -0.02906870 0.00468150
v 0.00455272 -0.00646825 0.02927716
v 0.03051980 -0.02865220 0.00888219
v 0.03020612 -0.02928454 0.00650945
v 0.03632380 -0.02932622 0.00534273
v 0.03683901 -0.01571305 0.02492111
v 0.03706738 -0.01957748 0.02169858
v 0.00546220 -0.01506881 0.02593869
v 0.03633224 -0.02586266 0.01477503
v 0.03577040 -0.01860907 0.02347661
v 0.03687922 -0.00490409 0.02902334
v 0.03891221 -0.00316438 0.02653640
v 0.03553812 -0.02927408 0.00652907
v 0.03498528 -0.00421061 0.02970209
v 0.02903219 -0.02606917 0.01485814
v 0.03946667 -0.00851701 0.02453012
v 0.03540493 -0.00840796 0.02879580
v 0.03619339 -0.00333402 0.02966228
v 0.03870106 -0.01585526 0.02186872
v 0.02234334 -0.01163299 0.02765205
v 0.03122624 -0.01048912 0.02810179
v 0.03634214 -0.01386430 0.02636569
v 0.03287647 -0.01485842 0.02605930
v 0.03685941 -0.00767789 0.02842200
v 0.03521314 -0.02879443 0.00841951
v 0.00051314 -0.00730797 0.02908080
v 0.03504832 -0.00167151 0.02995235
v 0.01604816 -0.00012300 0.02999928
v 0.03467489 -0.00489000 0.02959877
v 0.02909876 -0.02538431 0.01598526
v 0.03877074 -0.01462742 0.02259467
v 0.03712151 -0.02596706 0.01325738
v 0.03990987 -0.00219618 0.02527034
v 0.03546888 -0.02954054 0.00522788
v 0.03724486 -0.00323961 0.02881188
v 0.04062184 -0.01039917 0.02206851
v 0.03732754 -0.00789939 0.02777550
v 0.04009305 -0.01825440 0.01725079
v 0.03705305 -0.01682427 0.02392067
v 0.03650713 -0.00877155 0.02837445
v 0.03490621 -0.00000134 0.02999999
v 0.04035476 -0.00297345 0.02458045
v 0.00522020 -0.01419403 0.02642442
v 0.01203611 -0.01494684 0.02601077
v 0.03673399 -0.02446889 0.01654898
v 0.03174133 -0.00714516 0.02913668
v 0.02759236 -0.01099210 0.02790870
v 0.02909926 -0.02985971 0.00283146
v 0.03093632 -0.02882316 0.00832577
v 0.02895648 -0.00936554 0.02850052
v 0.02811048 -0.02909852 0.00041960
v 0.03746140 -0.02549795 0.01316208
v 0.01506403 -0.00458649 0.02964560
v 0.00439993 -0.00942677 0.02847895
v 0.04054961 -0.00812494 0.02310534
v 0.03655790 -0.01839942 0.02326640
v 0.03724023 -0.02643315 0.01193077
v 0.04147698 -0.02049779 0.00855924
v 0.00023652 -0.00395328 0.02970273
v 0.03773791 -0.00812312 0.02713279
v 0.03676462 -0.02595921 0.01407118
v 0.03596060 -0.01919553 0.02297451
v 0.00466739 -0.01314440 0.02694392
v 0.03637646 -0.02048543 0.02160310
v 0.04100019 -0.01282429 0.02013100
v 0.00373353 -0.00484126 0.02960400
v 0.03685592 -0.02303185 0.01833957
v 0.03562050 -0.00142639 0.02994739
v 0.03624494 -0.02624231 0.01420137
v 0.03578327 -0.02981179 0.00313561
v 0.03658206 -0.02295676 0.01876104
v 0.03520881 -0.00949445 0.02845447
v 0.03737613 -0.01844229 0.02214074
v 0.03728500 -0.01695711 0.02345058
v 0.03829613 -0.02730098 0.00377783
v 0.03950678 -0.00879980 0.02437541
v 0.03381469 -0.00155978 0.02995901
v 0.00418861 -0.01490226 0.02603391
v 0.03687262 -0.01974816 0.02181409
v 0.03088321 -0.02983870 0.00308847
v 0.03642838 -0.02787785 0.01037517
v 0.03665562 -0.01146115 0.02731251
v 0.03950339 -0.00007684 0.00129047
v 0.00475271 -0.00583034 0.02941042
v 0.00601167 -0.01791425 0.02406428
v 0.03484918 -0.02044799 0.02194650
v 0.00893338 -0.00481165 0.02961157
v 0.03579854 -0.02752384 0.01185687
v 0.03561764 -0.00384934 0.02973273
v 0.00009528 -0.00233608 0.02989352
v 0.03699738 -0.02855933 0.00652629
v 0.03705766 -0.02879564 0.00508274
v 0.00087474 -0.01752889 0.02432455
v 0.03454085 -0.01552149 0.02567204
v 0.03855733 -0.02489189 0.01098158
v 0.03664336 -0.00987487 0.02791768
v 0.03842517 -0.02591337 0.00885864
v 0.04150020 -0.00247150 0.00000335
v 0.03723720 -0.00505724 0.02855762
v 0.02938402 -0.02678485 0.01352158
v 0.03562306 -0.01492882 0.02600096
v 0.03428147 -0.00067381 0.02999193
v 0.03623461 -0.01036476 0.02797045
v 0.00120315 -0.00001726 0.02998870
v 0.03623739 -0.02984831 0.00031816
v 0.00084323 -0.00461954 0.02962412
v 0.03706299 -0.02911001 0.00271275
v 0.03264703 -0.02982834 0.00321319
v 0.04022010 -0.00069967 0.02493365
v 0.00016489 -0.01364976 0.02669529
v 0.03757044 -0.02731712 0.00826779
v 0.03554610 -0.02486236 0.01676249
v 0.01029915 -0.00851934 0.02876486
v 0.03615916 -0.02494007 0.01642701
v 0.01491962 -0.00986399 0.02832543
v 0.01857710 -0.01772489 0.02420236
v 0.00130500 -0.00937233 0.02848799
v 0.03181247 -0.02911108 0.00724647
v 0.02678347 -0.01034801 0.02815235
v 0.01455191 -0.00717020 0.02913046
v 0.03593626 -0.00606556 0.02930336
v 0.00414832 -0.00709517 0.02914518
v 0.03104460 -0.02336605 0.01881176
v 0.03561644 -0.00055764 0.02998641
v 0.00540862 -0.00901562 0.02860887
v 0.03602267 -0.02967994 0.00368669
v 0.03737482 -0.02436738 0.01537415
v 0.02406470 -0.01517759 0.02587668
v 0.04015350 -0.01717016 0.01821887
v 0.03625967 -0.01006758 0.02806838
v 0.00069927 -0.01587548 0.02544765
v 0.04047173 -0.02325112 0.00803198
v 0.02960073 -0.02060556 0.02180573
v 0.03261752 -0.00221920 0.02991554
v 0.03613570 -0.00446021 0.02953892
v 0.03185947 -0.02856155 0.00915631
v 0.03734861 -0.01357626 0.02545011
v 0.02847846 -0.01759508 0.02429725
v 0.04004428 -0.01733156 0.01827157
v 0.03652606 -0.02773106 0.01058776
v 0.00689431 -0.01184440 0.02756264
v 0.04053416 -0.02218145 0.01043493
v 0.03583170 -0.02891781 0.00783303
v 0.00312117 -0.01613033 0.02528616
v 0.03513409 -0.02889323 0.00806493
v 0.03617536 -0.00610285 0.02922187
v 0.00329913 -0.00006433 0.02999415
v 0.03098804 -0.02347219 0.01867711
v 0.03672456 -0.00055795 0.02955400
v 0.04006166 -0.01397945 0.02091345
v 0.03568185 -0.02998476 0.00022864
v 0.03627692 -0.00332031 0.02962642
v 0.03930492 -0.01543257 0.02115800
v 0.03101498 -0.01531026 0.02579837
v 0.03942870 -0.01124555 0.02346335
v 0.03821165 -0.01459566 0.02351358
v 0.03331489 -0.02527852 0.01615337
v 0.03662062 -0.01353017 0.02637255
v 0.03481711 -0.01056592 0.02807415
v 0.03699377 -0.02294143 0.01822647
v 0.03608230 -0.02660178 0.01363273
v 0.03466506 -0.02599615 0.01497482
v 0.03693857 -0.00261303 0.02925896
v 0.04089053 -0.00519914 0.02346274
v 0.03542076 -0.02946491 0.00561983
v 0.00481944 -0.00269023 0.02986925
v 0.04092194 -0.02378552 0.00309603
v 0.02974697 -0.02982319 0.00327049
v 0.03774362 -0.02785253 0.00509496
v 0.03539722 -0.02309956 0.01913936
v 0.02954625 -0.02495896 0.01664105
v 0.03263119 -0.02826265 0.01006973
v 0.03533350 -0.02980263 0.00342933
v 0.03587557 -0.02791110 0.01082693
v 0.00007529 -0.01002880 0.02824294
v 0.04023673 -0.00651952 0.02405282
v 0.04075065 -0.02041373 0.01302701
v 0.01859618 -0.01182051 0.02757307
v 0.03968433 -0.00936925 0.02389840
v 0.00724130 -0.00154548 0.02995956
v 0.04094019 -0.02239652 0.00851476
v 0.03200512 -0.01563005 0.02560612
v 0.01509935 -0.00298580 0.02983991
v 0.03730829 -0.02883704 0.00189551
v 0.03249015 -0.02051811 0.02188597
v 0.03459453 -0.01176087 0.02759824
v 0.04087844 -0.02297273 0.00706572
v 0.02911690 -0.02818420 0.01029033
v 0.03696561 -0.02585318 0.01388346
v 0.02686588 -0.00024357 0.02999852
v 0.03681351 -0.02492789 0.01576632
v 0.03504842 -0.01500135 0.02597973
v 0.04085411 -0.02217903 0.00937313
v 0.02939553 -0.02948436 0.00551950
v 0.03608064 -0.02543431 0.01570748
v 0.03643109 -0.01177858 0.02731765
v 0.02968069 -0.02930311 0.00641700
v 0.03656855 -0.00739579 0.02872838
v 0.03626648 -0.02584613 0.01486320
v 0.00063175 -0.01573622 0.02552844
v 0.03336024 -0.02823475 0.01014564
v 0.03666044 -0.02822817 0.00890678
v 0.03555466 -0.01045322 0.02811005
v 0.04023822 -0.01408953 0.02054656
v 0.01483030 -0.01510759 0.02591724
v 0.03410966 -0.01077532 0.02799687
v 0.03472440 -0.02945989 0.00564668
v 0.03872424 -0.01430632 0.02287122
v 0.03345918 -0.01362850 0.02672549
v 0.01776995 -0.01134201 0.02776678
v 0.00470368 -0.00850210 0.02876973
v 0.03683600 -0.02941549 0.00162429
v 0.03721974 -0.02675748 0.01124036
v 0.03436980 -0.01077344 0.02799768
v 0.00862873 -0.00946987 0.02846600
v 0.03534186 -0.02991873 0.00210934
v 0.02906051 -0.02710937 0.01284314
v 0.03626230 -0.02984111 0.00005019
v 0.03566343 -0.02790068 0.01094976
v 0.03705118 -0.02909810 0.00300354
v 0.00147018 -0.01390037 0.02657921
v 0.04005114 -0.02155899 0.01299570
v 0.03503115 -0.02508375 0.01645589
v 0.00624077 -0.01767072 0.02423224
v 0.03516295 -0.02271528 0.01959402
v 0.03704155 -0.02921822 0.00146936
v 0.03550213 -0.02970421 0.00411706
v 0.03519724 -0.01317818 0.02694212
v 0.03794676 -0.02104820 0.01852195
v 0.03356350 -0.00514789 0.02955431
v 0.04150020 -0.02228136 0.00185878
v 0.03000375 -0.02305936 0.01918881
v 0.03512732 -0.00005161 0.02999973
v 0.03671360 -0.00755300 0.02857973
v 0.03690778 -0.02526931 0.01500644
v 0.03761635 -0.00883014 0.02708594
v 0.00988376 -0.00013872 0.02999811
v 0.03440160 -0.01567960 0.02557418
v 0.01057291 -0.01589156 0.02544372
v 0.03617682 -0.01570923 0.02540087
v 0.03074187 -0.02055722 0.02185027
v 0.04150020 -0.01881343 0.01108513
v 0.03626418 -0.01593146 0.02520965
v 0.02987525 -0.02686513 0.01336914
v 0.03181385 -0.02608002 0.01483385
v 0.03728391 -0.01153954 0.02653631
v 0.04100019 -0.02244358 0.00798538
v 0.03688056 -0.00354491 0.02920172
v 0.03341625 -0.02902847 0.00756474
v 0.03990986 -0.02536318 0.00023754
v 0.03675852 -0.00999825 0.02777614
v 0.03639010 -0.01793215 0.02375188
v 0.03565471 -0.02194199 0.02042467
v 0.03553522 -0.02473383 0.01694949
v 0.03611408 -0.02273896 0.01938967
v 0.00398118 -0.00711557 0.02914045
v 0.01090024 -0.00714770 0.02913566
v 0.03602241 -0.00771133 0.02889447
v 0.04025812 -0.02360866 0.00788222
v 0.04084016 -0.00333809 0.02386368
v 0.04091547 -0.02327301 0.00579403
v 0.04047858 -0.02306121 0.00853540
v 0.03663461 -0.01807979 0.02345527
v 0.03562104 -0.01732576 0.02447878
v 0.04150020 -0.00825580 0.01871815
v 0.03890891 -0.00001166 0.02672953
v 0.03716871 -0.01611743 0.02421845
v 0.04081950 -0.00379641 0.02382325
v 0.03796609 -0.00328997 0.02781794
v 0.03697888 -0.01768368 0.02338370
v 0.03900258 -0.01847260 0.01914176
v 0.01502404 -0.00024444 0.02999703
v 0.03557786 -0.02885296 0.00818876
v 0.04047200 -0.00745952 0.02344405
v 0.03509225 -0.02998768 0.00043547
v 0.03010797 -0.02469488 0.01702617
v 0.03658943 -0.02748759 0.01110290
v 0.03717271 -0.02896954 0.00264729
v 0.04149654 -0.02224764 0.00303925
v 0.03137290 -0.02339542 0.01877380
v 0.03515683 -0.00590129 0.02941151
v 0.04036257 -0.01907292 0.01576881
v 0.03511677 -0.01424135 0.02639681
v 0.03499726 -0.02921544 0.00681457
v 0.02885423 -0.02347178 0.01868110
v 0.04091946 -0.00093267 0.02397382
v 0.03202494 -0.00077478 0.02998875
v 0.03097597 -0.00070976 0.02999012
v 0.03487793 -0.02987440 0.00265737
v 0.03872493 -0.02697875 0.00007442
v 0.00013261 -0.01345815 0.02678566
v 0.02761827 -0.02017154 0.02220736
v 0.02867821 -0.02321505 0.01899691
v 0.03804247 -0.02766405 0.00367518
v 0.03851965 -0.01204460 0.02445286
v 0.00038299 -0.01784229 0.02099988
v 0.03027849 -0.00158368 0.02995808
v 0.03730391 -0.00913909 0.02743049
v 0.03647019 -0.02973007 0.00064920
v 0.03926152 -0.00123116 0.02621940
v 0.03525698 -0.02998640 0.00047969
v 0.04150020 -0.00245401 0.01930330
v 0.03707795 -0.00413227 0.02891499
v 0.03776402 -0.02733503 0.00725221
v 0.03735884 -0.01486718 0.02470964
v 0.02912046 -0.02991519 0.00216164
v 0.03420911 -0.00411915 0.02971488
v 0.03485422 -0.01953769 0.02276398
v 0.03635892 -0.01704631 0.02441938
v 0.03700716 -0.01862621 0.02261351
v 0.00090617 -0.01186242 0.02754120
v 0.03336794 -0.02954318 0.00522025
v 0.03938231 -0.01420427 0.02187725
v 0.03875355 -0.02636780 0.00550622
v 0.04100019 -0.01087846 0.02116947
v 0.03707926 -0.02897785 0.00371607
v 0.03668511 -0.02014915 0.02165753
v 0.03182472 -0.02304333 0.01920900
v 0.03638474 -0.00024412 0.02977806
v 0.03657163 -0.02785515 0.01019361
v 0.04093590 -0.01988637 0.01335463
v 0.03583481 -0.02477223 0.01682279
v 0.03618099 -0.00722890 0.02897970
v 0.02923082 -0.02999692 0.00011186
v 0.03545923 -0.02754642 0.01188119
v 0.00665838 -0.01176926 0.02759393
v 0.02215131 -0.01374758 0.02666405
v 0.03541940 -0.02942742 0.00580063
v 0.02895525 -0.02521931 0.01623004
v 0.03736545 -0.02704062 0.00998896
v 0.03205925 -0.02983190 0.00317275
v 0.04081667 -0.00940055 0.02222572
v 0.00177001 -0.00061802 0.02997459
v 0.03530390 -0.00557526 0.02947539
v 0.00416498 -0.01208482 0.02744618
v 0.03601659 -0.02066036 0.02163204
v 0.04150020 -0.01542909 0.01499625
v 0.03267989 -0.00244302 0.02990003
v 0.01966339 -0.01512553 0.02590712
v 0.02908709 -0.02737218 0.01227336
v 0.04091252 -0.01985328 0.01346077
v 0.00262888 -0.01168718 0.02762075
v 0.02513603 -0.01797190 0.02402606
v 0.04100019 -0.01386668 0.01940578
v 0.01995338 -0.00037359 0.02999530
v 0.03759205 -0.01647678 0.02327583
v 0.03224406 -0.02377088 0.01829320
v 0.03173512 -0.01978697 0.02254555
v 0.00296015 -0.00881959 0.02866553
v 0.02974934 -0.02681715 0.01346181
v 0.03633360 -0.00202254 0.02971985
v 0.04066390 -0.02320472 0.00732556
v 0.03710056 -0.02887169 0.00426805
v 0.00004402 -0.00747861 0.02902864
v 0.03939143 -0.02051558 0.01608389
v 0.03450511 -0.02660877 0.01385371
v 0.03149960 -0.02060401 0.02180663
v 0.03906832 -0.00179400 0.02645029
v 0.01164533 -0.00968871 0.02838800
v 0.03917384 -0.02511680 0.00801865
v 0.04085178 -0.00770686 0.02281332
v 0.03751178 -0.01419647 0.02486318
v 0.04079330 -0.00862604 0.02256836
v 0.03599234 -0.01290117 0.02698945
v 0.02966822 -0.02874751 0.00859129
v 0.00464857 -0.01462552 0.02618732
v 0.03692324 -0.02845954 0.00732364
v 0.00110844 -0.00231063 0.02989880
v 0.03664082 -0.02952690 0.00226894
v 0.04097014 -0.02101530 0.01142623
v 0.03307908 -0.00930957 0.02851875
v 0.03522767 -0.02999936 0.00002287
v 0.03700873 -0.02677359 0.01190053
v 0.03556525 -0.02999411 0.00016333
v 0.03660974 -0.00002197 0.02964124
v 0.03645496 -0.02461914 0.01665914
v 0.03699578 -0.01078282 0.02724913
v 0.00424932 -0.00237876 0.02990404
v 0.03647868 -0.01718089 0.02425614
v 0.00473681 -0.01210833 0.02743647
v 0.03944987 -0.01799962 0.01875192
v 0.00388870 -0.00552643 0.02947184
v 0.03021854 -0.01052968 0.02808691
v 0.03553959 -0.02999286 0.00024943
v 0.02524300 -0.00556166 0.02947790
v 0.00457899 -0.00029163 0.02999221
v 0.02230887 -0.00340204 0.02979418
v 0.03951287 -0.00309393 0.02572105
v 0.03467174 -0.02982812 0.00320786
v 0.03405729 -0.02998972 0.00036814
v 0.03742380 -0.01023153 0.02686153
v 0.03585401 -0.02665279 0.01366035
v 0.03673326 -0.00285867 0.02941235
v 0.03734557 -0.02767284 0.00813917
v 0.03962854 -0.02359072 0.01031664
v 0.03893994 -0.01021885 0.02465320
v 0.00897223 -0.00854326 0.02875751
v 0.03895511 -0.02100032 0.01642837
v 0.04073698 -0.00706651 0.02318453
v 0.00487636 -0.01166597 0.02763196
v 0.00743514 -0.00232097 0.02990895
v 0.02933980 -0.02929358 0.00646364
v 0.03569674 -0.00881380 0.02864981
v 0.03598408 -0.01161784 0.02758381
v 0.00143809 -0.01436339 0.02632274
v 0.00869511 -0.01181039 0.02757734
v 0.03733207 -0.00370622 0.02862830
v 0.03035167 -0.02993875 0.00187660
v 0.04096741 -0.01178102 0.02081931
v 0.03695992 -0.01325808 0.02619013
v 0.02985941 -0.02213750 0.02024497
v 0.04150020 -0.02195819 0.00390379
v 0.03483521 -0.02498762 0.01659531
v 0.03701286 -0.00233323 0.02920031
v 0.03707336 -0.00328623 0.02903472
v 0.03931515 -0.00016424 0.02617553
v 0.04031180 -0.00199168 0.02473997
v 0.04041640 -0.01916825 0.01553854
v 0.02560421 -0.01800276 0.02400310
v 0.03665725 -0.02958435 0.00126531
v 0.03731629 -0.01268216 0.02596148
v 0.02748498 -0.00736580 0.02908130
v 0.03667489 -0.02612992 0.01392157
v 0.03488618 -0.02691591 0.01325047
v 0.03641945 -0.02967132 0.00211882
v 0.03818443 -0.02718537 0.00538115
v 0.03037356 -0.02040832 0.02198846
v 0.04079454 -0.01649963 0.01764714
v 0.03347242 -0.02525635 0.01618799
v 0.03644345 -0.02437758 0.01702257
v 0.03145748 -0.02858768 0.00907739
v 0.03578675 -0.02854888 0.00907152
v 0.03593851 -0.00881405 0.02860311
v 0.03825794 -0.02583130 0.00975928
v 0.03730226 -0.02481713 0.01483926
v 0.03735552 -0.02735879 0.00912698
v 0.00438482 -0.00014141 0.02999558
v 0.00456962 -0.01154896 0.02767613
v 0.03700395 -0.01584922 0.02463258
v 0.03588772 -0.02622636 0.01444666
v 0.03950333 -0.00040337 0.00050104
v 0.03564021 -0.02942113 0.00578756
v 0.04100019 -0.02334157 0.00501920
v 0.03327764 -0.00945072 0.02847019
v 0.03636864 -0.01271136 0.02691912
v 0.04097281 -0.02144127 0.01059207
v 0.04100019 -0.00040018 0.02349441
v 0.03640384 -0.01517567 0.02560215
v 0.03619338 -0.02780333 0.01085748
v 0.02932177 -0.02923504 0.00675100
v 0.04099593 -0.02346379 0.00445013
v 0.02887595 -0.02001852 0.02234259
v 0.03677963 -0.02082834 0.02091602
v 0.03760131 -0.02010808 0.02020739
v 0.03840990 -0.00880554 0.02595263
v 0.03682191 -0.01461299 0.02559127
v 0.03699427 -0.02871129 0.00586180
v 0.04100019 -0.00445613 0.02344376
v 0.03676935 -0.02405244 0.01710365
v 0.03687570 -0.02545698 0.01474964
v 0.03680237 -0.02735636 0.01100254
v 0.03673255 -0.00943959 0.02800543
v 0.04097635 -0.01730884 0.01650258
v 0.03896548 -0.01858180 0.01910731
v 0.03937901 -0.02367221 0.01096011
v 0.03666419 -0.02943185 0.00326582
v 0.03797768 -0.00020619 0.02799605
v 0.03324475 -0.02601962 0.01493687
f 11 580 969
f 969 263 11
f 1109 255 1068
f 1109 1068 969
f 969 1068 1585
f 1585 263 969
f 580 11 124
f 1068 255 1248
f 969 580 694
f 694 1109 969
f 58 263 1068
f 1068 1248 58
f 263 58 1027
f 1068 263 1227
f 1227 1585 1068
f 263 1585 1227
f 163 11 263
f 163 1242 11
f 217 856 1516
f 1516 124 217
f 217 124 11
f 11 1242 217
f 72 58 34
f 1248 1003 34
f 34 58 1248
f 101 694 580
f 582 694 101
f 965 694 582
f 511 1027 1410
f 1410 1027 962
f 962 1027 58
f 1558 219 850
f 1516 856 1362
f 1025 873 79
f 580 124 1195
f 1195 101 580
f 124 101 1195
f 1067 124 582
f 582 101 1067
f 1027 511 916
f 1558 850 416
f 365 1362 687
f 1587 1423 1043
f 140 1362 856
f 183 381 856
f 593 1498 873
f 557 965 582
f 1109 694 557
f 694 965 557
f 79 1109 557
f 557 1025 79
f 1440 101 124
f 124 1067 1440
f 1440 1067 101
f 297 511 1410
f 1410 134 297
f 297 134 738
f 738 1591 297
f 297 1591 4
f 4 916 297
f 297 916 511
f 56 416 850
f 1293 416 1519
f 680 365 687
f 1468 124 1516
f 856 381 19
f 19 140 856
f 381 140 19
f 687 1362 1434
f 1362 140 1434
f 140 1394 1434
f 1595 1423 1587
f 1595 225 1423
f 596 183 1423
f 1423 225 596
f 381 183 596
f 873 936 1319
f 1319 593 873
f 936 593 1319
f 886 792 1446
f 4 1591 1446
f 1446 1591 886
f 362 792 886
f 1430 1591 738
f 886 1591 1430
f 813 308 412
f 1560 134 1410
f 416 56 879
f 1519 416 879
f 926 219 910
f 926 850 219
f 69 680 687
f 727 107 401
f 1149 26 907
f 848 107 1149
f 124 1468 628
f 1556 1043 1423
f 1423 774 1556
f 1016 183 856
f 457 1481 1074
f 1074 922 457
f 44 922 227
f 112 140 381
f 112 1394 140
f 16 1236 240
f 255 1234 797
f 66 936 873
f 873 622 66
f 958 1430 738
f 416 1293 86
f 873 1025 663
f 594 556 1437
f 492 1437 556
f 1429 1437 492
f 556 412 427
f 427 412 308
f 410 813 498
f 498 556 410
f 498 412 556
f 519 642 899
f 253 1368 947
f 1519 879 98
f 1410 962 98
f 98 962 1519
f 56 1560 1611
f 1611 879 56
f 731 892 352
f 850 892 731
f 731 56 850
f 1185 58 72
f 1185 962 58
f 721 1463 725
f 725 920 721
f 721 920 1293
f 721 1293 1519
f 1519 962 721
f 962 1463 721
f 725 1463 1035
f 910 180 464
f 464 926 910
f 725 1495 776
f 365 680 340
f 1287 781 118
f 28 118 781
f 486 1020 578
f 1018 1460 1145
f 1610 1042 1059
f 907 1059 499
f 107 781 173
f 173 1149 107
f 173 781 26
f 26 1149 173
f 1072 1312 510
f 1362 365 46
f 46 1443 1362
f 365 1443 46
f 732 1072 229
f 582 124 732
f 124 1072 732
f 732 520 553
f 732 557 582
f 1025 557 732
f 998 1159 732
f 732 1159 492
f 1423 183 1375
f 183 1016 1375
f 1375 774 1423
f 703 1202 20
f 20 1391 703
f 1043 729 703
f 703 729 1202
f 1587 1043 703
f 703 1391 1587
f 822 227 1514
f 1386 922 44
f 1386 457 922
f 93 922 1074
f 1481 260 1488
f 16 240 1570
f 1328 133 1422
f 1251 1370 1422
f 1422 1370 1328
f 156 133 1328
f 255 797 1477
f 426 324 735
f 296 938 1522
f 1234 938 296
f 585 938 1234
f 585 1498 243
f 585 1109 79
f 255 1109 585
f 585 1234 255
f 79 873 585
f 873 1498 585
f 1522 938 231
f 166 839 683
f 683 839 283
f 683 750 105
f 105 166 683
f 1234 166 105
f 900 1477 797
f 104 622 873
f 936 66 1261
f 1183 863 1414
f 82 1583 1183
f 928 754 310
f 671 1051 343
f 23 253 947
f 671 253 23
f 377 85 482
f 482 887 377
f 1250 630 114
f 160 630 1250
f 114 1050 1250
f 1250 1050 386
f 1250 231 160
f 876 482 85
f 85 1019 278
f 278 1019 1231
f 1430 958 1253
f 352 512 1253
f 1253 512 1430
f 1253 731 352
f 1444 180 910
f 318 657 1537
f 318 776 716
f 716 776 1495
f 716 1495 725
f 725 1035 716
f 1558 416 306
f 416 86 306
f 759 1537 657
f 1025 1254 1435
f 1435 663 1025
f 634 1254 1025
f 410 556 773
f 1492 1452 773
f 773 813 410
f 773 1452 813
f 1116 1230 437
f 556 109 1436
f 1436 773 556
f 1034 1230 1116
f 980 1206 361
f 813 980 361
f 673 17 1200
f 1010 650 769
f 592 645 1010
f 846 327 1397
f 1484 732 701
f 717 492 556
f 813 412 195
f 195 498 813
f 412 498 195
f 556 427 1004
f 1004 899 556
f 519 899 1004
f 1004 670 519
f 1004 427 308
f 308 670 1004
f 951 899 642
f 769 650 1487
f 1487 951 642
f 650 951 1487
f 84 422 642
f 552 1560 1410
f 552 1611 1560
f 927 1035 1268
f 1268 1463 962
f 1268 1035 1463
f 1133 920 725
f 725 776 1133
f 1133 776 920
f 680 1356 317
f 317 340 680
f 687 489 666
f 666 69 687
f 680 69 399
f 399 1356 680
f 399 69 1328
f 1328 1370 399
f 1119 463 1464
f 909 791 1026
f 254 727 1041
f 1041 28 254
f 107 727 254
f 254 781 107
f 254 28 781
f 1287 118 1576
f 1041 727 872
f 872 28 1041
f 118 28 872
f 872 1576 118
f 1517 817 578
f 119 817 1517
f 578 1020 1517
f 1517 193 119
f 212 193 1517
f 182 212 1201
f 1201 1517 1020
f 212 1517 1201
f 259 1474 1580
f 1580 819 259
f 1474 486 454
f 454 939 1580
f 1580 1474 454
f 454 486 578
f 578 817 454
f 1020 486 1357
f 1406 259 819
f 1474 259 1406
f 45 1119 939
f 939 454 45
f 1605 463 1119
f 119 463 1605
f 1605 817 119
f 823 1460 1018
f 1071 1460 1236
f 1236 1145 1071
f 1071 1145 1460
f 1059 1042 602
f 602 1042 848
f 848 1042 1021
f 1042 1610 1021
f 248 1021 1610
f 401 107 1346
f 107 1007 1346
f 1346 1464 401
f 1119 1464 1346
f 939 1119 1346
f 87 1007 1511
f 939 1346 87
f 87 1346 1007
f 1587 1405 252
f 252 1595 1587
f 1458 914 16
f 1095 252 1458
f 975 914 76
f 914 1458 76
f 611 1276 1129
f 1129 504 287
f 90 1276 611
f 611 1406 90
f 611 1129 1325
f 1325 1406 611
f 1325 1391 20
f 20 1143 1325
f 1325 1143 486
f 483 1149 907
f 907 499 483
f 1362 1443 1249
f 1086 1249 1443
f 1586 29 26
f 26 781 1586
f 188 368 497
f 998 732 1361
f 1361 732 1484
f 1202 729 824
f 44 227 824
f 227 822 824
f 20 1202 824
f 824 822 20
f 1590 182 20
f 20 822 1590
f 1590 822 1514
f 20 182 1337
f 1337 1143 20
f 486 1143 1337
f 564 227 922
f 1562 1499 922
f 24 1000 63
f 568 1521 24
f 1459 260 59
f 1074 1481 447
f 1481 1488 447
f 1209 260 1459
f 1209 1488 260
f 1602 845 1409
f 1409 362 1602
f 1602 362 886
f 1409 845 525
f 525 59 1409
f 1459 59 525
f 63 1180 1390
f 1390 24 63
f 568 24 1390
f 133 156 579
f 596 1023 579
f 579 1023 133
f 531 1023 596
f 531 596 225
f 495 1003 1248
f 1012 1221 1171
f 1012 619 426
f 1171 619 1012
f 324 1334 363
f 243 630 264
f 264 585 243
f 938 585 264
f 264 231 938
f 1522 231 1310
f 1234 296 1512
f 1512 166 1234
f 197 750 683
f 683 900 197
f 905 900 683
f 1477 900 905
f 683 216 905
f 243 1498 446
f 1120 446 1498
f 1303 1358 722
f 790 66 622
f 1161 613 808
f 808 613 1216
f 572 320 626
f 626 766 572
f 320 766 626
f 1548 766 320
f 1150 1183 1583
f 78 863 1150
f 863 1183 1150
f 285 842 121
f 121 1384 285
f 551 1384 121
f 226 1384 551
f 1523 863 78
f 673 863 1523
f 1275 928 815
f 754 928 1275
f 815 928 547
f 108 448 551
f 1161 319 7
f 1547 319 1161
f 1161 808 1547
f 1547 808 572
f 869 7 1091
f 1091 7 319
f 1265 319 51
f 319 1547 51
f 1210 1050 85
f 1526 876 266
f 266 446 1526
f 482 876 1526
f 1526 1053 887
f 887 482 1526
f 1121 1050 114
f 85 1050 1121
f 1121 876 85
f 767 349 77
f 600 1250 386
f 600 349 1250
f 309 349 767
f 767 1310 309
f 309 1310 231
f 231 1250 309
f 1250 349 309
f 386 278 660
f 660 600 386
f 349 600 660
f 660 77 349
f 180 1444 543
f 1430 512 543
f 910 1502 1044
f 1044 1444 910
f 517 1035 927
f 318 716 1296
f 1290 690 1265
f 621 86 1293
f 621 306 86
f 1293 920 621
f 318 1537 621
f 1307 306 621
f 621 776 318
f 920 776 621
f 1430 665 242
f 886 1430 242
f 883 535 786
f 883 1168 535
f 337 524 620
f 620 524 690
f 337 620 1104
f 1104 690 851
f 1104 620 690
f 1342 1104 851
f 337 1104 1342
f 842 684 1372
f 1372 236 842
f 556 232 977
f 1329 437 1230
f 1492 773 1596
f 773 1436 1596
f 710 1034 1116
f 710 980 813
f 604 1206 980
f 604 1480 1206
f 322 210 17
f 322 17 673
f 726 361 186
f 1154 1206 186
f 186 361 1154
f 1154 361 1206
f 17 210 1407
f 1407 1200 17
f 1414 863 1407
f 1407 210 1414
f 1407 863 673
f 673 1200 1407
f 1408 645 592
f 250 327 1480
f 1480 604 250
f 1116 385 250
f 250 385 327
f 698 94 1314
f 1397 158 698
f 172 158 953
f 846 1397 994
f 994 327 846
f 1480 327 994
f 594 1437 258
f 1484 701 676
f 676 1361 1484
f 561 1361 676
f 1345 877 497
f 1332 732 553
f 1332 701 732
f 877 1345 1332
f 1332 906 659
f 1332 1345 906
f 1025 732 95
f 95 732 492
f 492 717 95
f 310 754 95
f 95 754 1025
f 519 670 871
f 871 670 308
f 899 951 599
f 484 422 769
f 769 1487 484
f 484 1487 422
f 642 422 1563
f 1563 1487 642
f 422 1487 1563
f 335 642 519
f 335 84 642
f 422 84 316
f 769 422 316
f 316 871 308
f 316 1010 769
f 519 871 316
f 84 335 316
f 316 335 519
f 592 1010 316
f 316 726 592
f 361 726 316
f 1172 1334 324
f 1118 517 782
f 782 517 927
f 426 1268 741
f 741 324 426
f 927 1268 870
f 619 782 870
f 426 619 870
f 870 1268 426
f 340 317 1564
f 1564 1443 365
f 365 340 1564
f 997 666 489
f 112 666 997
f 1394 112 997
f 1328 69 458
f 39 666 398
f 909 1026 832
f 473 734 476
f 734 473 275
f 228 456 178
f 1082 178 123
f 178 33 123
f 1038 33 178
f 1038 1088 1314
f 178 1088 1038
f 492 795 479
f 1287 1576 257
f 12 872 727
f 1318 872 12
f 1593 12 727
f 794 12 1593
f 193 1205 1567
f 92 279 1567
f 303 1464 463
f 463 1421 303
f 992 872 1318
f 1576 872 992
f 1031 257 992
f 992 257 1576
f 1539 1201 950
f 1134 1201 1020
f 1020 1357 1134
f 1134 950 1201
f 1134 1539 688
f 1578 486 1474
f 1474 1406 1578
f 1406 1325 1578
f 1119 45 982
f 982 454 817
f 982 45 454
f 1251 1422 53
f 1251 823 315
f 315 317 1356
f 315 1564 317
f 315 1370 1251
f 1356 399 315
f 315 399 1370
f 615 631 374
f 1460 823 374
f 823 840 374
f 1219 836 631
f 772 240 1236
f 1235 914 1511
f 1601 1145 1236
f 1601 1236 16
f 1601 1235 1511
f 16 914 1601
f 914 1235 1601
f 1511 1007 708
f 708 1601 1511
f 930 1601 708
f 708 1007 107
f 848 1149 941
f 941 602 848
f 1059 602 941
f 941 499 1059
f 1018 1145 113
f 113 248 1018
f 1145 248 113
f 1018 248 646
f 848 1021 414
f 1021 248 414
f 414 248 1145
f 1145 1601 414
f 414 1601 930
f 930 708 414
f 414 107 848
f 414 708 107
f 350 836 1595
f 1595 836 177
f 836 1219 177
f 1511 914 415
f 415 87 1511
f 939 87 415
f 415 128 1580
f 1580 939 415
f 383 252 1405
f 1097 76 383
f 383 76 1458
f 383 1458 252
f 432 1095 117
f 1095 1458 117
f 117 1458 16
f 117 1570 432
f 16 1570 117
f 975 76 724
f 724 76 1097
f 287 1496 1331
f 1331 1129 287
f 1331 1325 1129
f 1391 1325 1331
f 1331 1405 1587
f 1587 1391 1331
f 1057 1406 819
f 1057 90 1406
f 90 1057 1241
f 1241 819 1580
f 1241 1057 819
f 970 625 501
f 501 625 1106
f 1528 1445 1516
f 1516 1362 990
f 1362 1249 990
f 990 1086 1005
f 1249 1086 990
f 1270 1059 907
f 1270 1214 1059
f 907 26 1270
f 1013 1552 501
f 1450 628 501
f 124 628 1450
f 1450 1072 124
f 1594 1546 1148
f 229 1072 299
f 1157 781 1287
f 1157 1586 781
f 510 1312 749
f 749 534 510
f 1312 534 749
f 1058 534 1312
f 38 1509 443
f 553 520 443
f 443 1509 553
f 497 368 924
f 497 247 733
f 733 992 497
f 1031 992 733
f 733 257 1031
f 247 257 733
f 1244 1361 561
f 44 824 1094
f 1094 824 729
f 715 1590 1514
f 418 1357 486
f 486 1337 418
f 418 1134 1357
f 418 1337 1539
f 1539 1134 418
f 1465 564 922
f 1321 564 1465
f 1514 227 805
f 227 564 805
f 922 93 981
f 981 1562 922
f 63 1000 931
f 1299 1180 63
f 1299 1439 1180
f 1180 1439 1036
f 1553 1209 1459
f 845 1602 346
f 957 525 845
f 568 1390 460
f 460 1390 1180
f 1291 495 1248
f 1581 495 1291
f 1530 216 683
f 1171 1221 771
f 683 283 13
f 283 472 13
f 1482 619 1171
f 208 1233 1158
f 122 595 1324
f 1324 595 683
f 683 13 1324
f 1324 13 472
f 426 735 893
f 122 466 893
f 893 595 122
f 1489 1432 201
f 201 1416 1489
f 324 363 239
f 1231 1019 6
f 575 278 1231
f 1115 660 575
f 575 660 278
f 1203 630 160
f 1203 264 630
f 160 231 1203
f 231 264 1203
f 1522 1310 890
f 1354 1111 274
f 1544 480 1582
f 622 104 569
f 104 480 569
f 875 684 1015
f 857 1015 203
f 936 1261 720
f 691 446 266
f 744 1120 1498
f 1303 1527 1006
f 1006 1358 1303
f 373 320 572
f 572 808 373
f 1079 790 622
f 554 808 1216
f 435 24 1521
f 835 435 1521
f 127 1548 590
f 590 684 127
f 1600 516 1032
f 78 1150 1032
f 1032 516 78
f 1183 1218 1411
f 1245 121 842
f 1245 236 551
f 551 121 1245
f 592 726 151
f 186 1206 151
f 151 726 186
f 1288 1051 815
f 815 547 1288
f 815 1051 544
f 544 1051 671
f 671 23 544
f 1549 634 1025
f 1365 634 1549
f 43 23 947
f 208 610 1478
f 1478 1233 208
f 1478 591 1233
f 653 319 1265
f 653 1091 319
f 653 1478 1091
f 591 1478 653
f 1577 1547 572
f 572 1402 1577
f 1577 51 1547
f 1402 51 1577
f 286 1402 572
f 8 1210 85
f 85 278 8
f 8 278 386
f 937 1502 910
f 937 1060 1502
f 665 1502 1561
f 1502 1060 1561
f 1561 242 665
f 1430 543 459
f 459 543 1444
f 304 716 1035
f 1035 517 304
f 851 690 632
f 690 1290 632
f 704 1602 886
f 886 242 704
f 1155 759 657
f 657 524 1155
f 1155 524 337
f 1243 360 346
f 115 451 97
f 97 883 786
f 1168 883 97
f 97 451 1168
f 873 663 788
f 788 1455 873
f 663 1455 788
f 1207 640 903
f 758 236 224
f 236 1372 224
f 224 1372 684
f 424 1555 232
f 424 232 556
f 898 232 404
f 232 1555 404
f 404 158 898
f 404 1555 158
f 289 232 898
f 533 710 813
f 1034 710 533
f 813 1452 533
f 514 710 1116
f 980 710 514
f 514 604 980
f 1208 322 509
f 1206 1480 509
f 509 322 1206
f 1369 158 172
f 1369 698 158
f 1397 698 331
f 331 994 1397
f 1399 994 331
f 331 698 1314
f 1314 1088 331
f 1088 1399 331
f 668 953 158
f 594 953 668
f 668 556 594
f 668 424 556
f 868 1399 1088
f 1376 258 1437
f 702 953 594
f 594 258 702
f 702 258 698
f 698 258 500
f 83 701 659
f 83 676 701
f 1469 906 497
f 497 1142 1469
f 909 676 1469
f 676 167 1469
f 909 1469 1232
f 1316 188 497
f 855 1345 497
f 1136 1159 998
f 1136 440 1159
f 440 1136 878
f 878 1494 995
f 998 1494 878
f 878 1136 998
f 764 1332 553
f 877 1332 764
f 764 1316 877
f 659 701 1070
f 1070 1332 659
f 701 1332 1070
f 561 676 238
f 238 676 909
f 909 832 238
f 671 343 1237
f 1237 253 671
f 1237 717 253
f 1237 95 717
f 1282 951 650
f 1282 599 951
f 650 1010 1282
f 1282 1010 645
f 1055 316 308
f 361 316 1055
f 1055 308 813
f 813 361 1055
f 1003 1172 490
f 490 1172 324
f 1003 495 256
f 256 1172 1003
f 573 782 619
f 1118 782 573
f 967 1233 573
f 962 1185 1377
f 1377 1268 962
f 1377 741 1268
f 996 782 927
f 69 666 284
f 284 458 69
f 284 666 39
f 1024 579 39
f 39 398 1024
f 596 579 1024
f 778 794 1
f 778 1232 794
f 1536 944 791
f 1536 778 1305
f 47 944 1536
f 1536 1305 47
f 370 1 92
f 92 47 370
f 47 1305 370
f 734 275 1102
f 1102 178 1082
f 1102 275 178
f 178 275 624
f 624 228 178
f 476 734 372
f 1429 492 372
f 492 479 372
f 1429 1292 1267
f 1314 94 1267
f 1306 249 89
f 209 1159 562
f 562 1174 209
f 209 1174 1159
f 492 1159 348
f 348 1174 492
f 1159 1174 348
f 1473 795 492
f 492 1174 1473
f 1473 1174 795
f 452 479 795
f 1100 520 1594
f 1287 257 1417
f 1417 257 247
f 1318 12 1073
f 1073 12 794
f 1073 1232 1318
f 794 1232 1073
f 1225 727 401
f 1225 1593 727
f 794 1593 1061
f 1593 1225 1061
f 1061 1225 401
f 1061 1421 463
f 119 193 292
f 292 1567 119
f 193 1567 292
f 488 1567 1205
f 1213 47 92
f 688 1539 1239
f 1539 950 1239
f 182 1201 1609
f 775 1337 182
f 433 942 1196
f 433 1196 182
f 182 1590 433
f 1196 942 606
f 942 433 606
f 1125 1325 486
f 486 1578 1125
f 1125 1578 1325
f 1119 982 528
f 528 982 817
f 528 1605 1119
f 817 1605 528
f 1364 823 1251
f 1251 53 1364
f 1364 840 823
f 53 840 1364
f 584 840 53
f 1438 631 615
f 1438 1219 631
f 1438 801 1311
f 1497 772 1236
f 1236 1460 1497
f 1460 374 1497
f 1497 374 631
f 1103 1570 240
f 1595 177 1048
f 225 1595 1048
f 1048 1311 225
f 1048 1219 125
f 1048 177 1219
f 1066 128 1255
f 244 914 975
f 244 415 914
f 975 854 244
f 128 415 244
f 1097 383 747
f 504 1129 1403
f 1276 90 577
f 90 1241 577
f 661 1403 1241
f 504 1403 661
f 661 1241 1580
f 625 970 1419
f 1516 1445 1419
f 714 911 1086
f 1443 1564 627
f 1569 714 627
f 627 1086 1443
f 627 714 1086
f 1059 1569 359
f 359 627 1564
f 1569 627 359
f 911 714 323
f 1005 1086 560
f 1086 911 560
f 911 323 560
f 1518 1528 1516
f 1516 990 1518
f 1518 990 1295
f 1533 1360 1317
f 1317 1360 1099
f 1317 1058 1533
f 534 1058 1317
f 29 1371 987
f 26 29 693
f 693 1270 26
f 29 987 693
f 1214 1270 693
f 693 987 1214
f 1552 190 559
f 91 1148 1341
f 1341 1148 1546
f 371 493 1594
f 1594 1148 371
f 1081 1546 1594
f 1594 520 1081
f 520 732 1081
f 1081 732 229
f 229 299 1081
f 800 1072 510
f 800 299 1072
f 510 27 800
f 800 27 299
f 752 1456 993
f 1586 1157 1309
f 91 993 1309
f 382 27 510
f 299 27 307
f 752 299 307
f 307 1456 752
f 38 443 1193
f 553 1509 567
f 1509 423 567
f 1169 1108 247
f 1169 1509 38
f 1126 924 368
f 169 247 497
f 497 924 169
f 465 1494 998
f 465 1244 1494
f 998 1361 465
f 1361 1244 465
f 922 251 1139
f 214 805 564
f 419 1271 588
f 1321 378 1107
f 1107 564 1321
f 897 1223 210
f 737 908 376
f 934 1008 1506
f 865 1553 1506
f 347 321 1457
f 845 346 1308
f 346 360 1308
f 1459 525 364
f 364 1553 1459
f 364 460 1180
f 745 460 364
f 568 460 654
f 654 460 745
f 745 364 654
f 654 364 1476
f 441 654 1476
f 1476 364 441
f 525 957 441
f 441 364 525
f 1181 451 115
f 1181 536 451
f 1581 1530 639
f 639 495 1581
f 1441 771 1221
f 472 771 1441
f 1441 1324 472
f 170 472 283
f 170 771 472
f 170 839 1522
f 170 283 839
f 170 1545 1171
f 1171 771 170
f 1265 690 30
f 30 653 1265
f 591 653 30
f 148 517 1118
f 716 304 148
f 148 304 517
f 102 893 466
f 426 893 102
f 566 735 324
f 324 239 566
f 1522 890 598
f 598 170 1522
f 1545 170 598
f 1056 1354 571
f 571 1354 274
f 453 1544 1582
f 1582 480 453
f 453 104 873
f 453 480 104
f 873 1455 453
f 9 640 875
f 875 1015 9
f 9 857 640
f 1015 857 9
f 640 857 353
f 377 825 1529
f 1091 1478 1425
f 446 1120 474
f 243 446 1002
f 446 691 1002
f 1120 744 1170
f 1358 1006 1350
f 1191 1354 1056
f 1347 373 808
f 808 554 1347
f 1347 554 1303
f 1303 722 1347
f 282 507 1198
f 66 790 1198
f 1198 790 282
f 18 613 1161
f 1161 885 18
f 1355 841 1257
f 841 507 1123
f 572 766 326
f 74 1274 1240
f 572 326 74
f 74 326 1274
f 74 286 572
f 74 51 1402
f 1402 286 74
f 1240 1274 475
f 285 1384 1592
f 766 1548 1589
f 1589 1340 766
f 766 1340 469
f 469 475 1274
f 1000 24 940
f 24 435 940
f 1600 1032 1083
f 1083 516 1600
f 1083 1302 516
f 955 1521 786
f 955 835 1521
f 931 1032 1093
f 1093 1583 82
f 1093 1150 1583
f 1093 1032 1150
f 1506 1008 1093
f 82 1183 686
f 1183 1411 686
f 686 1093 82
f 1490 1218 220
f 1490 1411 1218
f 842 236 21
f 21 1245 842
f 236 1245 21
f 81 151 226
f 81 226 551
f 81 1408 592
f 592 151 81
f 551 448 81
f 645 1408 81
f 81 448 947
f 947 645 81
f 1075 1387 1384
f 1384 151 1075
f 1384 226 974
f 974 151 1384
f 226 151 974
f 277 544 271
f 271 544 23
f 246 544 277
f 246 587 544
f 1326 736 100
f 1382 108 100
f 100 108 551
f 1365 1549 294
f 875 849 185
f 1238 100 1336
f 551 236 1336
f 1336 100 551
f 609 1222 132
f 132 1222 1137
f 223 43 947
f 947 448 223
f 1173 610 208
f 1173 1019 85
f 1173 71 6
f 1173 6 1019
f 85 679 1173
f 679 610 1173
f 968 85 377
f 968 679 85
f 968 1374 679
f 221 7 869
f 477 233 262
f 1355 233 477
f 477 991 1355
f 409 610 679
f 409 1478 610
f 679 1374 409
f 7 438 762
f 262 233 762
f 1355 7 762
f 762 233 1355
f 1467 632 1290
f 1265 51 1467
f 1467 1290 1265
f 851 632 1467
f 51 74 1467
f 1404 704 637
f 1602 704 1404
f 1558 306 2
f 2 306 1307
f 759 1155 1392
f 1537 759 1392
f 1307 621 1392
f 1392 621 1537
f 360 1243 651
f 651 1308 360
f 535 1168 638
f 638 1378 535
f 638 451 527
f 1168 451 638
f 527 1155 638
f 638 1155 337
f 337 1342 638
f 1342 1378 638
f 786 535 697
f 535 1378 697
f 697 1606 786
f 875 640 574
f 640 1207 574
f 574 1365 875
f 574 1207 1365
f 1254 634 1479
f 1524 1207 903
f 1365 1207 1524
f 1524 634 1365
f 1524 1479 634
f 838 960 109
f 838 109 556
f 556 977 838
f 109 960 1277
f 818 289 898
f 385 289 818
f 898 158 818
f 818 158 1397
f 818 1397 327
f 327 385 818
f 1039 977 232
f 232 289 192
f 192 1039 232
f 881 1039 192
f 192 289 385
f 1116 437 149
f 881 192 149
f 149 838 977
f 149 385 1116
f 149 192 385
f 977 1039 149
f 149 1039 881
f 334 1329 1230
f 334 549 1329
f 171 549 1436
f 171 1436 109
f 751 250 604
f 604 514 751
f 1116 250 751
f 751 514 1116
f 424 668 131
f 131 668 158
f 376 908 608
f 608 757 376
f 1597 1045 608
f 608 1045 110
f 608 908 1223
f 1223 897 608
f 608 897 1597
f 1399 868 395
f 537 868 1088
f 537 395 868
f 258 1376 389
f 659 906 50
f 906 1469 50
f 3 167 676
f 676 83 3
f 3 83 659
f 659 50 3
f 41 1469 1142
f 41 1232 1469
f 41 992 1318
f 1318 1232 41
f 497 877 1062
f 1062 1316 497
f 877 1316 1062
f 313 855 497
f 906 1345 558
f 1345 855 558
f 855 313 558
f 497 906 558
f 558 313 497
f 1568 832 1026
f 1568 1026 791
f 791 184 1568
f 1500 184 706
f 706 184 791
f 249 643 706
f 706 791 802
f 802 249 706
f 440 878 706
f 1389 440 756
f 756 643 249
f 565 645 947
f 1416 256 1381
f 1381 256 495
f 1489 1416 1381
f 619 1482 603
f 748 148 1118
f 1212 870 782
f 782 996 1212
f 601 778 1
f 1305 778 601
f 1232 778 1029
f 778 1536 1029
f 1029 1536 791
f 1029 791 909
f 909 1232 1029
f 636 972 508
f 508 249 802
f 89 249 508
f 508 1306 89
f 1429 372 312
f 476 372 861
f 861 372 479
f 33 293 268
f 1429 563 268
f 268 293 1429
f 929 1292 1429
f 1429 293 929
f 33 1038 1491
f 1491 293 33
f 1314 1267 1424
f 1424 1267 1292
f 789 1174 562
f 562 972 789
f 157 1315 862
f 456 402 157
f 157 452 1315
f 479 452 157
f 402 861 157
f 157 861 479
f 1367 339 636
f 1367 1557 862
f 862 1315 1367
f 636 146 1367
f 1315 452 943
f 943 452 339
f 636 339 379
f 339 452 379
f 529 1108 1289
f 247 1108 529
f 529 1417 247
f 529 1157 1287
f 1287 1417 529
f 1594 493 165
f 493 1428 165
f 1 794 154
f 794 1061 154
f 92 1 154
f 1284 1061 401
f 1421 1061 1284
f 1284 303 1421
f 1335 488 1205
f 1567 488 730
f 333 1339 730
f 730 1335 367
f 488 1335 730
f 1539 1337 338
f 1337 775 338
f 182 1609 1286
f 1286 775 182
f 96 715 1514
f 1514 433 96
f 1590 715 96
f 96 433 1590
f 1176 212 182
f 1176 193 212
f 1176 1333 193
f 182 1196 1176
f 840 584 392
f 392 696 840
f 225 696 392
f 1090 696 225
f 225 1311 1090
f 1311 801 1090
f 948 1438 1311
f 1219 1438 948
f 631 836 1089
f 1089 1497 631
f 518 350 1570
f 1570 1103 518
f 287 504 678
f 1255 128 1538
f 128 244 1538
f 513 383 1405
f 513 747 383
f 1496 191 1448
f 1448 191 854
f 1448 854 975
f 1110 1496 287
f 1110 191 1496
f 1516 1419 1534
f 358 315 823
f 358 1610 1059
f 1059 359 358
f 1564 315 358
f 358 823 1018
f 1018 646 358
f 674 1569 1059
f 674 560 323
f 674 714 1569
f 674 323 714
f 1059 1214 674
f 1214 560 674
f 1099 1360 62
f 62 1518 1295
f 1528 1518 62
f 62 990 1005
f 1295 990 62
f 1214 1099 62
f 1005 560 62
f 62 560 1214
f 1433 1360 1533
f 57 1099 1214
f 57 1317 1099
f 1371 1317 57
f 1214 987 57
f 57 987 1371
f 605 1317 1371
f 605 1371 652
f 510 534 605
f 534 1317 605
f 605 382 510
f 652 382 605
f 1312 61 1252
f 1552 559 444
f 501 1552 444
f 444 1450 501
f 1338 299 752
f 1338 1081 299
f 1178 993 1456
f 1178 1309 993
f 27 382 1178
f 29 1586 1178
f 1586 1309 1178
f 1178 382 652
f 652 1371 1178
f 1178 1371 29
f 1472 1157 493
f 1472 1309 1157
f 91 1309 1351
f 1351 1148 91
f 265 1169 38
f 1108 1169 265
f 1147 1126 423
f 1147 423 1509
f 357 378 1321
f 522 251 922
f 130 522 922
f 719 522 130
f 251 237 689
f 378 357 689
f 588 378 689
f 689 357 1117
f 1117 1139 689
f 689 1139 251
f 1485 1465 922
f 922 1139 1485
f 833 419 588
f 1092 419 542
f 419 833 542
f 1579 419 1092
f 805 214 1579
f 1514 805 1579
f 1579 433 1514
f 1092 433 1579
f 1271 419 743
f 564 1107 743
f 342 110 332
f 110 1045 332
f 332 1045 1597
f 210 322 502
f 502 897 210
f 1562 981 1426
f 1562 1426 428
f 831 757 342
f 971 548 321
f 1488 1209 971
f 1209 548 971
f 1607 93 1074
f 1607 618 93
f 1182 618 1607
f 210 1223 31
f 63 931 213
f 213 1036 1439
f 570 468 1418
f 786 1521 777
f 777 97 786
f 115 97 777
f 753 777 1521
f 1209 1553 895
f 1553 865 895
f 1320 809 235
f 1180 1036 400
f 400 364 1180
f 1553 364 400
f 568 654 168
f 168 654 1540
f 755 957 202
f 1540 654 155
f 845 809 159
f 159 1543 845
f 159 809 1320
f 1505 957 845
f 845 1543 1505
f 1418 468 1505
f 1505 1543 1418
f 234 651 1243
f 234 235 576
f 536 235 234
f 451 536 234
f 1243 161 234
f 1418 1543 491
f 623 1181 1114
f 1114 1181 115
f 1114 1204 623
f 421 639 1530
f 963 524 657
f 690 524 963
f 963 657 318
f 318 1296 963
f 1162 963 1296
f 1162 1296 716
f 716 148 1162
f 148 748 1162
f 591 30 1162
f 1162 748 591
f 1278 1482 1171
f 1171 760 1278
f 1278 760 1482
f 1158 1451 189
f 1432 1431 1246
f 1246 201 1432
f 1246 1431 893
f 1246 893 735
f 546 890 1310
f 546 487 890
f 1545 598 15
f 1171 1545 15
f 139 453 1455
f 139 1455 663
f 663 1435 139
f 1111 1544 1470
f 274 1111 1470
f 983 1529 825
f 262 762 915
f 915 474 1120
f 915 477 262
f 1355 991 986
f 986 841 1355
f 986 740 841
f 986 1170 744
f 1493 720 841
f 1493 506 720
f 841 740 1493
f 329 593 936
f 936 720 329
f 1056 1350 290
f 290 1350 1006
f 290 1191 1056
f 351 722 590
f 351 1347 722
f 1515 1588 1216
f 1216 613 1515
f 1359 103 790
f 1263 1079 1527
f 1527 949 1263
f 1165 1527 1303
f 1165 949 1527
f 442 885 1161
f 1161 540 442
f 1355 1257 478
f 478 540 1161
f 1161 7 478
f 478 7 1355
f 885 442 80
f 80 442 540
f 540 478 80
f 80 478 1257
f 1269 507 282
f 1269 1123 507
f 1606 697 1184
f 1240 1606 1184
f 1184 74 1240
f 285 1592 1166
f 1166 1592 1302
f 1166 1589 285
f 1302 1589 1166
f 1384 1387 417
f 417 1592 1384
f 285 1589 1508
f 1508 842 285
f 1548 127 1508
f 1508 684 842
f 1508 127 684
f 766 469 1247
f 1247 469 1274
f 1247 326 766
f 1274 326 1247
f 111 469 1226
f 1226 835 111
f 111 1606 1240
f 835 1606 111
f 435 1083 1554
f 1000 940 1554
f 1554 940 435
f 1554 931 1000
f 1554 1083 931
f 1302 1083 834
f 1226 469 834
f 834 469 1340
f 834 1589 1302
f 1340 1589 834
f 677 1032 931
f 931 1083 677
f 677 1083 1032
f 1395 1606 835
f 835 955 1395
f 648 865 1506
f 1506 1093 648
f 220 1218 1033
f 1396 1075 151
f 1206 322 1396
f 1396 151 1206
f 1396 322 673
f 673 1523 1396
f 1523 1075 1396
f 75 271 23
f 136 736 1326
f 1382 100 723
f 723 100 736
f 1365 294 194
f 875 1365 194
f 194 849 875
f 1037 609 1510
f 1222 609 1037
f 141 609 132
f 1152 1137 945
f 132 1137 1152
f 945 779 1152
f 754 1275 1344
f 448 108 345
f 345 223 448
f 302 1173 208
f 71 1173 302
f 1566 438 7
f 7 221 1566
f 867 1190 869
f 869 1091 867
f 1091 1190 867
f 219 461 470
f 637 704 1156
f 1156 704 242
f 1559 219 1558
f 1559 461 219
f 1558 2 1559
f 1447 461 1559
f 1559 2 1307
f 1307 1392 1559
f 1559 1155 1447
f 1559 1392 1155
f 921 1155 527
f 1447 1155 49
f 49 161 1447
f 1155 921 49
f 49 921 527
f 49 234 161
f 527 451 49
f 451 234 49
f 1447 161 1128
f 1308 651 67
f 526 1524 903
f 65 1524 526
f 437 1329 1501
f 1501 1277 960
f 1501 616 109
f 109 1277 1501
f 411 149 437
f 437 1501 411
f 411 1501 960
f 1329 549 1571
f 158 1555 889
f 889 131 158
f 1555 424 889
f 424 131 889
f 342 757 32
f 757 608 32
f 32 110 342
f 32 608 110
f 662 537 1088
f 94 389 1462
f 1462 389 1376
f 94 698 913
f 913 389 94
f 698 500 913
f 1363 41 1142
f 992 41 1363
f 1363 1142 497
f 497 992 1363
f 988 184 1388
f 995 1494 1388
f 561 238 1388
f 1388 1244 561
f 1494 1244 1388
f 1076 184 988
f 1076 1568 184
f 1500 706 649
f 649 706 878
f 649 878 995
f 471 756 440
f 643 756 471
f 440 706 471
f 471 706 643
f 599 1282 853
f 853 565 599
f 947 1368 1229
f 1229 565 947
f 599 565 1229
f 1118 573 852
f 852 748 1118
f 852 573 1233
f 298 146 636
f 636 508 298
f 1011 508 972
f 562 1159 1011
f 1011 972 562
f 1306 508 1011
f 1011 1612 1306
f 1159 440 1011
f 1389 1612 1011
f 1011 440 1389
f 802 791 812
f 791 944 812
f 396 1584 807
f 807 1584 944
f 807 944 47
f 47 1339 807
f 614 563 1429
f 1429 312 614
f 178 456 1420
f 456 157 1420
f 1557 1367 768
f 768 1367 146
f 270 925 153
f 153 1193 270
f 270 1193 443
f 860 529 1289
f 1157 529 276
f 493 1157 276
f 276 1428 493
f 820 154 1061
f 820 279 92
f 92 154 820
f 119 1567 820
f 820 1567 279
f 820 463 119
f 820 1061 463
f 1604 1205 193
f 1604 1335 1205
f 193 1333 1604
f 1567 730 918
f 92 1567 918
f 918 1213 92
f 1343 1339 47
f 1343 730 1339
f 47 1213 1343
f 783 392 584
f 531 392 783
f 1023 531 783
f 125 1219 207
f 1219 948 207
f 207 948 1311
f 207 1048 125
f 1311 1048 207
f 772 1497 1313
f 1497 1089 1313
f 240 772 1313
f 1313 1089 891
f 1313 891 240
f 350 518 1049
f 891 1089 1049
f 836 350 1049
f 1049 1089 836
f 287 678 1504
f 1504 678 128
f 128 1066 1504
f 196 1419 970
f 196 1534 1419
f 1513 358 359
f 545 1360 811
f 545 62 1360
f 811 1013 545
f 545 1013 501
f 501 1106 545
f 106 1433 1533
f 1533 1252 106
f 106 1252 61
f 1312 1072 1192
f 1192 1224 1312
f 1475 61 1312
f 1312 1224 1475
f 617 307 27
f 27 1178 617
f 924 1126 1280
f 712 237 251
f 251 522 712
f 550 522 874
f 874 522 719
f 922 1499 1542
f 1542 130 922
f 1499 1562 1542
f 588 689 1047
f 1047 689 237
f 728 606 433
f 1092 542 728
f 728 433 1092
f 1196 606 728
f 728 1176 1196
f 1333 1176 728
f 728 542 1333
f 1271 743 176
f 176 743 1107
f 588 1271 176
f 739 743 419
f 959 589 42
f 589 537 42
f 367 1335 1189
f 1335 1603 1189
f 959 42 1215
f 1399 395 763
f 763 537 589
f 395 537 763
f 763 589 959
f 959 1215 763
f 538 502 322
f 538 322 1208
f 1208 897 538
f 462 1426 355
f 462 428 1426
f 1572 1273 1283
f 1608 541 1283
f 1283 1525 1608
f 220 1033 976
f 394 1607 1608
f 1608 586 394
f 73 737 376
f 376 586 73
f 908 737 1151
f 1223 908 1151
f 1151 31 1223
f 971 682 1096
f 1488 971 1096
f 1096 447 1488
f 397 682 1105
f 1105 1218 1183
f 1105 1183 1414
f 1414 397 1105
f 1297 682 971
f 521 686 267
f 1281 213 931
f 931 1093 1281
f 1281 1093 1008
f 115 777 1442
f 777 753 1442
f 1160 1065 1199
f 1199 273 202
f 202 957 1199
f 912 895 311
f 321 1294 1063
f 36 1490 220
f 1308 67 25
f 1320 235 390
f 390 235 536
f 700 400 934
f 700 934 1506
f 1535 1521 568
f 1535 753 1521
f 654 441 984
f 984 155 654
f 814 159 1320
f 647 200 1418
f 1418 491 647
f 699 1530 683
f 699 421 1530
f 1279 30 690
f 690 963 1279
f 1279 1162 30
f 963 1162 1279
f 917 15 598
f 1544 453 1486
f 1486 1470 1544
f 65 526 1285
f 205 722 641
f 590 722 205
f 205 684 590
f 205 1015 684
f 205 1330 1015
f 633 983 825
f 633 1425 1478
f 450 915 762
f 450 762 438
f 377 887 1228
f 1053 1146 1228
f 887 1053 1228
f 888 825 377
f 888 1146 825
f 377 1228 888
f 888 1228 1146
f 1113 986 744
f 740 986 1113
f 720 506 1131
f 1131 329 720
f 590 1548 436
f 436 351 590
f 436 1548 320
f 320 373 436
f 373 1347 436
f 1347 351 436
f 1194 103 664
f 664 1588 1194
f 1588 1515 1194
f 790 103 1194
f 790 1079 1259
f 1079 1263 1259
f 1541 1257 841
f 841 1009 1541
f 841 1123 804
f 804 1009 841
f 1342 1184 144
f 144 1184 697
f 144 1378 1342
f 144 697 1378
f 330 1342 851
f 330 1184 1342
f 74 1184 330
f 851 1467 330
f 330 1467 74
f 407 417 1387
f 494 1523 78
f 494 417 1523
f 1592 417 494
f 78 516 494
f 516 1302 494
f 1302 1592 494
f 449 1589 1548
f 1548 1508 449
f 449 1508 1589
f 475 469 445
f 469 111 445
f 245 835 1226
f 435 835 245
f 380 1083 435
f 380 834 1083
f 435 245 380
f 1226 834 380
f 380 245 1226
f 23 43 597
f 597 75 23
f 746 136 587
f 587 246 746
f 815 544 405
f 544 587 405
f 672 607 132
f 1132 100 1238
f 1132 672 100
f 1222 1037 707
f 707 1037 294
f 707 294 1549
f 1510 849 40
f 40 1037 1510
f 875 185 859
f 185 1140 859
f 1140 1471 859
f 859 1471 224
f 859 684 875
f 859 224 684
f 22 70 758
f 22 1140 185
f 1187 849 1510
f 1187 185 849
f 1238 1336 1085
f 1188 141 68
f 609 141 1188
f 532 1336 68
f 68 141 532
f 496 1137 1222
f 242 1561 1177
f 1447 1128 1551
f 1186 1404 637
f 1186 300 1404
f 651 234 215
f 215 67 651
f 215 234 576
f 1141 1501 1329
f 375 411 960
f 149 411 375
f 960 838 375
f 838 149 375
f 549 171 784
f 784 1571 549
f 333 662 1258
f 1466 662 1088
f 1088 1398 1466
f 1466 298 667
f 204 238 832
f 204 1388 238
f 832 1568 204
f 988 1388 204
f 1260 853 1282
f 565 853 1260
f 1260 1282 645
f 645 565 1260
f 1368 253 408
f 408 1229 1368
f 253 717 408
f 408 717 556
f 556 899 408
f 899 599 408
f 599 1229 408
f 1144 1451 1158
f 1144 1087 1451
f 967 573 1144
f 1144 1233 967
f 1144 1158 1233
f 162 852 1233
f 748 852 162
f 1233 591 162
f 591 748 162
f 146 1398 291
f 291 1088 178
f 291 1398 1088
f 1256 1398 146
f 146 298 1256
f 1256 1466 1398
f 298 1466 1256
f 667 298 272
f 272 508 802
f 272 298 508
f 1301 1573 452
f 902 379 452
f 452 1573 902
f 1573 1301 858
f 153 529 583
f 529 860 583
f 1100 60 1262
f 288 529 153
f 153 60 288
f 288 276 529
f 129 165 1428
f 129 1100 1594
f 1594 165 129
f 1379 1604 1333
f 1333 542 1379
f 1379 542 833
f 1379 833 1335
f 1335 1604 1379
f 1520 730 367
f 367 1574 1520
f 537 662 523
f 730 1343 1153
f 1213 918 1153
f 1153 1343 1213
f 1564 358 142
f 358 1513 142
f 1528 62 705
f 62 545 705
f 1445 1528 705
f 190 1433 387
f 1433 106 387
f 387 559 190
f 1126 1147 1575
f 1575 1280 1126
f 1335 833 656
f 656 1603 1335
f 325 874 719
f 52 874 342
f 946 214 564
f 946 1366 214
f 99 1579 214
f 419 1579 99
f 99 739 419
f 588 176 366
f 366 176 1107
f 366 378 588
f 366 1107 378
f 1211 42 1603
f 829 1215 1211
f 1211 1215 42
f 342 332 1211
f 1603 42 1017
f 367 1189 1017
f 1017 1189 1603
f 439 763 1215
f 439 1215 829
f 301 994 1399
f 1399 763 301
f 897 502 1461
f 1461 538 897
f 502 538 1461
f 93 462 658
f 658 462 355
f 428 462 420
f 342 325 420
f 1182 1607 826
f 1607 973 826
f 884 618 1182
f 1415 586 1608
f 1608 1525 1415
f 923 1283 541
f 1572 1283 923
f 923 541 1608
f 1608 1607 923
f 923 1607 1074
f 1074 447 923
f 447 1096 923
f 1454 1151 397
f 31 1151 1454
f 1454 397 1414
f 1414 210 1454
f 210 31 1454
f 1069 152 932
f 199 682 397
f 199 1096 682
f 816 682 1001
f 816 1105 682
f 816 1001 1218
f 1218 1105 816
f 1135 1297 1163
f 1001 682 1135
f 682 1297 1135
f 1163 1297 880
f 880 1297 971
f 971 976 880
f 880 976 1033
f 1457 321 966
f 321 548 966
f 1175 521 135
f 135 521 267
f 1457 1175 135
f 135 347 1457
f 1008 934 539
f 539 1281 1008
f 344 213 1439
f 1439 164 344
f 1565 1299 63
f 63 213 1565
f 1439 1299 1565
f 1565 164 1439
f 213 344 1565
f 1565 344 164
f 115 1442 1380
f 1380 570 1418
f 273 1199 1220
f 1220 1199 1065
f 895 912 305
f 305 548 1209
f 1209 895 305
f 1348 971 321
f 321 1063 1348
f 261 36 220
f 1294 36 261
f 261 1063 1294
f 1308 25 503
f 503 25 235
f 576 235 985
f 235 25 985
f 1506 1553 692
f 692 700 1506
f 1553 400 692
f 400 700 692
f 894 403 753
f 894 1220 403
f 568 168 1084
f 1540 655 1084
f 1084 168 1540
f 1507 441 957
f 957 755 1507
f 48 814 623
f 159 814 48
f 623 1204 956
f 956 647 623
f 200 647 956
f 189 901 1054
f 1054 1197 189
f 575 1197 1054
f 1115 575 1054
f 1080 189 1451
f 1080 901 189
f 143 917 1482
f 1482 760 143
f 15 917 143
f 143 760 1171
f 1171 15 143
f 1470 1486 413
f 413 1285 1470
f 453 139 413
f 413 1486 453
f 65 1285 413
f 413 1524 65
f 1479 1524 413
f 1254 1479 413
f 413 1435 1254
f 413 139 1435
f 903 640 295
f 640 353 295
f 295 526 903
f 295 1285 526
f 1330 174 1014
f 203 1015 1014
f 1015 1330 1014
f 1322 174 935
f 935 174 1330
f 530 205 641
f 1046 633 1478
f 983 633 1046
f 474 915 1400
f 915 1266 1400
f 825 1146 37
f 37 633 825
f 915 633 37
f 1425 633 54
f 54 633 915
f 830 1515 613
f 613 821 830
f 675 919 282
f 282 790 675
f 175 1359 790
f 821 1009 711
f 1009 804 711
f 711 830 821
f 1387 1075 116
f 116 407 1387
f 417 407 1453
f 1453 1075 1523
f 1523 417 1453
f 933 912 311
f 933 1300 1352
f 1352 966 933
f 736 136 14
f 136 746 14
f 356 779 945
f 179 779 356
f 356 405 179
f 179 405 685
f 685 405 1040
f 1383 405 587
f 1040 405 1383
f 672 1132 467
f 758 224 1353
f 224 1471 1353
f 1336 388 952
f 1427 388 1336
f 1427 236 758
f 1427 1336 236
f 434 22 185
f 70 22 434
f 185 1187 1052
f 1137 496 230
f 230 1344 1275
f 354 882 346
f 336 882 354
f 354 1127 336
f 354 346 1602
f 55 161 1243
f 55 882 336
f 55 515 161
f 1602 1404 1412
f 1412 354 1602
f 1127 354 1412
f 1404 300 393
f 1561 391 431
f 431 391 470
f 431 1177 1561
f 431 470 461
f 461 1177 431
f 219 470 281
f 470 391 281
f 1179 1413 1156
f 1179 1156 242
f 979 1413 1179
f 242 1177 1179
f 1179 1177 461
f 1179 1551 979
f 1179 461 1447
f 1447 1551 1179
f 147 300 1156
f 1156 1413 147
f 1156 300 1532
f 300 1186 1532
f 637 1156 1532
f 1532 1186 637
f 616 1501 1385
f 1501 1141 1385
f 1064 1466 667
f 1064 1258 662
f 1064 807 1339
f 1064 1339 333
f 333 1258 1064
f 396 807 1064
f 667 272 1064
f 1064 272 396
f 1451 1087 218
f 810 1144 573
f 810 573 619
f 619 603 810
f 396 272 798
f 802 812 798
f 798 272 802
f 713 789 972
f 972 858 713
f 713 858 1301
f 695 972 636
f 695 858 972
f 153 925 1393
f 1393 60 153
f 1122 60 1100
f 1100 129 1122
f 770 1520 1574
f 333 730 770
f 730 1520 770
f 384 523 1574
f 384 1574 367
f 384 42 537
f 537 523 384
f 904 918 730
f 730 1153 904
f 904 1153 918
f 550 874 145
f 1603 656 145
f 145 1211 1603
f 342 874 828
f 828 325 342
f 874 325 828
f 214 1366 369
f 369 99 214
f 1022 332 1597
f 1022 439 332
f 763 439 1022
f 1022 301 763
f 864 462 93
f 1373 138 831
f 843 88 973
f 757 88 843
f 376 757 843
f 376 1098 1598
f 1598 586 376
f 1598 394 586
f 1607 394 1598
f 1598 1098 1607
f 505 5 737
f 505 1283 1273
f 1273 5 505
f 241 1151 737
f 1028 425 241
f 1028 989 1217
f 1217 425 1028
f 1217 241 425
f 397 1151 1217
f 1151 241 1217
f 64 1069 328
f 397 1217 211
f 211 199 397
f 635 966 1352
f 213 1281 827
f 1281 539 827
f 827 539 934
f 934 400 827
f 1036 213 827
f 827 400 1036
f 1599 1112 1442
f 1599 1065 1160
f 570 1380 978
f 978 1380 1442
f 1442 1112 978
f 753 1535 844
f 844 894 753
f 273 1220 181
f 1220 894 181
f 755 1084 1124
f 1124 1084 655
f 806 1535 568
f 406 48 623
f 1164 280 641
f 1470 280 1164
f 1470 1285 1550
f 1550 280 1470
f 641 280 430
f 430 530 641
f 187 1266 915
f 915 37 187
f 915 450 1401
f 1091 1425 1401
f 1401 54 915
f 1425 54 1401
f 269 830 919
f 1515 830 269
f 790 1259 1503
f 1503 175 790
f 1449 933 311
f 521 933 1449
f 1093 686 1449
f 686 521 1449
f 1101 933 521
f 1300 933 1101
f 607 672 137
f 672 467 137
f 68 1336 222
f 758 70 896
f 896 1427 758
f 629 1052 120
f 185 1052 629
f 785 141 132
f 132 1483 785
f 1272 1483 132
f 1344 230 1130
f 1130 230 496
f 1138 55 1243
f 882 55 1138
f 1138 1243 346
f 346 882 1138
f 662 1466 765
f 765 1064 662
f 1466 1064 765
f 126 1531 964
f 964 218 126
f 1451 218 964
f 1327 1531 126
f 487 1531 1327
f 890 487 1327
f 581 1262 60
f 60 1393 581
f 1574 523 314
f 314 770 1574
f 550 145 555
f 555 145 656
f 555 656 833
f 588 550 555
f 555 833 588
f 874 52 1304
f 1304 145 874
f 1304 52 342
f 342 1211 1304
f 1211 145 1304
f 1597 897 954
f 301 1022 954
f 954 897 1208
f 1208 509 954
f 954 509 1480
f 1480 994 954
f 994 301 954
f 780 1373 10
f 10 1373 831
f 10 831 342
f 342 420 10
f 10 420 462
f 138 1373 866
f 618 884 866
f 93 618 681
f 681 1373 780
f 780 864 681
f 681 864 93
f 429 973 1607
f 1607 843 429
f 429 843 973
f 1607 1098 644
f 644 843 1607
f 644 1098 376
f 376 843 644
f 152 241 847
f 932 152 847
f 847 5 1273
f 847 1273 1572
f 1572 923 847
f 847 1096 932
f 847 923 1096
f 1028 241 1030
f 1030 241 152
f 1030 64 989
f 1030 989 1028
f 152 1069 1030
f 1069 64 1030
f 742 211 1217
f 1069 211 742
f 328 1069 742
f 1457 966 961
f 966 635 961
f 1065 1599 799
f 799 1599 1442
f 1323 1507 755
f 755 1124 1323
f 568 1084 718
f 718 806 568
f 623 647 198
f 1322 1550 793
f 793 1550 1285
f 793 174 1322
f 481 1190 1091
f 1091 1401 481
f 919 675 669
f 669 269 919
f 1336 952 1167
f 1167 222 1336
f 341 629 120
f 1085 1272 1298
f 485 393 300
f 485 206 393
f 709 206 161
f 161 515 709
f 455 523 662
f 35 1022 1597
f 1597 954 35
f 35 954 1022
f 150 866 884
f 138 866 150
f 5 847 612
f 612 847 241
f 737 5 612
f 612 241 737
f 796 406 623
f 623 198 796
f 1264 1401 450
f 1264 481 1401
f 761 341 120
f 222 1167 761
f 1238 1085 787
f 1085 1298 787
f 393 206 837
f 206 709 837
f 662 314 999
f 999 455 662
f 999 314 523
f 523 455 999
f 803 761 1167
f 341 761 803
f 132 607 1078
f 1078 1349 132
f 1077 1272 132
f 132 1349 1077
f 1077 1298 1272
f 134 1560 1253
f 738 134 1253
f 1253 1560 56
f 1253 958 738
f 56 731 1253
f 552 98 879
f 1410 98 552
f 879 1611 552
f 1512 296 1522
f 1522 839 1512
f 839 166 1512
f 197 797 1234
f 1234 105 197
f 197 105 750
f 197 900 797
f 850 926 543
f 543 892 850
f 352 892 543
f 543 512 352
f 543 464 180
f 926 464 543
f 997 1434 1394
f 687 1434 997
f 997 489 687
f 941 483 499
f 1149 483 941
f 350 252 1095
f 1595 252 350
f 432 1570 350
f 350 1095 432
f 1094 916 4
f 1094 163 263
f 263 1027 1094
f 856 217 1094
f 1043 1556 1094
f 1094 1386 44
f 1242 163 1094
f 1094 217 1242
f 1094 1016 856
f 1027 916 1094
f 774 1375 1094
f 4 1446 1094
f 1094 362 1409
f 1094 1446 792
f 792 362 1094
f 1094 1556 774
f 1409 59 1094
f 1481 457 1094
f 1094 1375 1016
f 1094 729 1043
f 457 1386 1094
f 1094 260 1481
f 1094 59 260
f 1530 905 216
f 1530 1248 255
f 255 1477 1530
f 1530 1291 1248
f 1477 905 1530
f 1581 1291 1530
f 1050 1210 8
f 386 1050 8
f 459 1502 665
f 459 665 1430
f 459 1044 1502
f 1444 1044 459
f 702 1369 172
f 172 953 702
f 698 1369 702
f 1237 928 310
f 1051 1288 1237
f 310 95 1237
f 1237 343 1051
f 1237 547 928
f 1237 1288 547
f 1377 1185 72
f 72 34 1377
f 1377 34 1003
f 1377 490 324
f 1003 490 1377
f 324 741 1377
f 284 156 1328
f 39 579 284
f 284 579 156
f 1328 458 284
f 1024 112 381
f 381 596 1024
f 1024 666 112
f 1024 398 666
f 950 1134 1239
f 1239 1134 688
f 1241 1403 577
f 577 1129 1276
f 577 1403 1129
f 368 188 1126
f 1126 764 553
f 553 567 1126
f 188 1316 1126
f 1316 764 1126
f 1126 567 423
f 102 1012 426
f 1221 1012 102
f 102 466 122
f 122 1324 102
f 102 1441 1221
f 1324 1441 102
f 114 630 1002
f 1002 630 243
f 1002 1121 114
f 266 876 1002
f 876 1121 1002
f 1002 691 266
f 1198 720 1261
f 1198 1261 66
f 841 720 1198
f 1198 507 841
f 1230 1034 334
f 1034 533 334
f 334 1452 1492
f 1492 1596 334
f 334 1596 1436
f 334 533 1452
f 1436 549 334
f 3 50 1469
f 3 1469 167
f 1212 996 927
f 927 870 1212
f 601 370 1305
f 1 370 601
f 456 228 861
f 861 624 275
f 861 473 476
f 861 275 473
f 861 402 456
f 228 624 861
f 1424 1038 1314
f 1424 1491 1038
f 1292 929 1424
f 1424 929 293
f 293 1491 1424
f 249 1306 1612
f 1389 756 1612
f 1612 756 249
f 339 1367 943
f 943 1367 1315
f 1464 303 1284
f 401 1464 1284
f 1286 1609 1201
f 1286 1201 1539
f 1539 338 1286
f 1286 338 775
f 392 531 225
f 615 374 1090
f 1090 1438 615
f 1090 374 840
f 840 696 1090
f 801 1438 1090
f 678 661 1580
f 504 661 678
f 1580 128 678
f 1405 1331 1448
f 1448 513 1405
f 975 724 1448
f 1448 724 1097
f 1448 1331 1496
f 1097 747 1448
f 747 513 1448
f 358 646 248
f 358 248 1610
f 1433 1013 811
f 811 1360 1433
f 1552 1013 1433
f 1433 190 1552
f 1533 1058 1252
f 1252 1058 1312
f 91 1341 1338
f 1338 993 91
f 1338 1341 1546
f 1546 1081 1338
f 752 993 1338
f 1351 1472 493
f 1351 371 1148
f 493 371 1351
f 1309 1472 1351
f 1485 357 1321
f 1321 1465 1485
f 1485 1139 1117
f 1117 357 1485
f 1246 256 1416
f 1246 363 1334
f 1416 201 1246
f 1334 1172 1246
f 1172 256 1246
f 735 566 1246
f 1246 239 363
f 1246 566 239
f 1120 1170 986
f 986 915 1120
f 477 915 986
f 991 477 986
f 1111 1354 290
f 290 1544 1111
f 480 1544 290
f 290 1006 1527
f 622 569 290
f 290 569 480
f 290 1079 622
f 1527 1079 290
f 1354 1191 290
f 1395 955 786
f 786 1606 1395
f 1462 1376 1437
f 1462 1437 1429
f 1429 1267 1462
f 1462 1267 94
f 258 389 913
f 913 500 258
f 649 184 1500
f 995 1388 649
f 649 1388 184
f 1082 123 614
f 614 1102 1082
f 614 123 33
f 33 268 614
f 734 1102 614
f 614 372 734
f 614 312 372
f 614 268 563
f 133 1023 783
f 783 1422 133
f 783 53 1422
f 783 584 53
f 1049 1103 240
f 240 891 1049
f 1049 518 1103
f 1504 1110 287
f 1255 1538 1504
f 1504 1066 1255
f 1504 244 854
f 854 191 1504
f 1504 1538 244
f 191 1110 1504
f 196 1468 1516
f 501 628 196
f 196 628 1468
f 196 970 501
f 1516 1534 196
f 617 1178 1456
f 1456 307 617
f 1047 522 550
f 237 712 1047
f 1047 550 588
f 1047 712 522
f 814 1181 623
f 1320 390 814
f 536 1181 814
f 814 390 536
f 699 1381 495
f 683 595 699
f 1489 1381 699
f 595 893 699
f 699 1432 1489
f 495 639 699
f 699 1431 1432
f 893 1431 699
f 639 421 699
f 1197 575 1231
f 208 1158 1197
f 1231 6 1197
f 1158 189 1197
f 6 71 1197
f 1197 302 208
f 71 302 1197
f 593 329 1131
f 1498 593 1131
f 1131 744 1498
f 1131 1493 740
f 506 1493 1131
f 1131 1113 744
f 740 1113 1131
f 1541 18 885
f 613 18 1541
f 1541 821 613
f 885 80 1541
f 1541 80 1257
f 1541 1009 821
f 445 111 1240
f 1240 475 445
f 40 194 294
f 849 194 40
f 294 1037 40
f 1568 1076 204
f 204 1076 988
f 178 1420 291
f 862 1557 291
f 1557 768 291
f 291 157 862
f 291 1420 157
f 291 768 146
f 583 265 38
f 38 1193 583
f 1289 1108 583
f 583 1193 153
f 1108 265 583
f 583 860 1289
f 142 1513 359
f 142 359 1564
f 705 545 1106
f 705 1419 1445
f 625 1419 705
f 705 1106 625
f 61 1475 387
f 1072 1450 387
f 1450 444 387
f 387 1192 1072
f 387 444 559
f 387 106 61
f 1224 1192 387
f 387 1475 1224
f 1509 1169 1575
f 247 169 1575
f 1575 1169 247
f 1575 169 924
f 1575 1147 1509
f 924 1280 1575
f 439 1211 332
f 829 1211 439
f 658 1426 981
f 658 981 93
f 355 1426 658
f 1562 428 420
f 420 1542 1562
f 719 130 420
f 130 1542 420
f 420 325 719
f 1001 1135 880
f 1218 1001 880
f 880 1033 1218
f 880 1135 1163
f 267 686 135
f 1411 1490 135
f 1490 36 135
f 321 347 135
f 135 686 1411
f 135 1294 321
f 135 36 1294
f 220 976 261
f 971 1348 261
f 261 976 971
f 261 1348 1063
f 503 235 809
f 503 809 845
f 845 1308 503
f 985 25 67
f 985 215 576
f 67 215 985
f 956 1114 115
f 115 1380 956
f 1418 200 956
f 956 1380 1418
f 1204 1114 956
f 1478 409 1046
f 377 1529 1046
f 1529 983 1046
f 1046 968 377
f 1046 409 1374
f 1374 968 1046
f 711 1269 282
f 919 830 711
f 711 804 1123
f 1123 1269 711
f 282 919 711
f 407 116 1453
f 1453 116 1075
f 933 966 548
f 548 305 933
f 933 305 912
f 14 108 1382
f 277 271 14
f 14 345 108
f 1382 723 14
f 14 597 43
f 14 246 277
f 43 223 14
f 271 75 14
f 14 746 246
f 14 723 736
f 223 345 14
f 75 597 14
f 132 1152 1383
f 1383 136 1326
f 179 685 1383
f 1326 100 1383
f 587 136 1383
f 1383 779 179
f 1383 672 132
f 1383 1152 779
f 100 672 1383
f 1383 685 1040
f 1353 1471 1140
f 1353 22 758
f 1140 22 1353
f 230 356 945
f 230 1275 815
f 945 1137 230
f 815 405 230
f 405 356 230
f 281 391 1561
f 910 219 281
f 281 1561 1060
f 281 937 910
f 1060 937 281
f 109 616 1385
f 1385 171 109
f 1329 1571 1385
f 1385 1141 1329
f 1385 784 171
f 1571 784 1385
f 944 1584 798
f 798 812 944
f 798 1584 396
f 713 452 795
f 795 1174 713
f 1174 789 713
f 713 1301 452
f 379 902 695
f 636 379 695
f 695 902 1573
f 1573 858 695
f 1428 276 1122
f 1122 288 60
f 276 288 1122
f 1122 129 1428
f 384 1017 42
f 367 1017 384
f 743 739 369
f 564 743 369
f 369 946 564
f 1366 946 369
f 739 99 369
f 586 1415 505
f 737 73 505
f 1525 1283 505
f 505 73 586
f 505 1415 1525
f 211 1069 932
f 932 1096 211
f 1096 199 211
f 1160 1199 978
f 957 1505 978
f 468 570 978
f 978 1505 468
f 978 1199 957
f 978 1599 1160
f 1112 1599 978
f 641 722 1164
f 1358 1350 1164
f 274 1470 1164
f 1164 722 1358
f 1056 571 1164
f 1164 571 274
f 1164 1350 1056
f 1330 205 430
f 205 530 430
f 1322 935 430
f 430 1550 1322
f 430 935 1330
f 280 1550 430
f 446 474 187
f 1053 1526 187
f 187 1526 446
f 474 1400 187
f 187 1146 1053
f 187 1400 1266
f 187 37 1146
f 1503 554 1216
f 1503 1165 1303
f 1216 1588 1503
f 1303 554 1503
f 1503 1259 1263
f 664 103 1503
f 1503 1588 664
f 103 1359 1503
f 1503 1263 949
f 949 1165 1503
f 1359 175 1503
f 311 895 1449
f 865 648 1449
f 1449 895 865
f 1449 648 1093
f 1336 532 1272
f 1272 1085 1336
f 1272 532 141
f 141 785 1272
f 1272 785 1483
f 754 1344 1130
f 1025 754 1130
f 1130 1549 1025
f 1222 707 1130
f 1130 707 1549
f 1130 496 1222
f 964 1080 1451
f 964 546 1310
f 964 660 1115
f 964 1310 767
f 767 77 964
f 77 660 964
f 487 546 964
f 1115 1054 964
f 964 1054 901
f 901 1080 964
f 964 1531 487
f 1327 598 890
f 1482 917 1327
f 1327 603 1482
f 1327 810 603
f 1327 917 598
f 1327 218 1087
f 1087 1144 1327
f 126 218 1327
f 1144 810 1327
f 520 1100 581
f 581 443 520
f 581 270 443
f 925 270 581
f 1100 1262 581
f 581 1393 925
f 333 770 314
f 314 662 333
f 10 864 780
f 462 864 10
f 618 866 681
f 681 866 1373
f 989 64 742
f 742 1217 989
f 742 64 328
f 1352 1300 961
f 961 1175 1457
f 961 1101 521
f 961 521 1175
f 961 635 1352
f 1300 1101 961
f 799 1220 1065
f 799 1442 753
f 753 403 799
f 403 1220 799
f 1323 655 1540
f 1540 155 1323
f 1323 984 441
f 155 984 1323
f 441 1507 1323
f 1323 1124 655
f 718 755 202
f 202 273 718
f 718 844 1535
f 273 181 718
f 718 1084 755
f 894 844 718
f 718 181 894
f 1535 806 718
f 793 353 857
f 793 857 203
f 793 295 353
f 203 1014 793
f 1285 295 793
f 793 1014 174
f 790 1194 669
f 669 675 790
f 669 1194 1515
f 1515 269 669
f 485 1128 161
f 485 1413 979
f 300 147 485
f 979 1551 485
f 485 1551 1128
f 485 147 1413
f 161 206 485
f 831 138 150
f 757 831 150
f 150 88 757
f 1182 826 150
f 973 88 150
f 150 826 973
f 150 884 1182
f 796 491 1543
f 1543 159 796
f 796 647 491
f 159 48 796
f 48 406 796
f 796 198 647
f 438 1566 1264
f 1264 221 869
f 869 1190 1264
f 1264 450 438
f 1264 1566 221
f 1190 481 1264
f 761 1187 1510
f 1510 609 761
f 120 1052 761
f 761 1188 68
f 609 1188 761
f 761 1052 1187
f 68 222 761
f 336 1127 837
f 837 55 336
f 837 1412 1404
f 515 55 837
f 1127 1412 837
f 1404 393 837
f 837 709 515
f 803 896 70
f 803 434 185
f 803 952 388
f 388 1427 803
f 70 434 803
f 1427 896 803
f 185 629 803
f 803 1167 952
f 629 341 803
f 1077 1132 1238
f 607 137 1077
f 1077 467 1132
f 1077 137 467
f 1238 787 1077
f 1077 787 1298
f 1077 1078 607
f 1349 1078 1077

