# https://github.com/mikedh/trimesh
v 0.03349396 -0.02519936 0.01627520
v 0.00672391 -0.02639102 0.01426347
v 0.04829760 -0.02758852 0.00560440
v 0.04355169 -0.02676431 0.01230039
v 0.04039098 -0.02406092 0.01774617
v 0.04272092 -0.02422350 0.01704691
v 0.00155544 -0.01853716 0.02358150
v 0.04752217 -0.02556136 0.01241816
v 0.03852425 -0.02831292 0.00975406
v 0.04328177 -0.02731073 0.01120557
v 0.04863611 -0.02465796 0.01332975
v 0.04326133 -0.02638194 0.01327252
v 0.03468144 -0.02998677 0.00007646
v 0.03326045 -0.02998732 0.00057050
v 0.04375725 -0.02806659 0.00886312
v 0.03958777 -0.02956882 0.00438290
v 0.00143327 -0.00035919 0.02999115
v 0.03403925 -0.02775368 0.01136691
v 0.03726270 -0.02780484 0.01121303
v 0.03318727 -0.02722552 0.01254910
v 0.03401492 -0.02819668 0.01022908
v 0.04376994 -0.02941083 0.00074978
v 0.03942767 -0.02799500 0.01052472
v 0.04406817 -0.02897017 0.00471880
v 0.00056570 -0.01169793 0.02714278
v 0.03321073 -0.02514095 0.01636835
v 0.04392932 -0.02850932 0.00711019
v 0.03315652 -0.02803814 0.01065657
v 0.04171963 -0.02858799 0.00813511
v 0.04542080 -0.02425166 0.01600695
v 0.00057526 -0.01211637 0.02697457
v 0.03216398 -0.02479507 0.01687440
v 0.00391997 -0.00560809 0.02947088
v 0.04320805 -0.02888148 0.00618315
v 0.00868393 -0.01002269 0.02826826
v 0.00137340 -0.01740517 0.02442187
v 0.01001897 -0.02082157 0.02159704
v 0.04989270 -0.02100000 0.01170378
v 0.04433131 -0.02867473 0.00604471
v 0.00165155 -0.01485008 0.02605873
v 0.00151972 -0.02991045 0.00219271
v 0.04520900 -0.02348456 0.01645053
v 0.04879968 -0.02787415 0.00211260
v 0.00141928 -0.01197360 0.02750476
v 0.04219314 -0.02953385 0.00293351
v 0.03824126 -0.02959434 0.00460874
v 0.00190930 -0.02025923 0.02212035
v 0.00233561 -0.02833631 0.00983286
v 0.00015473 -0.02910532 0.00136667
v 0.00677481 -0.00894694 0.02863480
v 0.00155330 -0.01537924 0.02575724
v 0.00192284 -0.02648878 0.01408265
v 0.02484273 -0.02516706 0.01632796
v 0.00791179 -0.02107990 0.02134498
v 0.00097147 -0.02838522 0.00935153
v 0.00093502 -0.01362066 0.02658236
v 0.00572587 -0.01813635 0.02389715
v 0.00813505 -0.02056102 0.02184542
v 0.03376290 -0.02621416 0.01457270
v 0.03816154 -0.02906727 0.00730476
v 0.00000000 -0.00861580 0.02613879
v 0.04943128 -0.02768487 0.00020313
v 0.04673880 -0.02395856 0.01571233
v 0.00222167 -0.02125982 0.02116397
v 0.00881931 -0.00688814 0.02919609
v 0.00054473 -0.02949949 0.00151142
v 0.00076283 -0.00476794 0.02936629
v 0.03792326 -0.02512066 0.01638242
v 0.00050364 -0.02121518 0.02049040
v 0.00005744 -0.00785953 0.02797189
v 0.04559288 -0.02653699 0.01168741
v 0.00056546 -0.02211939 0.01959976
v 0.00138882 -0.02749149 0.01198466
v 0.00150000 -0.00018069 0.00003589
v 0.04582032 -0.02367989 0.01619634
v 0.00849760 -0.01586359 0.02545666
v 0.04999698 -0.02621002 0.00822346
v 0.04799404 -0.02497259 0.01324926
v 0.04644373 -0.02871772 0.00169429
v 0.04107871 -0.02932071 0.00533741
v 0.00884593 -0.00487467 0.02959362
v 0.00651025 -0.00195120 0.02993428
v 0.04779363 -0.02169715 0.01507969
v 0.00056689 -0.01260561 0.02673931
v 0.04976914 -0.02233642 0.01356847
v 0.00000000 -0.00331677 0.02469185
v 0.00140345 -0.02654398 0.01397434
v 0.00457274 -0.00850172 0.02876854
v 0.00027644 -0.01356597 0.02594286
v 0.00028722 -0.00294184 0.02913737
v 0.03844465 -0.02977245 0.00331751
v 0.02358755 -0.02583474 0.01524954
v 0.01273852 -0.02304535 0.01920635
v 0.03998877 -0.02605388 0.01468698
v 0.04824667 -0.02788667 0.00402048
v 0.03579698 -0.02988983 0.00216764
v 0.00165074 -0.01784045 0.02411831
v 0.04494407 -0.02848027 0.00626313
v 0.04230635 -0.02963955 0.00139340
v 0.03356235 -0.02769978 0.01149006
v 0.04428291 -0.02916063 0.00287445
v 0.00773914 -0.01739120 0.02444292
v 0.00083023 -0.00640698 0.02910459
v 0.02809072 -0.02688132 0.01331862
v 0.00075752 -0.00186226 0.02968792
v 0.00801487 -0.00847381 0.02877532
v 0.03429269 -0.02951590 0.00533498
v 0.00144859 -0.01774860 0.02418266
v 0.00189390 -0.01566312 0.02557982
v 0.04351525 -0.02886109 0.00600054
v 0.00751441 -0.01416784 0.02643611
v 0.00219940 -0.01420896 0.02641996
v 0.04004530 -0.02982949 0.00168293
v 0.04021887 -0.02882071 0.00784505
v 0.04992211 -0.02737714 0.00235224
v 0.00486417 -0.02996295 0.00147491
v 0.04107879 -0.02875193 0.00780324
v 0.04796142 -0.02762413 0.00603562
v 0.03975700 -0.02771574 0.01122978
v 0.03889296 -0.02568461 0.01538828
v 0.04207312 -0.02765627 0.01082862
v 0.04691643 -0.02859900 0.00053980
v 0.03361537 -0.02981479 0.00326325
v 0.00371340 -0.02681431 0.01345057
v 0.04794251 -0.02328786 0.01499113
v 0.04065954 -0.02659420 0.01354089
v 0.04585370 -0.02836138 0.00567056
v 0.04972766 -0.02594361 0.00059958
v 0.01899195 -0.02974421 0.00388072
v 0.00190837 -0.02234768 0.02000200
v 0.00901267 -0.00139126 0.02993635
v 0.00072166 -0.02906282 0.00617509
v 0.00005704 -0.00072103 0.02904314
v 0.03584288 -0.02641408 0.01418482
v 0.00884566 -0.00466967 0.02962658
v 0.04645729 -0.02875220 0.00013975
v 0.00073700 -0.02202565 0.01996972
v 0.04989702 -0.02744575 0.00171353
v 0.00664946 -0.01722016 0.02456182
v 0.00152260 -0.02871818 0.00867131
v 0.04697522 -0.02857939 0.00014305
v 0.00009918 -0.02833001 0.00664508
v 0.00075308 -0.02871220 0.00775843
v 0.04360854 -0.02711796 0.01149415
v 0.03281973 -0.02471319 0.01699037
v 0.03861216 -0.02704894 0.01287266
v 0.00082340 -0.00277174 0.02967280
v 0.03889013 -0.02852286 0.00909449
v 0.03977683 -0.02434652 0.01740276
v 0.03626814 -0.02508609 0.01644253
v 0.03227474 -0.02920356 0.00686624
v 0.00137274 -0.01863909 0.02349844
v 0.04994498 -0.02460390 0.01226060
v 0.04960904 -0.02517129 0.01141506
v 0.03589888 -0.02903734 0.00746323
v 0.04526458 -0.02455778 0.01561906
v 0.04398340 -0.02927944 0.00229751
v 0.00288786 -0.01245706 0.02728933
v 0.00386193 -0.02966592 0.00445952
v 0.00660006 -0.00964691 0.02840441
v 0.00131469 -0.02998740 0.00027007
v 0.00842803 -0.00904497 0.02860351
v 0.00258652 -0.02943434 0.00579464
v 0.04654862 -0.02849290 0.00379695
v 0.03784007 -0.02994977 0.00066986
v 0.00125666 -0.00095590 0.02996301
v 0.00200935 -0.02596688 0.01500949
v 0.03981085 -0.02644728 0.01394474
v 0.04400612 -0.02617106 0.01334141
v 0.00066724 -0.01675047 0.02448553
v 0.00132968 -0.02346096 0.01867737
v 0.03586530 -0.02997063 0.00051418
v 0.04957365 -0.02450549 0.01282550
v 0.00078039 -0.00472812 0.02938806
v 0.00931706 -0.01909371 0.02313701
v 0.00482621 -0.00258282 0.02988599
v 0.01418815 -0.02369551 0.01839303
v 0.04405078 -0.02403489 0.01685380
v 0.00111540 -0.00855141 0.02870411
v 0.00239279 -0.02214530 0.02022932
v 0.00110677 -0.01832221 0.02368220
v 0.02486506 -0.02694636 0.01318295
v 0.00076243 -0.02811006 0.00974205
v 0.00240218 -0.02088541 0.02153483
v 0.00070237 -0.01014020 0.02790514
v 0.01908105 -0.02909689 0.00730541
v 0.00231280 -0.02692153 0.01323627
v 0.04848895 -0.02727157 0.00669934
v 0.03240448 -0.02824180 0.01011563
v 0.03635482 -0.02840626 0.00958735
v 0.00039518 -0.00761792 0.02838359
v 0.00645748 -0.01238139 0.02732403
v 0.04865030 -0.02781534 0.00345694
v 0.00150005 -0.00000555 0.02392971
v 0.01914269 -0.02403305 0.01795364
v 0.04003142 -0.02602399 0.01473630
v 0.01507195 -0.02587693 0.01517512
v 0.01358278 -0.02341046 0.01875695
v 0.04203325 -0.02835050 0.00885238
v 0.00050333 -0.00340047 0.02929810
v 0.04471350 -0.02808868 0.00796756
v 0.04980656 -0.02566336 0.00999950
v 0.00392244 -0.01768502 0.02423073
v 0.00000000 -0.02683430 0.00741695
v 0.03675729 -0.02958351 0.00477732
v 0.03952383 -0.02537777 0.01584777
v 0.04375822 -0.02620455 0.01339127
v 0.00150000 -0.00426395 0.00000610
v 0.01671466 -0.02990975 0.00217912
v 0.04370432 -0.02941925 0.00117928
v 0.00025761 -0.02264453 0.01852517
v 0.03546659 -0.02805851 0.01057509
v 0.01054006 -0.02856230 0.00914808
v 0.00616525 -0.02864036 0.00891131
v 0.00096273 -0.02555525 0.01549933
v 0.00000000 -0.02601209 0.01227188
v 0.00000000 -0.00853173 0.02765559
v 0.00117035 -0.02971699 0.00380826
v 0.00139443 -0.00763284 0.02900488
v 0.04943733 -0.02461027 0.01273217
v 0.04254862 -0.02755588 0.01093560
v 0.04909350 -0.02460919 0.01303700
v 0.03803179 -0.02616079 0.01464263
v 0.00041195 -0.02905477 0.00453259
v 0.04651166 -0.02873405 0.00029178
v 0.03849616 -0.02727733 0.01236455
v 0.00195771 -0.00442454 0.02967097
v 0.04231476 -0.02816166 0.00932641
v 0.00964431 -0.02053642 0.02186861
v 0.04563518 -0.02461476 0.01531696
v 0.03747072 -0.02701809 0.01299806
v 0.00177549 -0.01996199 0.02238666
v 0.00167608 -0.02785184 0.01112862
v 0.00408128 -0.02118020 0.02124616
v 0.04658712 -0.02870887 0.00106378
v 0.03433505 -0.02996706 0.00121230
v 0.04507931 -0.02368316 0.01650015
v 0.00203271 -0.01834809 0.02373090
v 0.03739634 -0.02614128 0.01468884
v 0.00055579 -0.01361653 0.02622728
v 0.00135621 -0.02133691 0.02107933
v 0.00171730 -0.02979223 0.00351639
v 0.00258577 -0.01889355 0.02330086
v 0.00083608 -0.02022221 0.02190194
v 0.04661073 -0.02650722 0.01104416
v 0.02256708 -0.02957182 0.00503071
v 0.03287496 -0.02614947 0.01469682
v 0.03869350 -0.02460407 0.01710341
v 0.03395466 -0.02674384 0.01357564
v 0.00161678 -0.00322743 0.02982025
v 0.00059391 -0.00896367 0.02819679
v 0.02188112 -0.02695970 0.01315694
v 0.00601879 -0.01736961 0.02445577
v 0.04988725 -0.02614263 0.00863363
v 0.00010360 -0.02534795 0.01428080
v 0.00047926 -0.02867118 0.00684199
v 0.00270031 -0.02772717 0.01145242
v 0.03764723 -0.02515494 0.01632846
v 0.03811644 -0.02971826 0.00378884
v 0.04464097 -0.02618176 0.01298358
v 0.00311924 -0.02910599 0.00726868
v 0.04984481 -0.02282476 0.01350835
v 0.04490302 -0.02440196 0.01598699
v 0.04641606 -0.02868499 0.00217035
v 0.00140616 -0.02898938 0.00769076
v 0.04252826 -0.02901393 0.00611352
v 0.00004952 -0.02593347 0.01308441
v 0.03993496 -0.02415409 0.01766568
v 0.04587559 -0.02451248 0.01535457
v 0.00900696 -0.00708878 0.02913719
v 0.00560525 -0.02514518 0.01636203
v 0.00862476 -0.01498615 0.02598823
v 0.00393841 -0.01346383 0.02679533
v 0.01793408 -0.02847220 0.00000324
v 0.04021056 -0.02545582 0.01566497
v 0.02721714 -0.02515660 0.01634455
v 0.03672898 -0.02795000 0.01084371
v 0.00200981 -0.01664051 0.02496107
v 0.04730810 -0.02825796 0.00363858
v 0.04786639 -0.02588385 0.01146765
v 0.03331194 -0.02926712 0.00656291
v 0.00003145 -0.02867969 0.00447301
v 0.04391103 -0.02745095 0.01048817
v 0.03816460 -0.02798983 0.01069183
v 0.04932030 -0.02143167 0.01392510
v 0.00600739 -0.00845365 0.02878219
v 0.03342460 -0.02986372 0.00266469
v 0.00142253 -0.00858910 0.02874155
v 0.04730634 -0.02846891 0.00061226
v 0.00021543 -0.02137884 0.01990378
v 0.00152609 -0.00537371 0.02951030
v 0.00000000 -0.02099369 0.01859483
v 0.04995835 -0.02547386 0.01033223
v 0.00029744 -0.00021310 0.02929514
v 0.00052888 -0.01646378 0.02450936
v 0.00171831 -0.02644562 0.01416441
v 0.00902902 -0.01603655 0.02534584
v 0.04870698 -0.02745472 0.00544365
v 0.00378508 -0.02874273 0.00858292
v 0.04009585 -0.02455693 0.01706535
v 0.00206180 -0.01410561 0.02647448
v 0.04246892 -0.02646427 0.01338698
v 0.03387887 -0.02816113 0.01032752
v 0.04492148 -0.02561269 0.01392860
v 0.04753683 -0.02597602 0.01151990
v 0.04234289 -0.02891908 0.00662664
v 0.00153834 -0.02507732 0.01646158
v 0.03846678 -0.02406996 0.01788296
v 0.04827955 -0.02619508 0.01030460
v 0.00217866 -0.01419118 0.02642995
v 0.00066545 -0.02088049 0.02106186
v 0.00181381 -0.00628356 0.02932698
v 0.03361368 -0.02973952 0.00385523
v 0.00000000 -0.02821246 0.00613655
v 0.00640847 -0.00784152 0.02895415
v 0.00097552 -0.01554660 0.02553139
v 0.04233074 -0.02644003 0.01346466
v 0.04567967 -0.02819431 0.00665495
v 0.04017082 -0.02444714 0.01721690
v 0.00926463 -0.02002879 0.02233077
v 0.04177806 -0.02827774 0.00917172
v 0.01027493 -0.02314914 0.01908160
v 0.04989299 -0.02314205 0.01347007
v 0.00000000 -0.00008816 0.02238816
v 0.04922835 -0.02133186 0.01399816
v 0.01849893 -0.02777939 0.01132533
v 0.04418397 -0.02554275 0.01437785
v 0.03398991 -0.02594010 0.01506599
v 0.03290700 -0.02667534 0.01370801
v 0.04725245 -0.02413395 0.01519804
v 0.04501030 -0.02548360 0.01411850
v 0.04572184 -0.02313907 0.01625102
v 0.04336608 -0.02580076 0.01428064
v 0.00006833 -0.02343478 0.01719724
v 0.03825381 -0.02992807 0.00142505
v 0.00285889 -0.00716150 0.02913119
v 0.04033505 -0.02870149 0.00824546
v 0.00127093 -0.01045269 0.02810105
v 0.00261454 -0.00702114 0.02916240
v 0.00160638 -0.02611286 0.01475163
v 0.00716726 -0.00008969 0.02999670
v 0.00191638 -0.00570639 0.02945173
v 0.04100633 -0.02975632 0.00163632
v 0.00002054 -0.02393921 0.01637452
v 0.00023485 -0.02896553 0.00393290
v 0.03727080 -0.02512221 0.01638359
v 0.00010845 -0.01599974 0.02431596
v 0.00450872 -0.02642199 0.01420760
v 0.04989152 -0.02100000 0.01183390
v 0.00170680 -0.02717414 0.01270398
v 0.00039490 -0.00938825 0.02784795
v 0.00184687 -0.02968096 0.00436185
v 0.00684193 -0.00573043 0.02944658
v 0.00110219 -0.02986284 0.00214720
v 0.04590783 -0.02765664 0.00848125
v 0.00944398 -0.01916282 0.02308094
v 0.03458716 -0.02609902 0.01478446
v 0.00164349 -0.02994517 0.00172103
v 0.04864986 -0.02647535 0.00914343
v 0.02155308 -0.02686999 0.01334201
v 0.00000000 -0.00205333 0.02382572
v 0.04141932 -0.02525175 0.01576678
v 0.03233323 -0.02999920 0.00003244
v 0.03006509 -0.02921174 0.00682955
v 0.00016043 -0.00578589 0.02857499
v 0.00247327 -0.02691595 0.01324779
v 0.03915274 -0.02897409 0.00747642
v 0.00018660 -0.00398637 0.02889847
v 0.01103745 -0.02881650 0.00831516
v 0.03915908 -0.02500015 0.01648460
v 0.00051038 -0.02658857 0.01279234
v 0.03746500 -0.02865890 0.00875021
v 0.01350876 -0.02983532 0.00312707
v 0.00469904 -0.02980097 0.00344999
v 0.04776932 -0.02714570 0.00811039
v 0.04939630 -0.02428886 0.01340948
v 0.00056874 -0.02170505 0.02007764
v 0.04883949 -0.02793544 0.00119885
v 0.00805322 -0.00013637 0.02999499
v 0.03412479 -0.02979852 0.00343112
v 0.04098314 -0.02973869 0.00189801
v 0.03105085 -0.02501192 0.01656481
v 0.00000000 -0.00888520 0.02625815
v 0.03807002 -0.02850345 0.00927661
v 0.00115496 -0.02608350 0.01473171
v 0.00320011 -0.01299754 0.02702950
v 0.00001806 -0.01670415 0.02372615
v 0.00876348 -0.01275658 0.02713227
v 0.00035051 -0.02015916 0.02131074
v 0.04626286 -0.02405998 0.01587938
v 0.03365642 -0.02936768 0.00607134
v 0.03887755 -0.02989361 0.00151666
v 0.00254336 -0.02325603 0.01894638
v 0.03800602 -0.02925868 0.00642674
v 0.04302738 -0.02666617 0.01276729
v 0.00117970 -0.00424950 0.02966446
v 0.00909192 -0.00011481 0.02778208
v 0.04358924 -0.02424571 0.01671923
v 0.03808253 -0.02932965 0.00609429
v 0.00168522 -0.02952628 0.00526344
v 0.00226014 -0.01216706 0.02742155
v 0.04056692 -0.02872284 0.00809852
v 0.03365973 -0.02999493 0.00015403
v 0.03481572 -0.02995285 0.00143961
v 0.03838611 -0.02723361 0.01247506
v 0.00088048 -0.02304077 0.01896604
v 0.04762580 -0.02836232 0.00059294
v 0.00129120 -0.00635128 0.02930254
v 0.00166210 -0.01614239 0.02527616
v 0.00795621 -0.00427177 0.02969119
v 0.04418285 -0.02201248 0.01685069
v 0.00073373 -0.00635797 0.02903844
v 0.00252529 -0.02646956 0.01411976
v 0.00050748 -0.02697916 0.01193673
v 0.00151366 -0.01920384 0.02304223
v 0.00336594 -0.00991741 0.02831180
v 0.03780937 -0.02994743 0.00092041
v 0.03430850 -0.02950844 0.00537423
v 0.04754332 -0.02374450 0.01524278
v 0.04576392 -0.02101474 0.01623140
v 0.02765386 -0.02782059 0.01122426
v 0.00714414 -0.01528501 0.02581388
v 0.03879577 -0.02441491 0.01737546
v 0.04616703 -0.02852726 0.00426586
v 0.04367718 -0.02535485 0.01493467
v 0.00204403 -0.01814183 0.02389333
v 0.04555878 -0.02578389 0.01333461
v 0.04624420 -0.02651722 0.01128458
v 0.00743315 -0.01802306 0.02398095
v 0.03934786 -0.02426249 0.01756188
v 0.00422320 -0.01803967 0.02396977
v 0.00036342 -0.01670896 0.02414526
v 0.03356761 -0.02564901 0.01554639
v 0.04959199 -0.02600499 0.00037595
v 0.00148444 -0.02885204 0.00818804
v 0.00661840 -0.01220588 0.02740467
v 0.00432305 -0.02864576 0.00889616
v 0.03310470 -0.02953072 0.00527266
v 0.00350293 -0.00329074 0.02981404
v 0.00069545 -0.02099014 0.02099185
v 0.01099380 -0.02909746 0.00730311
v 0.00062120 -0.02823715 0.00890617
v 0.04303503 -0.02683904 0.01238258
v 0.04650145 -0.02843810 0.00419430
v 0.04324386 -0.02764496 0.01034002
v 0.04105716 -0.02895153 0.00708093
v 0.00000000 -0.00642299 0.02671677
v 0.00885094 -0.01471724 0.02613972
v 0.00061815 -0.02731511 0.01143910
v 0.02581294 -0.02981383 0.00332963
v 0.03334042 -0.02734657 0.01227880
v 0.00497254 -0.00627770 0.02933187
v 0.03582031 -0.02914427 0.00704593
v 0.00713989 -0.00884166 0.02866649
v 0.04808860 -0.02719515 0.00753152
v 0.00007555 -0.01149309 0.02670600
v 0.00896178 -0.02728836 0.01244083
v 0.00053839 -0.00397982 0.02926090
v 0.04383631 -0.02901953 0.00472041
v 0.04329875 -0.02874612 0.00669070
v 0.00221421 -0.02996754 0.00131062
v 0.03353248 -0.02738347 0.01219595
v 0.02940211 -0.02611740 0.01475860
v 0.00375309 -0.02572338 0.01543644
v 0.03366532 -0.02456714 0.01719722
v 0.04072780 -0.02666709 0.01338517
v 0.03573395 -0.02909802 0.00724305
v 0.01079273 -0.02295600 0.01931301
v 0.04375229 -0.02941418 0.00083268
v 0.03776269 -0.02759429 0.01168681
v 0.00886913 -0.00287080 0.02985954
v 0.00424176 -0.00584303 0.02942397
v 0.00349253 -0.01167262 0.02763420
v 0.00138708 -0.02981557 0.00330122
v 0.00034580 -0.01807979 0.02310547
v 0.04074467 -0.02777009 0.01092107
v 0.00263401 -0.00015195 0.02999442
v 0.03497941 -0.02692420 0.01321588
v 0.04566455 -0.02696092 0.01064030
v 0.04005396 -0.02693633 0.01297496
v 0.00000581 -0.01035360 0.02708667
v 0.03221884 -0.02783075 0.01119942
v 0.04349626 -0.02946385 0.00041035
v 0.00052365 -0.02000931 0.02168746
v 0.03977602 -0.02987915 0.00038886
v 0.03311339 -0.02519457 0.01628335
v 0.00280300 -0.02858638 0.00907601
v 0.04143852 -0.02928646 0.00531603
v 0.04278503 -0.02849185 0.00798904
v 0.03353282 -0.02807722 0.01055242
v 0.00026237 -0.02911103 0.00290066
v 0.03329792 -0.02746070 0.01202418
v 0.00133158 -0.02830598 0.00991194
v 0.04285472 -0.02664992 0.01287988
v 0.00186023 -0.01176025 0.02759649
v 0.00171749 -0.02288694 0.01938164
v 0.00086104 -0.01862738 0.02329435
v 0.00308455 -0.01294738 0.02705470
v 0.01043961 -0.02517759 0.01631096
v 0.00141109 -0.00298230 0.02985019
v 0.03894141 -0.02963670 0.00411141
v 0.03806090 -0.02947597 0.00541611
v 0.03462697 -0.02951220 0.00534613
v 0.00144501 -0.01118730 0.02782987
v 0.03623829 -0.02986498 0.00245018
v 0.00405495 -0.02317618 0.01904821
v 0.00588593 -0.01246076 0.02728749
v 0.00017102 -0.01491221 0.02506728
v 0.04068396 -0.02818357 0.00978652
v 0.00131046 -0.02498972 0.01658430
v 0.00090606 -0.01404815 0.02634738
v 0.00072907 -0.02299601 0.01883604
v 0.00529182 -0.01535253 0.02577335
v 0.00130553 -0.02617171 0.01463460
v 0.00460066 -0.00914083 0.02857286
v 0.04723478 -0.02379353 0.01543728
v 0.03824099 -0.02785629 0.01105221
v 0.00055020 -0.02607053 0.01388780
v 0.00217104 -0.02961620 0.00474584
v 0.03934989 -0.02697889 0.01295795
v 0.04654166 -0.02601680 0.01214347
v 0.00150000 -0.00005737 0.00280990
v 0.00813863 -0.00429608 0.02968715
v 0.00963613 -0.01976169 0.02256881
v 0.00011311 -0.02891592 0.00329639
v 0.03904151 -0.02867173 0.00855268
v 0.04773861 -0.02766932 0.00619986
v 0.00251935 -0.00415992 0.02970584
v 0.00130279 -0.02778901 0.01127251
v 0.04301724 -0.02916995 0.00480464
v 0.00000000 -0.02544243 0.01384725
v 0.03069676 -0.02908993 0.00733245
v 0.00087412 -0.02861448 0.00844852
v 0.00051693 -0.02671238 0.01253868
v 0.00000000 -0.00118576 0.00008499
v 0.04275259 -0.02701194 0.01212350
v 0.00000537 -0.02869840 0.00418419
v 0.00591822 -0.00946899 0.02846397
v 0.00033268 -0.02549560 0.01449498
v 0.00734908 -0.01442303 0.02630395
v 0.02669225 -0.02502822 0.01654001
v 0.04242551 -0.02576191 0.01469047
v 0.04317984 -0.02445296 0.01655880
v 0.00898100 -0.01110449 0.02786186
v 0.04565016 -0.02893755 0.00152056
v 0.00741889 -0.01638124 0.02513077
v 0.04345837 -0.02607223 0.01375826
v 0.04065153 -0.02945778 0.00472871
v 0.00296070 -0.02910207 0.00728480
v 0.04270597 -0.02480388 0.01618280
v 0.00107003 -0.01372464 0.02659732
v 0.00723712 -0.02707836 0.01291169
v 0.04406840 -0.02536207 0.01474939
v 0.03929061 -0.02405306 0.01787563
v 0.00170001 -0.02087961 0.02154041
v 0.00029927 -0.02770216 0.00952499
v 0.04237052 -0.02964627 0.00077444
v 0.00280079 -0.01776158 0.02417542
v 0.04070205 -0.02926369 0.00579773
v 0.00721507 -0.00695565 0.02918042
v 0.00713461 -0.00358552 0.02977877
v 0.00128021 -0.02446587 0.01732791
v 0.00035131 -0.02934461 0.00023551
v 0.00288839 -0.02943311 0.00580216
v 0.03963744 -0.02971724 0.00334382
v 0.00225303 -0.01787604 0.02409219
v 0.04708964 -0.02633951 0.01106113
v 0.04772656 -0.02810963 0.00373748
v 0.00160827 -0.00545337 0.02949684
v 0.03317824 -0.02949354 0.00547307
v 0.02751923 -0.02999980 0.00000794
v 0.00442336 -0.00578086 0.02943702
v 0.00091824 -0.01513429 0.02574221
v 0.01737591 -0.02666744 0.01373538
v 0.04834517 -0.02779556 0.00434864
v 0.03679359 -0.02995663 0.00096547
v 0.00297797 -0.00607275 0.02937563
v 0.03783413 -0.02920862 0.00666599
v 0.03409833 -0.02900625 0.00760981
v 0.04543626 -0.02602684 0.01289007
v 0.03386781 -0.02597079 0.01501345
v 0.00480290 -0.01823869 0.02381861
v 0.01975861 -0.02401150 0.01798417
v 0.00136677 -0.02872588 0.00863487
v 0.04269770 -0.02728150 0.01151901
v 0.02878122 -0.02822094 0.01017564
v 0.00122811 -0.02880501 0.00829095
v 0.04612058 -0.02399715 0.01604063
v 0.03808393 -0.02905451 0.00735707
v 0.04386150 -0.02790304 0.00925679
v 0.00870136 -0.02114228 0.02128375
v 0.00113521 -0.02995439 0.00022687
v 0.01000007 -0.00026539 0.02874636
v 0.00230468 -0.02999091 0.00036696
v 0.00003378 -0.02775219 0.00848631
v 0.04983453 -0.02459763 0.01238194
v 0.03915126 -0.02941251 0.00549931
v 0.00745840 -0.00238165 0.02990369
v 0.03834419 -0.02846193 0.00936273
v 0.00838620 -0.01499811 0.02598129
v 0.04926937 -0.02551819 0.01098947
v 0.04692493 -0.02543935 0.01310602
v 0.04670267 -0.02756129 0.00788880
v 0.00212952 -0.00444877 0.02966695
v 0.03141296 -0.02481731 0.01684289
v 0.00889939 -0.00282501 0.02986476
v 0.00000000 -0.00372234 0.00000413
v 0.00117458 -0.00630298 0.02929098
v 0.00398602 -0.00884180 0.02866734
v 0.04241002 -0.02848749 0.00822107
v 0.00891198 -0.01636821 0.02513814
v 0.04028070 -0.02701271 0.01278750
v 0.02881940 -0.02587366 0.01518341
v 0.00000000 -0.02521422 0.00070769
v 0.00030355 -0.00143828 0.02926212
v 0.00757750 -0.02074135 0.02167469
v 0.00091161 -0.02597393 0.01471941
v 0.00210230 -0.02985806 0.00290313
v 0.04947983 -0.02333301 0.01379748
v 0.00006147 -0.02544023 0.01402087
v 0.00288788 -0.02968155 0.00435736
v 0.00105539 -0.00952428 0.02836794
v 0.03579028 -0.02965006 0.00436815
v 0.00092844 -0.02986736 0.00013511
v 0.00132960 -0.01635833 0.02513427
v 0.04907947 -0.02420875 0.01378805
v 0.03400567 -0.02688852 0.01329869
v 0.00053791 -0.00503322 0.02909504
v 0.00149766 -0.02541987 0.01592337
v 0.03699469 -0.02993241 0.00152017
v 0.02891205 -0.02909485 0.00731335
v 0.03913859 -0.02982968 0.00219609
v 0.04159287 -0.02800333 0.01000814
v 0.03840540 -0.02503665 0.01648430
v 0.00976811 -0.02088170 0.02153842
v 0.03812426 -0.02814368 0.01027088
v 0.04674137 -0.02864541 0.00138806
v 0.00883647 -0.00615203 0.02935667
v 0.03709897 -0.02602012 0.01490936
v 0.00052054 -0.00138071 0.02948306
v 0.00356653 -0.02072021 0.02169498
v 0.00625748 -0.02823190 0.01014364
v 0.04328370 -0.02949955 0.00074708
v 0.04391050 -0.02822669 0.00820113
v 0.00095602 -0.02986693 0.00087239
v 0.03577759 -0.02878921 0.00832953
v 0.00770886 -0.00653535 0.02927624
v 0.00354936 -0.02966015 0.00449452
v 0.03280689 -0.02767744 0.01154122
v 0.00000467 -0.02793164 0.00780791
v 0.04344203 -0.02753589 0.01053907
v 0.03795068 -0.02726550 0.01243353
v 0.03387900 -0.02979415 0.00347343
v 0.00749314 -0.02964620 0.00458028
v 0.03290106 -0.02796713 0.01084292
v 0.03739965 -0.02589694 0.01510942
v 0.00158593 -0.02533395 0.01606091
v 0.04378585 -0.02906957 0.00448839
v 0.04301301 -0.02420600 0.01698204
v 0.03470657 -0.02951134 0.00534834
v 0.04505941 -0.02688602 0.01121323
v 0.04222809 -0.02818454 0.00928973
v 0.00659160 -0.01526181 0.02582754
v 0.00393035 -0.02579964 0.01530567
v 0.00275323 -0.01673030 0.02489981
v 0.04921411 -0.02715114 0.00592957
v 0.00950140 -0.02117454 0.02124937
v 0.00023144 -0.02885030 0.00467748
v 0.04763082 -0.02619484 0.01097835
v 0.04081778 -0.02960743 0.00357751
v 0.04727616 -0.02485393 0.01395227
v 0.03944646 -0.02493044 0.01656721
v 0.00105077 -0.00609829 0.02929702
v 0.00115912 -0.02995778 0.00032687
v 0.00906558 -0.01866872 0.02347559
v 0.00849040 -0.00405099 0.02972441
v 0.04294913 -0.02745591 0.01100734
v 0.00007186 -0.02817943 0.00711956
v 0.00068686 -0.01069287 0.02768878
v 0.04713791 -0.02735186 0.00812712
v 0.04248360 -0.02867295 0.00753176
v 0.00321760 -0.02845181 0.00004778
v 0.01000009 -0.00018233 0.02816076
v 0.03494389 -0.02807827 0.01053140
v 0.04438538 -0.02798020 0.00867626
v 0.00464544 -0.01337969 0.02683579
v 0.00566447 -0.02062160 0.02178792
v 0.04637089 -0.02780543 0.00739355
v 0.00040665 -0.02931090 0.00228782
v 0.00029325 -0.02332220 0.01771906
v 0.00240316 -0.01824679 0.02381100
v 0.03802112 -0.02429646 0.01757399
v 0.04582963 -0.02866191 0.00397294
v 0.00019484 -0.02713539 0.01075946
v 0.03933828 -0.02942622 0.00539603
v 0.00125323 -0.02226394 0.02008348
v 0.00132047 -0.01714902 0.02459898
v 0.00219488 -0.01320451 0.02692820
v 0.04036949 -0.02770177 0.01119569
v 0.00392575 -0.00004524 0.02999833
v 0.03664541 -0.02607560 0.01481665
v 0.03787854 -0.02785746 0.01107097
v 0.00148052 -0.00635444 0.02931069
v 0.01232078 -0.02775234 0.01139087
v 0.00384839 -0.01806189 0.02395314
v 0.00083563 -0.02313787 0.01879663
v 0.00053645 -0.02492392 0.01584196
v 0.00568021 -0.00832017 0.02882096
v 0.03149319 -0.02819839 0.01023453
v 0.03821920 -0.02697019 0.01307988
v 0.04305470 -0.02793484 0.00962438
v 0.00137081 -0.01979627 0.02252899
v 0.04451180 -0.02903842 0.00363284
v 0.00125192 -0.02791014 0.01093750
v 0.00104177 -0.01142083 0.02766203
v 0.04490762 -0.02851575 0.00613572
v 0.00841952 -0.00347691 0.02979050
v 0.04573823 -0.02272248 0.01624369
v 0.04191818 -0.02969106 0.00095504
v 0.00617293 -0.00899190 0.02862070
v 0.04352646 -0.02889207 0.00582482
v 0.00082782 -0.02184018 0.02027694
v 0.00891214 -0.00546460 0.02949803
v 0.03216237 -0.02952918 0.00528624
v 0.04628629 -0.02877488 0.00157417
v 0.00740640 -0.02919474 0.00690306
v 0.04196415 -0.02902699 0.00631950
v 0.00045806 -0.01887365 0.02260524
v 0.00649087 -0.01392756 0.02655846
v 0.00402736 -0.02077056 0.02164712
v 0.00118834 -0.01015590 0.02819905
v 0.00042310 -0.02483320 0.01577558
v 0.03966503 -0.02393787 0.01790872
v 0.00445749 -0.02307937 0.01916505
v 0.00100537 -0.00609731 0.02927762
v 0.03285833 -0.02765670 0.01158744
v 0.00093713 -0.00941259 0.02834835
v 0.04891576 -0.02248887 0.01424571
v 0.04389291 -0.02888323 0.00544701
v 0.00189773 -0.01012448 0.02824005
v 0.04791379 -0.02609679 0.01097718
v 0.00153015 -0.01376046 0.02664902
v 0.00761855 -0.02999952 0.00001910
v 0.04323770 -0.02363812 0.01721200
v 0.04796664 -0.02686184 0.00884627
v 0.04564992 -0.02405384 0.01620803
v 0.04225019 -0.02674360 0.01287457
v 0.04788229 -0.02759089 0.00631823
v 0.04754805 -0.02716346 0.00831848
v 0.04417192 -0.02932799 0.00110043
v 0.04611527 -0.02678002 0.01076073
v 0.03521518 -0.02914494 0.00706285
v 0.03803675 -0.02820793 0.01009609
v 0.00197843 -0.00281864 0.02986520
v 0.03474499 -0.02564609 0.01554595
v 0.00592839 -0.01643550 0.02509559
v 0.00079932 -0.02974479 0.00154740
v 0.04366547 -0.02942235 0.00129697
v 0.04244052 -0.02522289 0.01560142
v 0.00356924 -0.01442352 0.02630042
v 0.04707475 -0.02806889 0.00519671
v 0.00147785 -0.00307634 0.02983879
v 0.00242521 -0.02565372 0.01554854
v 0.01200503 -0.02268211 0.01963339
v 0.00024391 -0.02350625 0.01739392
v 0.03173536 -0.02516875 0.01632519
v 0.00789586 -0.00663960 0.02925411
v 0.04517023 -0.02304984 0.01646595
v 0.02290543 -0.02429283 0.01758572
v 0.00057035 -0.01563607 0.02509028
v 0.00905299 -0.00329776 0.02975733
v 0.00135879 -0.00285450 0.02985917
v 0.00561463 -0.00575157 0.02944267
v 0.03768921 -0.02995366 0.00043967
v 0.03365741 -0.02997249 0.00116572
v 0.00859657 -0.01051258 0.02809408
v 0.04946041 -0.02330223 0.01381292
v 0.00293230 -0.01526656 0.02582441
v 0.00082303 -0.02772030 0.01092814
v 0.04951979 -0.02742362 0.00371648
v 0.00478472 -0.02302885 0.01922485
v 0.04887364 -0.02632999 0.00015679
v 0.00065523 -0.00787365 0.02858674
v 0.04064486 -0.02501721 0.01630626
v 0.03829847 -0.02681200 0.01337627
v 0.01440425 -0.02688457 0.01331227
v 0.04947071 -0.02764292 0.00153004
v 0.00109230 -0.02355610 0.01847375
v 0.04364040 -0.02910454 0.00445529
v 0.03307161 -0.02652890 0.01398324
v 0.04550577 -0.02875138 0.00392107
v 0.03967690 -0.02950879 0.00476885
v 0.03978260 -0.02987973 0.00030616
v 0.04752549 -0.02267849 0.01525364
v 0.03095694 -0.02778455 0.01130464
v 0.04833827 -0.02780425 0.00431264
v 0.00429706 -0.00984233 0.02833760
v 0.03136316 -0.02823846 0.01012593
v 0.01735566 -0.02515787 0.01634265
v 0.04996588 -0.02658683 0.00691330
v 0.00170729 -0.02910441 0.00727522
v 0.04915644 -0.02373350 0.01405237
v 0.04106174 -0.02954190 0.00385551
v 0.04799035 -0.02211278 0.01496098
v 0.00000000 -0.01977760 0.02043455
v 0.02564777 -0.02677834 0.01351984
v 0.00082211 -0.01490990 0.02579710
v 0.00033597 -0.01416625 0.02568466
v 0.00724504 -0.02774311 0.01141370
v 0.00007173 -0.02836911 0.00631763
v 0.04045447 -0.02698565 0.01281877
v 0.03241281 -0.02980171 0.00344318
v 0.00021473 -0.01404836 0.02561289
v 0.03234714 -0.02816984 0.01031005
v 0.00003058 -0.02129094 0.01971869
v 0.03173225 -0.02996449 0.00141465
v 0.00343732 -0.01247171 0.02728259
v 0.00737563 -0.01604812 0.02534310
v 0.04412631 -0.02924588 0.00233661
v 0.04998687 -0.02610168 0.00862922
v 0.00013576 -0.00198590 0.02905367
v 0.00113187 -0.00956475 0.02838256
v 0.00661580 -0.02283424 0.01945197
v 0.00486124 -0.01761196 0.02428350
v 0.03643749 -0.02977480 0.00348253
v 0.02250779 -0.02583735 0.01524513
v 0.03859472 -0.02884387 0.00802050
v 0.00085634 -0.01931957 0.02271821
v 0.04344145 -0.02435122 0.01661586
v 0.04025606 -0.02971717 0.00301768
v 0.03764510 -0.02949093 0.00535839
v 0.02413713 -0.02980194 0.00344115
v 0.03909974 -0.02522119 0.01613628
v 0.03707019 -0.02914895 0.00697378
v 0.04300105 -0.02941223 0.00293758
v 0.04532047 -0.02901645 0.00155566
v 0.00133945 -0.02989364 0.00237165
v 0.00110294 -0.02921807 0.00653807
v 0.00249394 -0.02982036 0.00326874
v 0.00194756 -0.02439470 0.01744045
v 0.00758953 -0.00225432 0.02991354
v 0.04084989 -0.02525336 0.01588186
v 0.04279362 -0.02607804 0.01402019
v 0.00046945 -0.02869338 0.00671670
v 0.04216078 -0.02966981 0.00059181
v 0.03868576 -0.02588943 0.01506466
v 0.00122664 -0.01963105 0.02265044
v 0.00480617 -0.00567319 0.02945834
v 0.03840763 -0.02972877 0.00363956
v 0.00928050 -0.00022413 0.02971137
v 0.04659849 -0.02738397 0.00866658
v 0.04226733 -0.02415428 0.01725151
v 0.00039805 -0.02527073 0.01500702
v 0.00885898 -0.02051574 0.02188779
v 0.03297968 -0.02968599 0.00422621
v 0.00871831 -0.01813021 0.02390147
v 0.02474833 -0.02898850 0.00769797
v 0.01461754 -0.02920644 0.00685473
v 0.00356483 -0.01643619 0.02509272
v 0.00168781 -0.01142993 0.02773563
v 0.04615415 -0.02862690 0.00367288
v 0.04064055 -0.02977257 0.00191681
v 0.01394121 -0.02361169 0.01850019
v 0.00128352 -0.02951643 0.00526321
v 0.00050847 -0.02874541 0.00665729
v 0.00090954 -0.02824927 0.00965666
v 0.00459106 -0.00765832 0.02900263
v 0.00871097 -0.00530433 0.02952465
v 0.00420962 -0.02823043 0.01014711
v 0.03266680 -0.02494911 0.01665615
v 0.04001609 -0.02708579 0.01264813
v 0.04201717 -0.02874802 0.00744813
v 0.00239713 -0.00565175 0.02946240
v 0.00125531 -0.02686268 0.01330719
v 0.03181929 -0.02996176 0.00144835
v 0.00096903 -0.00531092 0.02940983
v 0.00049018 -0.01079180 0.02744407
v 0.03393629 -0.02678764 0.01349305
v 0.03759601 -0.02428592 0.01759034
v 0.04254737 -0.02517914 0.01565195
v 0.03938522 -0.02727182 0.01228799
v 0.01295373 -0.02996557 0.00142745
v 0.04044779 -0.02900920 0.00710365
v 0.00068865 -0.00324916 0.02950170
v 0.03230719 -0.02907283 0.00739259
v 0.01000009 -0.00016071 0.02790249
v 0.03783325 -0.02946414 0.00548019
v 0.00072274 -0.02125509 0.02076046
v 0.03984913 -0.02986800 0.00114732
v 0.00741355 -0.01831079 0.02376306
v 0.03156540 -0.02606271 0.01485629
v 0.03886412 -0.02700633 0.01294438
v 0.00048175 -0.01352682 0.02619004
v 0.00075246 -0.01362300 0.02643776
v 0.04189477 -0.02959287 0.00256756
v 0.04369092 -0.02923824 0.00343755
v 0.02561279 -0.02994066 0.00174527
v 0.04327163 -0.02646678 0.01309028
v 0.04812078 -0.02336449 0.01487256
v 0.00401772 -0.02943027 0.00581845
v 0.04340123 -0.02597245 0.01396048
v 0.04360844 -0.02638912 0.01309133
v 0.04441379 -0.02109079 0.01676071
v 0.00536605 -0.01245043 0.02729233
v 0.03197547 -0.02504267 0.01651798
v 0.04343009 -0.02512459 0.01545218
v 0.03337875 -0.02948890 0.00549539
v 0.04276663 -0.02598534 0.01419750
v 0.04243949 -0.02951319 0.00286904
v 0.03332742 -0.02993899 0.00172511
v 0.03860786 -0.02933846 0.00595744
v 0.02020094 -0.02410794 0.01784758
v 0.00026604 -0.01599889 0.02450123
v 0.00153209 -0.00162698 0.02995276
v 0.00572449 -0.00530999 0.02952311
v 0.00182280 -0.00297695 0.02985113
v 0.00026602 -0.01259200 0.02640733
v 0.00175565 -0.02897549 0.00774241
v 0.00399152 -0.00869621 0.02871105
v 0.00000515 -0.02464458 0.01529036
v 0.04996718 -0.02575588 0.00213993
v 0.01948061 -0.02920543 0.00685881
v 0.04676510 -0.02647569 0.01100025
v 0.04045336 -0.02442876 0.01719973
v 0.00091337 -0.02985553 0.00025701
v 0.00024958 -0.02289060 0.01820490
v 0.00370032 -0.02999485 0.00020780
v 0.03297727 -0.02621006 0.01458282
v 0.04998082 -0.02143796 0.01130444
v 0.04659485 -0.02411476 0.01561700
v 0.04878611 -0.02661200 0.00862236
v 0.00090641 -0.02857446 0.00866626
v 0.04417890 -0.02907177 0.00397465
v 0.00522697 -0.02092037 0.02150095
v 0.04092019 -0.02685026 0.01298845
v 0.00145755 -0.00456759 0.02964693
v 0.04141800 -0.02919126 0.00580493
v 0.04614439 -0.02440725 0.01538080
v 0.01450549 -0.02376402 0.01830492
v 0.04129039 -0.02956405 0.00353208
v 0.04449791 -0.02401528 0.01670971
v 0.03329964 -0.02965392 0.00444134
v 0.04042228 -0.02857216 0.00868208
v 0.00902812 -0.00252968 0.02986291
v 0.00150575 -0.00196340 0.02992786
v 0.00000000 -0.00000378 0.00794229
v 0.00150488 -0.02741248 0.01216603
v 0.00934718 -0.02314889 0.01908182
v 0.04515388 -0.02807026 0.00762205
v 0.00039372 -0.02384296 0.01717975
v 0.04965222 -0.02190782 0.01366137
v 0.03279522 -0.02694571 0.01317395
v 0.04760005 -0.02260674 0.01520702
v 0.04083440 -0.02613855 0.01437990
v 0.04359908 -0.02922069 0.00375738
v 0.00578487 -0.01434341 0.02634740
v 0.04812940 -0.02655955 0.00950521
v 0.04132683 -0.02760455 0.01116148
v 0.00832162 -0.01419049 0.02642297
v 0.00066498 -0.02299359 0.01873889
v 0.04034516 -0.02870911 0.00821705
v 0.04842514 -0.02789959 0.00347601
v 0.04109032 -0.02893279 0.00714700
v 0.02978963 -0.02774283 0.01139929
v 0.00112509 -0.02995163 0.00021711
v 0.03183217 -0.02606038 0.01486038
v 0.03799064 -0.02546085 0.01582190
v 0.00235300 -0.01000896 0.02828038
v 0.04053615 -0.02952467 0.00435034
v 0.04516956 -0.02434109 0.01597310
v 0.00242161 -0.02769766 0.01152151
v 0.00918289 -0.01988737 0.02245798
v 0.04948212 -0.02602475 0.00940436
v 0.03400123 -0.02413165 0.01781402
v 0.04178371 -0.02673470 0.01300991
v 0.00762455 -0.00895654 0.02863180
v 0.01513974 -0.02999985 0.00000609
v 0.00399876 -0.01765453 0.02425243
v 0.03370842 -0.02675718 0.01355199
v 0.00899439 -0.00586330 0.02941756
v 0.04070075 -0.02828750 0.00949147
v 0.00060822 -0.02247874 0.01925253
v 0.04533131 -0.02835352 0.00637908
v 0.00069757 -0.02798875 0.00991648
v 0.00131553 -0.00564441 0.02945430
v 0.00000000 -0.02073089 0.02013521
v 0.04690706 -0.02543855 0.01312049
v 0.00818441 -0.01421426 0.02641160
v 0.00778707 -0.00222965 0.02991560
v 0.04597982 -0.02755429 0.00875954
v 0.04342002 -0.02534371 0.01506782
v 0.00365637 -0.02872311 0.00864986
v 0.04475233 -0.02816783 0.00763040
v 0.04083191 -0.02612137 0.01441309
v 0.00607636 -0.02577172 0.01535574
v 0.04516822 -0.02484518 0.01518166
v 0.04541142 -0.02773886 0.00863739
v 0.04647974 -0.02861325 0.00274331
v 0.00088257 -0.01942661 0.02264685
v 0.03766983 -0.02705709 0.01291039
v 0.04725155 -0.02783569 0.00617810
v 0.00065139 -0.02487153 0.01613939
v 0.00042936 -0.02939643 0.00112140
v 0.03908587 -0.02885643 0.00790059
v 0.04339168 -0.02375963 0.01715218
v 0.00842560 -0.00965705 0.02839865
v 0.04271950 -0.02935208 0.00390269
v 0.00837103 -0.00929179 0.02852410
v 0.04175770 -0.02544338 0.01537876
v 0.00111560 -0.02648741 0.01398157
v 0.00208922 -0.01433540 0.02634872
v 0.03777255 -0.02950220 0.00528382
v 0.04276171 -0.02400117 0.01734960
v 0.00397802 -0.00603555 0.02938345
v 0.00102958 -0.01164547 0.02755942
v 0.03058158 -0.02906295 0.00742984
v 0.02395977 -0.02619490 0.01461869
v 0.00809447 -0.00211274 0.02992460
v 0.00088085 -0.02930006 0.00565825
v 0.00880204 -0.01558119 0.02563094
v 0.00008209 -0.02578382 0.01343028
v 0.00139731 -0.02686160 0.01335410
v 0.04564698 -0.02799866 0.00742867
v 0.00546069 -0.01696855 0.02473658
v 0.00644404 -0.00416317 0.02970880
v 0.00088120 -0.00841705 0.02862809
v 0.00000000 -0.00273452 0.02164083
v 0.04223903 -0.02965571 0.00117158
v 0.00605187 -0.02943702 0.00578326
v 0.04234871 -0.02904634 0.00604597
v 0.00863564 -0.01781380 0.02413316
v 0.00014672 -0.02891327 0.00364049
v 0.00388844 -0.00711258 0.02914336
v 0.00114439 -0.02939558 0.00579431
v 0.04410689 -0.02891236 0.00499652
v 0.01977330 -0.02823162 0.01014650
v 0.00012885 -0.02807949 0.00773547
v 0.04427415 -0.02930260 0.00002192
v 0.03350134 -0.02998151 0.00080482
v 0.02969713 -0.02686266 0.01335603
v 0.01819567 -0.02699373 0.01308606
v 0.04127697 -0.02767803 0.01100423
v 0.04040778 -0.02702420 0.01274264
v 0.04107131 -0.02978318 0.00049674
v 0.04207394 -0.02953614 0.00306292
v 0.04827393 -0.02702949 0.00789954
v 0.03319486 -0.02923860 0.00670021
v 0.04041331 -0.02913064 0.00655238
v 0.00000000 -0.00998797 0.02716470
v 0.03817261 -0.02831631 0.00978721
v 0.01035581 -0.02231825 0.02004147
v 0.00162452 -0.01678502 0.02486101
v 0.03707483 -0.02404936 0.01792985
v 0.04748108 -0.02744484 0.00735708
v 0.03798375 -0.02953189 0.00507176
v 0.03601166 -0.02962964 0.00449719
v 0.00543610 -0.02916927 0.00700802
v 0.03979040 -0.02985878 0.00144852
v 0.04990574 -0.02748397 0.00114095
v 0.04752170 -0.02838187 0.00142418
v 0.00944730 -0.01984228 0.02249843
v 0.00000000 -0.00010518 0.02604014
v 0.04022990 -0.02582136 0.01505699
v 0.00124568 -0.01377169 0.02662641
v 0.03223238 -0.02400835 0.01798865
v 0.02349076 -0.02761327 0.01169668
v 0.03133358 -0.02978186 0.00358533
v 0.03669094 -0.02781981 0.01118558
v 0.00899705 -0.02944705 0.00573053
v 0.00000000 -0.02846522 0.00444376
v 0.00087186 -0.00106968 0.02981300
v 0.04859874 -0.02644478 0.00009964
v 0.00194587 -0.00795261 0.02891812
v 0.00160320 -0.02077102 0.02164681
v 0.03794414 -0.02978470 0.00333731
v 0.03194328 -0.02951687 0.00536077
v 0.03308362 -0.02551876 0.01575813
v 0.00083584 -0.01488911 0.02582071
v 0.04661809 -0.02536146 0.01345399
v 0.04369549 -0.02790278 0.00001354
v 0.03798064 -0.02637006 0.01424401
v 0.00834573 -0.01537710 0.02575713
v 0.00171208 -0.02515216 0.01635079
v 0.00099488 -0.01594011 0.02529323
v 0.00083682 -0.02379818 0.01795212
v 0.04413968 -0.02441769 0.01625528
v 0.03996260 -0.02865176 0.00847978
v 0.00013107 -0.02676182 0.01148249
v 0.00017069 -0.01527996 0.02484024
v 0.00414873 -0.00979436 0.02835362
v 0.03382951 -0.02954916 0.00512983
v 0.00075778 -0.00195167 0.02968154
v 0.04986936 -0.02721224 0.00407819
v 0.02215565 -0.02424440 0.01765431
v 0.04500577 -0.02817209 0.00737509
v 0.03428245 -0.02979322 0.00346031
v 0.00036433 -0.02608956 0.01345800
v 0.00000000 -0.02761885 0.00680491
v 0.00000350 -0.00100426 0.02898279
v 0.04460880 -0.02555359 0.01417132
v 0.04081272 -0.02583106 0.01493070
v 0.00277202 -0.02302575 0.01922622
v 0.00355413 -0.02689396 0.01329317
v 0.00563945 -0.02303200 0.01922177
v 0.01043642 -0.02143656 0.02097965
v 0.04513742 -0.02502897 0.01486913
v 0.00174130 -0.02716846 0.01271679
v 0.00000000 -0.00000134 0.02014549
v 0.04140617 -0.02897508 0.00681696
v 0.00897620 -0.01772408 0.02419855
v 0.03819970 -0.02937141 0.00588679
v 0.00359761 -0.01567764 0.02557290
v 0.03412693 -0.02689487 0.01328418
v 0.00296769 -0.00322121 0.02982217
v 0.00149638 -0.02987963 0.00261114
v 0.04332669 -0.02110658 0.01718410
v 0.00140449 -0.00996046 0.02829474
v 0.03560966 -0.02779629 0.01125166
v 0.04772843 -0.02516998 0.01307275
v 0.03984286 -0.02942379 0.00530129
v 0.00255042 -0.02941602 0.00588712
v 0.03865387 -0.02773829 0.01129719
v 0.00000000 -0.00495712 0.02576892
v 0.00053730 -0.01515586 0.02535108
v 0.00901834 -0.01729367 0.02451335
v 0.04478163 -0.02917651 0.00000350
v 0.00151906 -0.01378711 0.02663561
v 0.04526218 -0.02109737 0.01643013
v 0.03199217 -0.02593909 0.01507061
v 0.00312658 -0.02825024 0.01009325
v 0.00674271 -0.01828485 0.02378318
v 0.00188993 -0.02163848 0.02076617
v 0.02961321 -0.02996975 0.00134242
v 0.04706932 -0.02445999 0.01475334
v 0.00111539 -0.00894084 0.02858326
v 0.00210470 -0.00145918 0.02996194
v 0.00524753 -0.02824663 0.01010394
v 0.04939353 -0.02260361 0.01386691
v 0.03608977 -0.02593412 0.01505991
v 0.03952566 -0.02539091 0.01582600
v 0.03662631 -0.02995034 0.00129738
v 0.00807567 -0.01471462 0.02614052
v 0.00268763 -0.00472993 0.02962000
v 0.03259604 -0.02997241 0.00123854
v 0.00636556 -0.00556838 0.02947844
v 0.04849802 -0.02100000 0.01434688
v 0.00150000 -0.00000124 0.00976925
v 0.02575837 -0.02583557 0.01524726
v 0.04154878 -0.02866592 0.00792493
v 0.00083374 -0.00020585 0.02980781
v 0.03798971 -0.02989594 0.00190581
v 0.03901686 -0.02948085 0.00515558
v 0.04701450 -0.02799863 0.00570571
v 0.00800356 -0.01796312 0.02402439
v 0.03157675 -0.02683899 0.01340141
v 0.04407232 -0.02935226 0.00110314
v 0.04124813 -0.02836980 0.00908086
v 0.03349369 -0.02438532 0.01745474
v 0.00315651 -0.00003062 0.02849871
v 0.00433431 -0.00909907 0.02858632
v 0.00048693 -0.02352016 0.01777430
v 0.04268313 -0.02748412 0.01105343
v 0.04383224 -0.02880842 0.00595328
v 0.00080665 -0.02695411 0.01268949
v 0.03807089 -0.02982375 0.00282706
v 0.00230221 -0.02921530 0.00681308
v 0.04775405 -0.02491387 0.01352766
v 0.00045944 -0.01235182 0.02673920
v 0.03992188 -0.02986730 0.00091376
v 0.04054230 -0.02624881 0.01423275
v 0.00489509 -0.01797504 0.02401789
v 0.04499916 -0.02472950 0.01546145
v 0.01268778 -0.02703174 0.01300843
v 0.00066581 -0.00791830 0.02858428
v 0.04256440 -0.02942474 0.00356587
v 0.00010870 -0.01937298 0.02170781
v 0.00239117 -0.00404966 0.02971935
v 0.00889955 -0.00091383 0.02996649
v 0.03275909 -0.02811827 0.01044580
v 0.04620324 -0.02882328 0.00062856
v 0.00481734 -0.00184951 0.02994019
v 0.00102558 -0.01600831 0.02526740
v 0.00190636 -0.00278993 0.02986723
v 0.03338668 -0.02454482 0.01722883
v 0.00696152 -0.00845123 0.02878249
v 0.03349500 -0.02967496 0.00429540
v 0.00008892 -0.00849166 0.02781721
v 0.00015305 -0.01248053 0.02633304
v 0.03994041 -0.02696747 0.01292495
v 0.00108556 -0.02586856 0.01506744
v 0.04287037 -0.02957854 0.00031517
v 0.00484791 -0.01580242 0.02549557
v 0.03896980 -0.02989449 0.00145283
v 0.04803474 -0.02635155 0.01016429
v 0.02622636 -0.02823261 0.01014417
v 0.04566224 -0.02130299 0.01627424
v 0.00177129 -0.02822631 0.01015744
v 0.04273660 -0.02904686 0.00577851
v 0.04417392 -0.02868164 0.00622510
v 0.04978385 -0.02687508 0.00612000
v 0.02007444 -0.02400627 0.01799158
v 0.04274788 -0.02646122 0.01330923
v 0.00539408 -0.01748139 0.02437623
v 0.00112639 -0.01252477 0.02720700
v 0.04669890 -0.02867157 0.00119119
v 0.00047708 -0.00515278 0.02901154
v 0.00093745 -0.00172418 0.02982398
v 0.00000000 -0.00238836 0.02352092
v 0.04358738 -0.02129110 0.01708272
v 0.04744314 -0.02842326 0.00113409
v 0.04627107 -0.02605838 0.01224775
v 0.00029286 -0.02886468 0.00498360
v 0.04161790 -0.02726821 0.01186368
v 0.00774729 -0.01513896 0.02589944
v 0.00356552 -0.01519970 0.02586354
v 0.04033046 -0.02785263 0.01080770
v 0.03310218 -0.02923332 0.00672559
v 0.00209339 -0.02644289 0.01416944
v 0.04977156 -0.02681736 0.00637916
v 0.03220003 -0.02683462 0.01340911
v 0.03395671 -0.02913660 0.00712797
v 0.03353124 -0.02805984 0.01059811
v 0.04891012 -0.02564805 0.01103922
v 0.04419762 -0.02400839 0.01683586
v 0.04060701 -0.02535933 0.01575620
v 0.01970282 -0.02892319 0.00793190
v 0.01655980 -0.02847458 0.00941292
v 0.03801551 -0.02695489 0.01312174
v 0.00005264 -0.01080880 0.02696510
v 0.00846216 -0.02996572 0.00141116
v 0.04256506 -0.02881536 0.00697455
v 0.03806454 -0.02518921 0.01626395
v 0.00887129 -0.01140578 0.02773860
v 0.04757780 -0.02757569 0.00675168
v 0.00829852 -0.01824694 0.02381234
v 0.03816150 -0.02994100 0.00119353
v 0.00075535 -0.00891102 0.02838208
v 0.00305726 -0.02908660 0.00734146
v 0.00000000 -0.00003291 0.00078833
v 0.04852069 -0.02783425 0.00379949
v 0.00118192 -0.01190752 0.02749607
v 0.00126841 -0.02155711 0.02083468
v 0.04231925 -0.02875265 0.00731270
v 0.00088271 -0.02767808 0.01115059
v 0.00027673 -0.01913292 0.02215984
v 0.04799009 -0.02403132 0.01490256
v 0.00859865 -0.01405502 0.02648928
v 0.00150276 -0.01940764 0.02286650
v 0.03825057 -0.02482478 0.01680675
v 0.00058519 -0.02954906 0.00126888
v 0.00490670 -0.00571305 0.02945058
v 0.00624474 -0.00541104 0.02950623
v 0.04040996 -0.02417975 0.01756989
v 0.00106386 -0.01318325 0.02686754
v 0.03363482 -0.02938986 0.00596520
v 0.00142637 -0.02670985 0.01365344
v 0.04052265 -0.02402245 0.01777796
v 0.03886712 -0.02931119 0.00603176
v 0.01209424 -0.02584951 0.01522206
v 0.00874145 -0.00770244 0.02898772
v 0.01223776 -0.02288343 0.01939928
v 0.04095790 -0.02978871 0.00108593
v 0.02710742 -0.02949939 0.00545352
v 0.00068240 -0.02470466 0.01643752
v 0.00000000 -0.02158603 0.01897120
v 0.03993542 -0.02894181 0.00746475
v 0.03579743 -0.02549408 0.01578679
v 0.02858815 -0.02614198 0.01471442
v 0.00228015 -0.00762257 0.02900975
v 0.04428672 -0.02732681 0.01057439
v 0.00220573 -0.01522807 0.02584652
v 0.03728211 -0.02981789 0.00296837
v 0.04729881 -0.02748082 0.00744926
v 0.00824217 -0.01208709 0.02745626
v 0.00805014 -0.00809126 0.02888707
v 0.04030388 -0.02985241 0.00074433
v 0.00289149 -0.00157368 0.02995635
v 0.00281676 -0.02999317 0.00027564
v 0.00083900 -0.02124785 0.02091169
v 0.03351031 -0.02996381 0.00140694
v 0.00877916 -0.02103568 0.02138834
v 0.03931188 -0.02856494 0.00888385
v 0.00285284 -0.00285390 0.02986316
v 0.00000000 -0.02309661 0.01719687
v 0.04575817 -0.02441936 0.01557718
v 0.04171207 -0.02941464 0.00426514
v 0.04753736 -0.02132604 0.01521580
v 0.04108368 -0.02665833 0.01332255
v 0.02171638 -0.02909411 0.00731639
v 0.00225428 -0.01638482 0.02512349
v 0.00785201 -0.02725587 0.01251479
v 0.00021363 -0.00450397 0.02885154
v 0.00133367 -0.02867734 0.00878841
v 0.03414584 -0.02948693 0.00548265
v 0.04278897 -0.02925075 0.00452676
v 0.00312708 -0.02710444 0.01285857
v 0.00516964 -0.02984955 0.00299343
v 0.04846229 -0.02801823 0.00198933
v 0.00606195 -0.00931396 0.02851605
v 0.01062867 -0.02255004 0.01978220
v 0.04073565 -0.02929329 0.00564396
v 0.00129174 -0.02988839 0.00237694
v 0.00169669 -0.00898963 0.02862163
v 0.00925728 -0.00026404 0.02973312
v 0.00165878 -0.02641423 0.01421978
v 0.04322739 -0.02513558 0.01551711
v 0.00827592 -0.01244971 0.02728582
v 0.03969442 -0.02426503 0.01752926
v 0.04638385 -0.02823533 0.00555766
v 0.04452774 -0.02568486 0.01397413
v 0.03368832 -0.02999553 0.00011854
v 0.00873576 -0.00242279 0.02990074
v 0.04230181 -0.02922763 0.00513377
v 0.03840279 -0.02859693 0.00891026
v 0.03172009 -0.02996166 0.00145012
v 0.04580656 -0.02428648 0.01576204
v 0.00554892 -0.01858438 0.02354628
v 0.03542933 -0.02401848 0.01797410
v 0.04881520 -0.02256340 0.01432508
v 0.04012631 -0.02832722 0.00950887
v 0.04408208 -0.02935032 0.00055787
v 0.00037478 -0.01634274 0.02440679
v 0.00113182 -0.01238434 0.02727079
v 0.00324093 -0.02716915 0.01271416
v 0.04909459 -0.02191792 0.01410444
v 0.04449830 -0.02901722 0.00383165
v 0.00252653 -0.02700611 0.01306163
v 0.00019013 -0.00867426 0.02786649
v 0.04816392 -0.02388885 0.01483719
v 0.01036376 -0.02136711 0.02105019
v 0.04865241 -0.02785777 0.00297982
v 0.03151222 -0.02920250 0.00687062
v 0.03795731 -0.02981611 0.00293480
v 0.04112352 -0.02587454 0.01478806
v 0.04225031 -0.02688879 0.01256816
v 0.00570946 -0.01377318 0.02663723
v 0.04264461 -0.02579276 0.01457923
v 0.04267409 -0.02961620 0.00009518
v 0.04973348 -0.02606059 0.00902638
v 0.04386813 -0.02769482 0.00983518
v 0.00042505 -0.01399425 0.02588186
v 0.00018466 -0.02013744 0.02110204
v 0.04031562 -0.02899197 0.00722055
v 0.00011067 -0.01902458 0.02203381
v 0.00333521 -0.01792096 0.02405856
v 0.00038669 -0.00627023 0.02870310
v 0.04374920 -0.02691060 0.01187246
v 0.04556554 -0.02552079 0.01378673
v 0.00894915 -0.00754190 0.02902861
v 0.00294947 -0.01530139 0.02580373
v 0.04604509 -0.02718038 0.00972911
v 0.00031000 -0.01319015 0.02616722
v 0.00551572 -0.01174263 0.02760528
v 0.04996711 -0.02414557 0.01316915
v 0.04099879 -0.02976331 0.00155504
v 0.00000005 -0.00004677 0.02760102
v 0.04971419 -0.02748671 0.00211502
v 0.00796917 -0.00871975 0.02870232
v 0.04865107 -0.02780118 0.00360933
v 0.00072108 -0.01274431 0.02684115
v 0.00145957 -0.02354225 0.01857988
v 0.00016812 -0.02645980 0.01226741
v 0.00000000 -0.01467256 0.01912272
v 0.04460646 -0.02466069 0.01571584
v 0.03984457 -0.02615445 0.01450657
v 0.00373496 -0.02117370 0.02125248
v 0.04613804 -0.02614950 0.01214769
v 0.00026671 -0.02682908 0.01167916
v 0.00021853 -0.00362537 0.02898389
v 0.04631481 -0.02807495 0.00646269
v 0.00142655 -0.02984370 0.00304997
v 0.04258077 -0.02922804 0.00492835
v 0.03422715 -0.02922973 0.00671359
v 0.00020296 -0.00435202 0.02886248
v 0.02861683 -0.02829376 0.00995886
v 0.04019423 -0.02955494 0.00429326
v 0.03584751 -0.02547343 0.01582033
v 0.00905050 -0.02988248 0.00256096
v 0.00074400 -0.01926383 0.02265359
v 0.04809049 -0.02786895 0.00441388
v 0.00045664 -0.01947688 0.02208612
v 0.00109531 -0.00743994 0.02900386
v 0.00244727 -0.02943729 0.00577745
v 0.04241245 -0.02694269 0.01240095
v 0.04415430 -0.02719397 0.01103128
v 0.00256423 -0.00561347 0.02946980
v 0.03834658 -0.02577098 0.01528579
v 0.04477861 -0.02794534 0.00845041
v 0.00716513 -0.02098902 0.02143392
v 0.00105251 -0.01620535 0.02515466
v 0.03122899 -0.02980567 0.00340355
v 0.01337672 -0.02999977 0.00000907
v 0.00999232 -0.02686959 0.01334308
v 0.00114576 -0.02410136 0.01779752
v 0.00075175 -0.01746992 0.02407138
v 0.00160429 -0.02384259 0.01819508
v 0.00134840 -0.02674076 0.01357937
v 0.00000000 -0.00668318 0.02684868
v 0.03320770 -0.02605514 0.01486973
v 0.03601449 -0.02539288 0.01595059
v 0.04683651 -0.02843128 0.00345732
v 0.00979744 -0.02073410 0.02168141
v 0.03770574 -0.02994313 0.00130765
v 0.00876877 -0.01356274 0.02673274
v 0.03113653 -0.02498927 0.01659815
v 0.04056634 -0.02967513 0.00327634
v 0.00130036 -0.02630522 0.01439743
v 0.00082203 -0.02357046 0.01822584
v 0.00138728 -0.02976684 0.00369839
v 0.03338425 -0.02412717 0.01782038
v 0.01076266 -0.02315119 0.01907915
v 0.04083910 -0.02938808 0.00507482
v 0.03686138 -0.02993406 0.00151004
v 0.04051097 -0.02984028 0.00056134
v 0.04755872 -0.02614411 0.01114439
v 0.03879873 -0.02605280 0.01478478
v 0.03472632 -0.02595967 0.01502811
v 0.03785159 -0.02867971 0.00866941
v 0.00144183 -0.00508636 0.02955898
v 0.03386440 -0.02918952 0.00691264
v 0.04898109 -0.02782372 0.00182198
v 0.00675449 -0.00276834 0.02987157
v 0.03581977 -0.02995619 0.00126919
v 0.03175445 -0.02980027 0.00345507
v 0.04238512 -0.02772710 0.01053331
v 0.04990733 -0.02712827 0.00444945
v 0.00000000 -0.02095882 0.00001706
v 0.04783981 -0.02508517 0.01315100
v 0.01639084 -0.02664942 0.01377025
v 0.00128405 -0.00635254 0.02930118
v 0.00122526 -0.00826497 0.02881216
v 0.00978338 -0.00021186 0.02920895
v 0.01510474 -0.02580010 0.01530827
v 0.00769855 -0.01520522 0.02586072
v 0.04705628 -0.02113226 0.01549268
v 0.04041709 -0.02772557 0.01113155
v 0.04239178 -0.02475142 0.01633501
v 0.00067854 -0.02438535 0.01689472
v 0.03393800 -0.02515550 0.01634431
v 0.04326179 -0.02930505 0.00357573
v 0.00124561 -0.00953494 0.02841960
v 0.00000000 -0.02451029 0.01546893
v 0.04189421 -0.02525523 0.01566280
v 0.04723885 -0.02606500 0.01154226
v 0.00125185 -0.01686367 0.02478780
v 0.00814096 -0.00960924 0.02841600
v 0.03090457 -0.02909504 0.00731250
v 0.04410661 -0.02801326 0.00877764
v 0.04589818 -0.02699227 0.01037807
v 0.00889085 -0.00127032 0.02995342
v 0.00108651 -0.01882873 0.02327794
v 0.00737076 -0.01418531 0.02642749
v 0.00809480 -0.00016486 0.02999395
v 0.00236872 -0.02205054 0.02033279
v 0.00150000 -0.00000220 0.01984955
v 0.00014794 -0.02426874 0.01611587
v 0.00060429 -0.02933019 0.00395023
v 0.00096007 -0.00251323 0.02977670
v 0.00062316 -0.00030287 0.02961757
v 0.00076264 -0.02858835 0.00823585
v 0.03322471 -0.02980857 0.00335665
v 0.03321082 -0.02913847 0.00713381
v 0.04023266 -0.02986036 0.00028076
v 0.03350541 -0.02662329 0.01380490
v 0.00032991 -0.01853341 0.02271845
v 0.04905297 -0.02424466 0.01374841
v 0.00186280 -0.02186440 0.02052873
v 0.00921635 -0.02042439 0.02197122
v 0.00032171 -0.02154038 0.01988398
v 0.00319241 -0.00852413 0.02876162
v 0.00020531 -0.02913364 0.00197011
v 0.00556249 -0.00254989 0.02988916
v 0.00533250 -0.00877903 0.02868588
v 0.03314422 -0.02637567 0.01427128
v 0.00000000 -0.02440334 0.00005294
v 0.00179693 -0.01446084 0.02627788
v 0.03816640 -0.02481548 0.01682319
v 0.04238727 -0.02421373 0.01713996
v 0.04182169 -0.02631782 0.01381333
v 0.04961127 -0.02760866 0.00028100
v 0.00708305 -0.02772642 0.01145319
v 0.04184916 -0.02635846 0.01372953
v 0.00037602 -0.01538607 0.02501858
v 0.00142383 -0.00475987 0.02961432
v 0.04007702 -0.02972351 0.00303719
v 0.04936496 -0.02757113 0.00281386
v 0.00081338 -0.01350977 0.02654910
v 0.03240222 -0.02576645 0.01535684
v 0.03475925 -0.02827313 0.00999846
v 0.04977612 -0.02608859 0.00890401
v 0.00378609 -0.01685685 0.02481349
v 0.00090064 -0.00560682 0.02932033
v 0.01558720 -0.02664361 0.01378169
v 0.00604040 -0.01704060 0.02468734
v 0.00009600 -0.00641987 0.02836746
v 0.00121057 -0.00619016 0.02932553
v 0.04843573 -0.02762344 0.00514802
v 0.03454807 -0.02787447 0.01107190
v 0.00160158 -0.00957380 0.02842573
v 0.01791169 -0.02625999 0.01450075
v 0.00890037 -0.00076494 0.02997195
v 0.00010731 -0.02849682 0.00587192
v 0.03827817 -0.02838487 0.00958469
v 0.00006123 -0.02509574 0.01465364
v 0.00461395 -0.00706285 0.02915535
v 0.03904513 -0.02984614 0.00203614
v 0.03330833 -0.02961380 0.00471184
v 0.00260524 -0.02967895 0.00437594
v 0.03931998 -0.02981044 0.00234221
v 0.03610565 -0.02796554 0.01081249
v 0.04743301 -0.02711304 0.00864604
v 0.00059660 -0.02383894 0.01753813
v 0.00050286 -0.02575080 0.01438540
v 0.04368687 -0.02818913 0.00851134
v 0.00488974 -0.02299088 0.01926911
v 0.04827490 -0.02300820 0.01475147
v 0.03239833 -0.02775374 0.01137151
v 0.00416633 -0.02984493 0.00303846
v 0.00463658 -0.02921069 0.00683522
v 0.00058731 -0.01460190 0.02572167
v 0.04090697 -0.02821980 0.00961668
v 0.04944271 -0.02755671 0.00261008
v 0.00612137 -0.02717901 0.01268857
v 0.04700452 -0.02597620 0.01189977
v 0.03240554 -0.02996742 0.00137390
v 0.03757413 -0.02714509 0.01271215
v 0.04243504 -0.02962301 0.00143468
v 0.04655205 -0.02591738 0.01234891
v 0.00770452 -0.02655335 0.01395714
v 0.00116082 -0.00252891 0.02985198
v 0.00150962 -0.01689947 0.02478030
v 0.03837732 -0.02977325 0.00334261
v 0.00587756 -0.00285577 0.02986284
v 0.00546382 -0.02710866 0.01284640
v 0.02888009 -0.02978305 0.00358560
v 0.01858210 -0.02974558 0.00387074
v 0.00086408 -0.01704510 0.02447528
v 0.00130166 -0.02995653 0.00147170
v 0.03666552 -0.02630249 0.01438989
v 0.00225931 -0.02850125 0.00933369
v 0.03897789 -0.02892821 0.00766559
v 0.03057662 -0.02588843 0.01515815
v 0.00047402 -0.02924452 0.00364756
v 0.01844567 -0.02959160 0.00491082
v 0.00205153 -0.01541739 0.02573442
v 0.04986663 -0.02727622 0.00372252
v 0.04125608 -0.02976342 0.00056483
v 0.00040174 -0.01256880 0.02657119
v 0.00483112 -0.02686411 0.01335386
v 0.01028451 -0.02309460 0.01914730
v 0.03866770 -0.02853600 0.00908241
v 0.04696196 -0.02834938 0.00382853
v 0.03292402 -0.02911221 0.00724182
v 0.00238452 -0.02825562 0.01007705
v 0.04950588 -0.02100000 0.01302238
v 0.03329727 -0.02920460 0.00686191
v 0.00006939 -0.02734200 0.00984402
v 0.03706879 -0.02699723 0.01304595
v 0.00047025 -0.02899499 0.00524582
v 0.03445682 -0.02929006 0.00642091
v 0.04142882 -0.02407912 0.01752539
v 0.00134158 -0.02862423 0.00895038
v 0.03589078 -0.02937352 0.00597615
v 0.00706997 -0.01469205 0.02615236
v 0.00087464 -0.02660651 0.01349319
v 0.00092753 -0.02212112 0.02007479
v 0.00000000 -0.02260303 0.01810584
v 0.04760086 -0.02714230 0.00833161
v 0.00075869 -0.02951786 0.00368743
v 0.04071246 -0.02580212 0.01499947
v 0.00530336 -0.02065791 0.02175385
v 0.04233532 -0.02758037 0.01093780
v 0.04530736 -0.02362917 0.01641215
v 0.00690838 -0.01478778 0.02609836
v 0.04862946 -0.02802437 0.00066873
v 0.00997981 -0.02065025 0.02176080
v 0.00200266 -0.01548304 0.02569389
v 0.04533095 -0.02805667 0.00750655
v 0.01101074 -0.02189556 0.02050470
v 0.00368983 -0.02391472 0.01810151
v 0.00056083 -0.02948413 0.00204377
v 0.00050404 -0.02523758 0.01526350
v 0.00090762 -0.01411029 0.02631498
v 0.01381894 -0.02983342 0.00314619
v 0.04037619 -0.02900015 0.00717009
v 0.03828546 -0.02893579 0.00774705
v 0.00103453 -0.01990689 0.02233709
v 0.04289437 -0.02637783 0.01341462
v 0.00339100 -0.00421505 0.02969978
v 0.01012089 -0.02980329 0.00342861
v 0.04746173 -0.02794616 0.00516072
v 0.00774051 -0.01715050 0.02461172
v 0.00014639 -0.00028354 0.02914300
v 0.00163728 -0.01975197 0.02256866
v 0.04193284 -0.02968646 0.00125044
v 0.00860155 -0.01197291 0.02750683
v 0.00000000 -0.00817111 0.00000607
v 0.03829677 -0.02994134 0.00060235
v 0.00000000 -0.00205209 0.00004858
v 0.00012530 -0.00287285 0.02897774
v 0.04797173 -0.02158475 0.01497271
v 0.00164632 -0.02910611 0.00726823
v 0.04983122 -0.02588150 0.00096764
v 0.03901439 -0.02657997 0.01376120
v 0.03872083 -0.02992578 0.00032674
v 0.00300827 -0.00721812 0.02911747
v 0.00104901 -0.02487999 0.01663650
v 0.00163024 -0.00108279 0.02997280
v 0.00000000 -0.02783434 0.00317005
v 0.03942935 -0.02973231 0.00328477
v 0.00022901 -0.01181061 0.02673481
v 0.03923805 -0.02925585 0.00621336
v 0.04607309 -0.02572871 0.01309499
v 0.00884158 -0.01624734 0.02521926
v 0.00253302 -0.01233488 0.02734547
v 0.00803842 -0.01058821 0.02806783
v 0.00889881 -0.01706578 0.02466775
v 0.04822781 -0.02685589 0.00859536
v 0.00894335 -0.00852975 0.02875831
v 0.00012254 -0.02587249 0.01335251
v 0.00144937 -0.02807676 0.01054525
v 0.03408716 -0.02770612 0.01147417
v 0.00829022 -0.00802632 0.02890527
v 0.00092180 -0.02848882 0.00895539
f 38 886 349
f 1455 1147 1108
f 77 921 929
f 929 1354 77
f 921 1603 929
f 929 1603 38
f 929 38 349
f 115 921 77
f 128 1480 434
f 38 1603 128
f 682 624 1475
f 274 607 1126
f 977 274 1126
f 1126 571 977
f 1150 700 1356
f 1147 1455 397
f 1427 682 1475
f 1108 1147 946
f 1147 1239 946
f 522 397 886
f 522 1239 1147
f 1147 397 522
f 1108 1356 194
f 194 1455 1108
f 1062 1356 1108
f 886 397 341
f 800 115 77
f 1480 128 1059
f 1059 128 1603
f 1059 1603 921
f 921 115 1059
f 115 138 1059
f 1475 607 1597
f 1597 1427 1475
f 977 1427 1597
f 1597 274 977
f 1597 607 274
f 434 1480 62
f 1126 1072 62
f 1480 1059 62
f 74 128 434
f 38 128 74
f 1239 522 74
f 886 38 74
f 74 522 886
f 986 805 1265
f 1265 805 1284
f 1344 387 986
f 1284 805 1049
f 1049 805 986
f 986 387 1049
f 1049 387 481
f 1159 1356 700
f 1159 194 1356
f 700 341 1159
f 1455 194 1159
f 1159 397 1455
f 1159 341 397
f 324 1062 1108
f 986 1265 1567
f 1567 1265 1284
f 815 1344 986
f 986 1567 815
f 815 1567 211
f 323 929 349
f 1354 929 323
f 718 332 588
f 588 420 718
f 718 420 332
f 1354 1329 1246
f 1200 800 1219
f 1219 800 77
f 624 682 743
f 682 1427 743
f 208 1126 607
f 607 74 208
f 208 74 1126
f 1080 1072 1126
f 1126 74 1080
f 1080 74 1072
f 782 74 434
f 1072 74 782
f 434 62 782
f 782 62 1072
f 1239 74 535
f 965 645 624
f 624 743 965
f 965 743 161
f 1538 461 358
f 161 461 1538
f 1049 447 383
f 1432 1555 349
f 325 1555 1432
f 588 332 75
f 332 768 1573
f 1573 75 332
f 1116 131 744
f 744 131 1013
f 1013 131 944
f 420 1435 850
f 47 712 1074
f 406 696 1566
f 1074 712 241
f 496 696 171
f 349 1555 951
f 1116 1209 903
f 1501 1128 420
f 1501 903 1128
f 1501 131 1116
f 1116 903 1501
f 332 420 1196
f 420 1128 1196
f 325 1601 1516
f 77 1354 820
f 820 1219 77
f 1022 874 73
f 1392 1427 977
f 1392 743 1427
f 358 461 116
f 594 461 161
f 1200 1240 1093
f 1240 1546 1093
f 1575 62 1059
f 1059 378 1575
f 1599 74 607
f 1599 535 74
f 1599 607 1475
f 1475 535 1599
f 614 946 1239
f 614 535 1475
f 1239 535 614
f 1108 946 614
f 1475 624 563
f 1027 324 1108
f 1108 1363 1027
f 161 1538 674
f 1019 218 1034
f 1513 267 518
f 387 1344 475
f 475 1395 387
f 17 341 700
f 1062 324 361
f 361 86 1062
f 324 86 361
f 1123 447 1062
f 1062 86 1123
f 1208 86 324
f 1284 1049 292
f 1049 383 292
f 349 886 683
f 886 1432 683
f 1287 1601 325
f 325 1435 1287
f 1287 1435 1601
f 42 411 1209
f 42 1209 1116
f 42 768 411
f 42 1573 768
f 1337 1306 880
f 771 1013 606
f 1013 944 606
f 606 944 131
f 1146 1435 325
f 1146 850 1435
f 325 1432 1146
f 1432 850 1146
f 1233 1257 544
f 388 1257 1233
f 544 1596 1233
f 1233 1596 388
f 733 448 554
f 554 1257 733
f 733 1257 448
f 448 1257 1404
f 1404 1257 388
f 544 1257 1619
f 1619 1257 1013
f 554 1125 1110
f 554 448 297
f 562 840 1396
f 1396 171 562
f 706 1085 406
f 629 340 167
f 514 340 629
f 687 47 1074
f 243 415 356
f 406 1566 137
f 1242 1566 696
f 696 241 1242
f 1279 1566 1242
f 1242 1587 1279
f 241 1587 1242
f 1394 562 171
f 1361 171 1396
f 764 1053 1579
f 1579 1053 1105
f 1053 1330 1105
f 1344 815 1176
f 815 1342 1176
f 323 1138 619
f 285 1555 325
f 285 951 1555
f 349 951 85
f 420 850 1304
f 1304 1501 420
f 325 1516 1325
f 738 1138 1325
f 63 420 588
f 63 516 420
f 588 1246 63
f 63 1246 1329
f 1329 516 63
f 794 1435 420
f 420 516 794
f 78 11 1246
f 222 11 78
f 376 11 222
f 1119 8 280
f 280 8 741
f 741 1223 280
f 280 78 1119
f 222 78 280
f 1246 330 671
f 1200 1219 188
f 1219 820 188
f 1046 188 254
f 254 188 820
f 254 820 1490
f 183 932 866
f 932 1624 866
f 1244 874 1164
f 161 743 927
f 1598 774 1605
f 1605 774 13
f 13 1463 1605
f 1338 1463 13
f 1067 1535 812
f 812 380 653
f 313 812 653
f 825 380 1075
f 1075 259 825
f 1532 259 1075
f 1126 62 141
f 141 136 1126
f 62 1575 141
f 1126 136 1180
f 1426 800 1200
f 1200 1093 1426
f 1426 1093 1546
f 115 800 1426
f 1426 1546 115
f 780 1546 1240
f 1240 1359 780
f 43 1298 378
f 378 1421 43
f 1609 314 1098
f 1070 1609 537
f 537 314 1070
f 1070 314 1609
f 531 1567 1284
f 537 1609 49
f 1609 614 49
f 49 614 1475
f 1475 563 49
f 645 965 354
f 965 1538 354
f 354 757 645
f 592 1538 965
f 592 674 1538
f 592 965 161
f 161 674 592
f 1019 1034 838
f 838 143 1019
f 864 1034 218
f 414 449 1164
f 1164 518 371
f 132 1559 1019
f 1019 143 132
f 1019 1559 1569
f 1581 757 1569
f 1569 218 1019
f 1569 354 218
f 757 354 1569
f 624 645 925
f 645 757 925
f 925 563 624
f 925 757 563
f 347 508 387
f 1279 1587 244
f 847 241 712
f 847 1587 241
f 712 415 847
f 1587 847 1451
f 1465 475 1344
f 1379 475 1465
f 477 700 1150
f 1150 17 477
f 477 17 700
f 166 17 1150
f 166 914 17
f 1150 1356 294
f 1356 1593 294
f 1356 1099 133
f 133 1593 1356
f 1398 447 1049
f 1062 447 1398
f 1363 292 61
f 61 292 383
f 61 1027 1363
f 324 1027 61
f 61 1208 324
f 86 1208 61
f 61 1123 86
f 61 383 447
f 447 1123 61
f 593 1432 349
f 349 683 593
f 593 683 1432
f 659 178 1013
f 1013 178 1224
f 588 75 1224
f 75 1573 1224
f 771 606 135
f 544 1619 35
f 1125 253 1203
f 611 297 1614
f 611 1125 554
f 554 297 611
f 840 562 510
f 514 629 510
f 1396 840 1580
f 1580 1201 1396
f 464 995 1433
f 1488 1542 328
f 1439 346 150
f 150 692 870
f 1438 1085 1512
f 1513 518 617
f 167 464 763
f 763 629 167
f 705 566 426
f 426 57 705
f 1571 687 1074
f 47 687 854
f 854 1468 47
f 722 1566 1279
f 722 137 1566
f 1279 888 722
f 722 888 137
f 1467 241 696
f 1132 241 1467
f 1579 1132 1467
f 1467 1454 1579
f 1051 764 1579
f 1300 764 1051
f 130 696 496
f 130 1467 696
f 1454 1467 130
f 130 764 1300
f 64 241 1132
f 64 1132 1579
f 788 1394 171
f 788 696 406
f 788 171 696
f 406 1085 788
f 1085 1394 788
f 948 734 506
f 667 635 591
f 591 1105 667
f 667 1105 1330
f 37 1330 1053
f 37 667 1330
f 635 667 37
f 1576 1402 37
f 290 1342 815
f 290 69 1342
f 1381 244 1379
f 484 244 1381
f 1344 1176 389
f 389 484 1344
f 389 1176 1342
f 802 1329 1354
f 1354 323 802
f 323 619 802
f 777 1138 738
f 777 619 1138
f 262 323 349
f 349 85 262
f 379 1304 850
f 379 850 1432
f 886 341 379
f 379 1432 886
f 738 1325 1319
f 1319 1325 1516
f 899 125 1329
f 899 1516 1601
f 419 516 1329
f 1329 125 419
f 1601 1435 83
f 83 794 1601
f 1435 794 83
f 1601 794 953
f 953 794 516
f 1246 11 1466
f 11 376 1466
f 688 603 851
f 851 355 688
f 990 355 851
f 71 1385 661
f 1223 154 220
f 222 280 220
f 220 280 1223
f 601 154 1223
f 601 1223 741
f 987 427 1613
f 1119 78 1428
f 1167 78 1246
f 1246 671 1167
f 1167 1428 78
f 1119 1428 1167
f 930 1246 588
f 930 330 1246
f 1200 188 666
f 666 188 3
f 95 1552 1240
f 455 188 1046
f 1046 1618 455
f 188 455 748
f 741 8 1415
f 1415 669 741
f 1618 957 745
f 741 669 745
f 745 957 741
f 931 957 1618
f 931 1618 1046
f 1046 254 931
f 1460 932 183
f 1164 449 779
f 779 1244 1164
f 183 866 779
f 866 1244 779
f 1296 1327 1107
f 1107 1327 1022
f 384 60 1586
f 214 140 384
f 437 140 214
f 214 213 437
f 646 384 369
f 882 116 1230
f 1230 116 461
f 1278 594 161
f 161 927 1278
f 1605 1463 793
f 793 485 1605
f 165 1598 1236
f 774 1598 165
f 1272 1333 1075
f 1236 1403 576
f 977 571 14
f 1133 1525 882
f 882 1230 1133
f 594 1278 1133
f 461 594 1133
f 1133 1230 461
f 1133 1278 927
f 1424 1535 1536
f 1424 812 1535
f 646 369 579
f 579 384 646
f 1016 532 885
f 885 532 1553
f 1553 532 1447
f 1553 579 885
f 380 812 1461
f 653 380 1096
f 380 825 1096
f 1075 1333 1165
f 1165 1532 1075
f 407 141 1575
f 1240 568 962
f 998 1401 164
f 1240 1552 164
f 164 568 1240
f 787 1421 378
f 787 1059 138
f 787 378 1059
f 115 1486 1357
f 1357 138 115
f 1298 962 637
f 235 1180 136
f 1298 43 1331
f 1240 962 1331
f 1331 962 1298
f 1038 1321 483
f 1338 1038 483
f 643 210 1527
f 1527 210 758
f 204 1098 1284
f 1609 1098 204
f 1284 292 204
f 204 614 1609
f 204 292 1363
f 204 1363 1108
f 1108 614 204
f 334 1512 765
f 1297 1371 618
f 618 1378 1297
f 533 838 932
f 143 838 533
f 932 1460 533
f 533 1460 143
f 932 838 587
f 1409 864 218
f 352 864 1409
f 1409 242 352
f 438 1091 107
f 107 907 438
f 1097 518 267
f 267 371 1097
f 1097 371 518
f 534 414 1164
f 1164 371 534
f 865 132 143
f 1483 347 770
f 432 347 387
f 387 1395 432
f 1395 170 432
f 295 170 770
f 877 185 481
f 481 387 456
f 387 508 456
f 508 1188 456
f 1124 1483 770
f 508 1483 1124
f 1395 475 497
f 497 475 1379
f 181 497 1451
f 1379 1465 728
f 1530 1207 1458
f 166 1207 1530
f 550 880 1306
f 1005 744 1013
f 1013 1224 1005
f 333 906 1306
f 991 906 333
f 1443 1009 880
f 723 1013 771
f 771 135 723
f 723 980 1013
f 606 1312 1422
f 1353 1596 544
f 544 860 1353
f 388 1596 1307
f 1308 268 554
f 5 1257 554
f 554 268 5
f 1257 924 1561
f 1013 1257 1561
f 1561 924 784
f 448 1404 1247
f 1247 959 448
f 988 540 448
f 448 959 988
f 1008 35 1619
f 504 860 1616
f 1616 860 544
f 1616 740 504
f 51 1271 40
f 1614 297 1020
f 1020 297 448
f 139 253 1125
f 1125 1494 139
f 1125 611 1617
f 1545 51 1577
f 1614 278 756
f 1411 93 1550
f 734 948 1550
f 307 629 1083
f 307 510 629
f 840 510 307
f 1607 1394 1085
f 562 1394 1607
f 1607 510 562
f 870 382 905
f 769 1094 840
f 1053 692 308
f 554 1576 308
f 308 423 554
f 1576 37 308
f 308 37 1053
f 1053 870 879
f 879 692 1053
f 870 692 879
f 1399 328 1129
f 1129 328 1542
f 1488 328 433
f 328 755 433
f 692 150 1477
f 211 1567 926
f 1567 334 926
f 1085 706 1408
f 512 706 406
f 406 137 512
f 512 1408 706
f 512 1512 1085
f 1085 1408 512
f 514 385 1407
f 1397 874 1022
f 1022 87 1397
f 87 1407 1397
f 1256 87 1022
f 1565 518 1164
f 1565 617 518
f 629 763 766
f 464 486 766
f 766 763 464
f 182 952 627
f 784 300 672
f 554 423 248
f 431 566 705
f 97 426 566
f 7 426 97
f 1074 616 641
f 641 1571 1074
f 232 1594 712
f 712 47 232
f 1468 854 229
f 47 1468 320
f 1468 229 320
f 320 229 1061
f 524 1576 554
f 554 356 524
f 524 229 1576
f 1061 229 524
f 524 356 415
f 1594 232 524
f 524 232 1061
f 1300 1051 180
f 180 130 1300
f 1454 130 180
f 1579 1454 180
f 180 1051 1579
f 591 635 1281
f 555 64 1366
f 555 184 1074
f 1074 241 555
f 241 64 555
f 234 1105 591
f 1366 64 234
f 1579 1105 234
f 234 64 1579
f 1361 863 393
f 496 171 393
f 171 1361 393
f 1396 1201 939
f 1201 1065 939
f 781 1104 1261
f 734 1104 781
f 468 93 1261
f 1261 1104 468
f 730 1402 616
f 730 37 1402
f 730 616 1074
f 69 290 377
f 137 888 377
f 377 888 69
f 377 72 137
f 211 72 377
f 1344 484 1245
f 484 1381 1245
f 1245 1381 1379
f 1379 728 1245
f 1245 1465 1344
f 1245 728 1465
f 484 389 311
f 311 244 484
f 311 389 1342
f 1342 69 311
f 69 888 311
f 1501 1304 1453
f 1304 379 1453
f 804 899 1601
f 125 899 804
f 1354 1246 626
f 1246 1466 626
f 626 376 1354
f 626 1466 376
f 479 661 1385
f 479 751 71
f 71 661 479
f 685 990 479
f 997 990 685
f 355 990 997
f 685 644 997
f 228 15 711
f 1448 590 15
f 685 479 1448
f 1448 479 590
f 173 376 222
f 222 220 173
f 1354 376 173
f 173 220 154
f 1339 973 741
f 741 309 1339
f 154 601 293
f 293 820 1354
f 1490 820 293
f 293 1339 1490
f 602 8 1119
f 1119 987 602
f 1079 1167 671
f 1079 987 1119
f 1119 1167 1079
f 427 987 1079
f 425 906 991
f 425 327 1100
f 156 1086 1364
f 178 659 398
f 398 263 178
f 398 1086 156
f 156 263 398
f 996 427 1348
f 1134 671 330
f 330 930 1134
f 1337 880 542
f 3 1497 298
f 298 666 3
f 298 1497 1240
f 1200 666 298
f 298 1240 1200
f 1054 748 455
f 95 1153 761
f 796 95 1240
f 375 455 1618
f 1618 1568 375
f 305 1415 8
f 741 957 1194
f 1194 309 741
f 1511 669 851
f 1511 745 669
f 1618 745 1511
f 1511 1568 1618
f 1511 749 1568
f 680 749 1511
f 851 603 1511
f 603 680 1511
f 957 931 359
f 359 254 1490
f 359 931 254
f 187 366 1022
f 1022 1327 187
f 714 1244 866
f 1066 457 795
f 795 964 1066
f 1022 73 350
f 350 1107 1022
f 73 947 350
f 971 947 73
f 992 384 140
f 992 369 384
f 1338 845 1044
f 485 1276 1169
f 1605 485 1169
f 417 165 1236
f 630 1403 1151
f 1403 404 1280
f 1280 404 96
f 1280 1272 1075
f 363 14 571
f 363 13 1311
f 1126 1038 363
f 571 1126 363
f 363 1038 1338
f 1338 13 363
f 1525 1133 1144
f 775 1280 1144
f 1144 1280 1525
f 1144 1039 775
f 14 1039 1144
f 743 1392 1144
f 1144 927 743
f 1144 1133 927
f 1144 1392 977
f 977 14 1144
f 621 129 1508
f 621 1508 352
f 1535 129 621
f 1536 1535 621
f 857 1016 885
f 885 579 857
f 532 1289 631
f 1447 532 631
f 60 384 589
f 1391 1461 812
f 380 1461 123
f 418 907 107
f 1412 1301 1120
f 1120 502 1152
f 830 1406 565
f 670 1406 940
f 670 969 1406
f 122 141 289
f 141 407 289
f 289 235 122
f 568 164 279
f 279 164 1401
f 998 568 279
f 279 1401 998
f 725 235 1205
f 1205 637 725
f 1180 235 725
f 1522 1486 1359
f 1522 1357 1486
f 378 1298 1060
f 1298 637 1060
f 1060 637 1205
f 122 235 225
f 225 235 136
f 193 1359 1240
f 1240 1331 193
f 193 1522 1359
f 469 483 22
f 1338 483 469
f 1191 1527 1338
f 643 1527 1191
f 557 845 1338
f 1338 1527 557
f 896 157 819
f 1438 1512 950
f 1512 334 950
f 1620 267 1513
f 650 314 537
f 537 810 650
f 442 1460 183
f 442 650 1460
f 595 650 442
f 1212 224 1559
f 142 810 132
f 678 650 142
f 142 650 810
f 1559 132 1502
f 132 810 1502
f 1502 1212 1559
f 537 49 525
f 49 1471 525
f 66 757 1581
f 1581 1471 66
f 1302 837 1371
f 218 354 1302
f 1302 354 1538
f 1538 837 1302
f 1115 618 1371
f 1371 837 1115
f 374 1590 832
f 832 812 374
f 812 1424 374
f 450 1584 1297
f 450 1391 812
f 1518 1371 1297
f 1297 1584 1518
f 265 587 838
f 265 838 1034
f 1371 242 474
f 242 1409 474
f 474 1409 218
f 218 1302 474
f 474 1302 1371
f 313 1186 942
f 1076 438 570
f 570 438 907
f 1457 1569 1559
f 1559 224 1457
f 1457 1543 1569
f 508 347 1089
f 1089 1483 508
f 347 1483 1089
f 770 347 913
f 913 295 770
f 347 295 913
f 170 295 1322
f 1322 295 347
f 185 877 679
f 783 1187 1237
f 737 1237 185
f 185 679 737
f 504 740 1117
f 1229 877 481
f 481 456 1229
f 1229 456 877
f 240 894 1360
f 807 1124 770
f 770 170 807
f 170 573 807
f 828 497 1379
f 1379 244 828
f 1451 497 828
f 36 181 108
f 697 181 36
f 108 181 152
f 152 97 108
f 7 97 152
f 152 181 1451
f 243 7 152
f 152 415 243
f 152 847 415
f 152 1451 847
f 1071 166 1150
f 1071 1207 166
f 1150 105 1071
f 105 1207 1071
f 1099 1495 1600
f 396 1530 1458
f 676 135 606
f 1099 640 1459
f 1459 294 1593
f 1593 133 1459
f 1459 133 1099
f 1150 294 1459
f 1459 105 1150
f 1459 640 105
f 6 550 659
f 1478 550 6
f 6 659 1013
f 1013 1478 6
f 784 880 1437
f 880 550 1437
f 1437 1478 784
f 1437 550 1478
f 237 1224 1573
f 237 1005 1224
f 588 1224 941
f 941 746 588
f 390 930 588
f 588 746 390
f 980 65 270
f 1013 980 270
f 784 1225 842
f 842 880 784
f 196 994 1101
f 1101 759 880
f 880 1009 1101
f 1501 1453 1136
f 1136 1453 379
f 1450 1018 1312
f 1450 606 131
f 1450 1312 606
f 945 500 1183
f 606 1422 1533
f 1274 1307 1596
f 44 742 698
f 1127 742 44
f 44 1241 1204
f 44 860 504
f 504 1241 44
f 1596 1353 44
f 44 401 1596
f 149 1308 554
f 149 672 300
f 319 300 784
f 784 924 319
f 319 5 268
f 852 1478 1013
f 1013 1561 852
f 784 1478 852
f 852 1561 784
f 540 988 956
f 956 988 1452
f 1452 301 956
f 956 301 310
f 162 1008 1619
f 544 35 776
f 776 1616 544
f 1052 1491 278
f 76 818 1614
f 1614 1020 76
f 1082 1020 272
f 272 1020 448
f 422 51 1545
f 1592 1494 1125
f 1125 1617 1592
f 1592 1491 1494
f 1024 1491 1592
f 546 611 1614
f 1614 756 546
f 665 1491 1024
f 278 1491 665
f 1411 1550 322
f 322 1550 948
f 506 1411 322
f 322 948 506
f 1405 382 870
f 1405 870 840
f 840 307 1405
f 514 510 1190
f 1190 385 514
f 1190 1607 215
f 510 1607 1190
f 215 617 1190
f 1318 1065 974
f 1261 93 1318
f 1318 764 1261
f 1053 764 1318
f 840 195 583
f 583 1580 840
f 1201 1580 583
f 840 1094 912
f 912 195 840
f 840 870 605
f 605 769 840
f 613 1542 1488
f 1488 1148 613
f 92 1433 826
f 826 613 92
f 92 613 1148
f 464 1433 92
f 92 486 464
f 92 1148 1488
f 1439 486 1
f 1488 433 1077
f 1077 92 1488
f 486 92 1077
f 433 1 1077
f 1077 1 486
f 765 1512 690
f 690 334 765
f 690 926 334
f 982 512 137
f 211 512 982
f 137 72 982
f 1512 512 960
f 926 690 960
f 211 926 960
f 960 512 211
f 966 891 1399
f 664 464 167
f 664 995 464
f 1399 891 463
f 463 1268 1399
f 1164 874 1010
f 1010 1565 1164
f 1010 1407 385
f 617 1565 1010
f 874 1397 1010
f 1010 1397 1407
f 1010 1190 617
f 385 1190 1010
f 629 766 53
f 26 486 1439
f 26 766 486
f 1439 150 26
f 26 150 870
f 870 905 26
f 878 1220 627
f 1393 1549 1103
f 1022 366 1103
f 1103 1549 1022
f 1296 1534 552
f 710 1000 652
f 1249 248 423
f 634 248 1249
f 214 384 189
f 326 421 482
f 586 1195 798
f 1036 1195 586
f 1154 429 856
f 856 429 1171
f 1125 1203 978
f 238 426 7
f 238 691 426
f 1131 426 582
f 426 691 582
f 175 890 1317
f 175 1317 243
f 243 356 175
f 1131 890 1235
f 856 57 1235
f 1235 426 1131
f 57 426 1235
f 58 229 854
f 687 1571 58
f 58 854 687
f 47 320 972
f 972 320 1061
f 972 232 47
f 1061 232 972
f 1248 524 415
f 1594 524 1248
f 1248 415 712
f 712 1594 1248
f 591 1281 54
f 54 234 591
f 506 393 198
f 198 393 863
f 198 1411 506
f 198 93 1411
f 198 1318 93
f 863 1065 198
f 1065 1318 198
f 1396 939 177
f 177 1361 1396
f 177 863 1361
f 177 1065 863
f 177 939 1065
f 764 130 823
f 1469 815 211
f 211 377 1469
f 440 888 1279
f 440 311 888
f 1279 244 440
f 244 311 440
f 751 479 1449
f 1449 479 990
f 1270 1385 283
f 283 479 1270
f 1270 479 1385
f 1340 479 283
f 590 479 1340
f 15 590 1340
f 1388 997 644
f 153 293 1354
f 154 293 153
f 973 1339 202
f 1339 293 202
f 1211 1528 1613
f 1310 304 1100
f 1100 327 1310
f 427 304 169
f 304 1310 169
f 553 425 1100
f 906 425 553
f 156 746 30
f 543 398 659
f 543 550 1306
f 659 550 543
f 1172 996 156
f 1306 906 1172
f 1172 1364 1306
f 156 1364 1172
f 331 304 427
f 230 996 1348
f 230 1079 671
f 156 996 230
f 1348 427 230
f 427 1079 230
f 445 221 711
f 445 711 15
f 228 711 1425
f 711 221 1425
f 119 1122 517
f 1122 652 517
f 1436 699 119
f 119 517 1436
f 144 4 898
f 12 169 207
f 547 12 207
f 843 12 547
f 908 1306 1337
f 1337 542 908
f 908 333 1306
f 908 542 994
f 843 547 908
f 71 427 580
f 580 1385 71
f 427 169 580
f 580 169 260
f 785 223 710
f 1170 994 196
f 196 94 1170
f 1273 603 1234
f 1234 748 1273
f 748 1054 1273
f 1273 680 603
f 95 796 1380
f 1240 1497 575
f 575 796 1240
f 748 527 118
f 3 188 118
f 188 748 118
f 1444 305 1524
f 1415 305 1444
f 1524 1528 1444
f 669 1415 567
f 71 751 428
f 751 245 428
f 428 427 71
f 55 714 866
f 55 866 1624
f 55 587 1293
f 55 1624 932
f 932 587 55
f 1293 140 1562
f 529 971 73
f 529 73 874
f 874 1244 529
f 1244 714 529
f 655 482 1197
f 1197 421 1621
f 1197 482 421
f 1324 1523 1534
f 1324 1534 1296
f 1296 1107 1324
f 795 457 1324
f 971 257 1481
f 257 704 1481
f 809 421 326
f 326 704 809
f 809 704 257
f 1414 1276 1463
f 1414 1463 1338
f 1338 1044 1414
f 889 1169 1276
f 1035 1199 24
f 127 1326 424
f 39 1199 1035
f 1035 24 39
f 1514 1448 15
f 610 489 1514
f 1514 644 685
f 685 1448 1514
f 1514 15 228
f 228 610 1514
f 1236 576 172
f 172 417 1236
f 172 576 1311
f 1311 13 172
f 1413 404 1403
f 1403 630 1413
f 505 1280 96
f 1272 1280 505
f 403 1039 14
f 403 363 1311
f 14 363 403
f 384 579 372
f 199 610 228
f 402 1343 1585
f 402 943 1343
f 1226 579 369
f 369 857 1226
f 1226 857 579
f 299 857 369
f 299 992 140
f 369 992 299
f 60 589 467
f 1217 1047 1556
f 1556 1047 281
f 1373 1420 1556
f 1556 281 1560
f 1560 1373 1556
f 287 123 1461
f 1152 502 46
f 259 1532 46
f 1532 849 46
f 1111 60 399
f 399 502 1111
f 60 394 399
f 660 418 503
f 503 418 107
f 503 1012 660
f 259 46 1055
f 502 1012 1055
f 1055 46 502
f 660 1012 831
f 831 1012 502
f 1048 883 1585
f 559 883 1048
f 1048 1301 559
f 1048 1120 1301
f 1412 1313 80
f 80 1301 1412
f 969 1120 1376
f 565 1406 1376
f 1406 969 1376
f 1412 1120 548
f 548 1120 969
f 335 1165 1151
f 1532 1165 335
f 1151 1403 335
f 335 1403 1236
f 1236 889 335
f 565 1532 1610
f 1610 830 565
f 1406 830 862
f 969 670 803
f 803 670 1286
f 1309 761 1153
f 127 424 1309
f 1309 1153 1001
f 861 713 819
f 998 164 861
f 861 424 693
f 164 424 861
f 861 1326 713
f 79 725 637
f 79 962 568
f 79 637 962
f 819 157 1156
f 1156 157 758
f 758 210 1156
f 210 469 1156
f 1156 469 22
f 22 483 1156
f 1156 483 1321
f 1210 1575 378
f 378 1060 1210
f 1210 1060 1205
f 1210 407 1575
f 1355 1595 99
f 819 713 101
f 101 896 819
f 713 896 101
f 1175 1045 909
f 1406 1045 1175
f 940 1406 1175
f 1567 531 1442
f 531 920 1442
f 314 650 216
f 216 650 531
f 216 1098 314
f 216 531 1284
f 1284 1098 216
f 1557 650 595
f 267 531 1557
f 531 650 1557
f 1037 650 678
f 678 142 1037
f 1037 256 143
f 143 1460 1037
f 1460 650 1037
f 1362 371 267
f 449 414 1368
f 1368 694 449
f 414 1362 1368
f 537 224 668
f 224 1212 668
f 844 142 132
f 256 1037 844
f 844 1037 142
f 132 865 844
f 143 256 844
f 844 865 143
f 1212 1502 282
f 282 810 537
f 282 1502 810
f 563 757 1250
f 757 66 1250
f 1003 49 563
f 563 1250 1003
f 1003 1250 66
f 41 1538 358
f 41 837 1538
f 41 1115 837
f 1590 374 839
f 839 374 242
f 839 242 1371
f 373 450 1297
f 1391 450 373
f 584 140 1293
f 584 265 140
f 1293 587 584
f 587 265 584
f 140 265 435
f 435 265 918
f 1121 1556 364
f 246 654 724
f 1076 246 724
f 724 438 1076
f 1507 942 1186
f 1507 1186 1091
f 1091 438 1507
f 1067 812 855
f 812 313 855
f 313 942 855
f 537 525 1032
f 491 525 1471
f 1569 1543 491
f 491 1032 525
f 1543 1032 491
f 217 1049 481
f 217 1495 1099
f 217 1099 1356
f 217 1398 1049
f 1062 1398 217
f 1356 1062 217
f 481 185 351
f 185 1237 351
f 1174 783 1237
f 103 412 1174
f 1174 412 783
f 1187 783 70
f 1495 217 70
f 481 1187 70
f 70 217 481
f 504 1117 338
f 338 1117 731
f 338 1241 504
f 288 1117 1303
f 1303 919 288
f 25 679 877
f 877 456 25
f 1611 456 1188
f 1611 25 456
f 1360 84 1352
f 84 917 1352
f 1188 89 1352
f 1352 917 1188
f 1341 240 89
f 894 240 1341
f 894 807 1583
f 1395 497 1537
f 497 181 1537
f 1537 170 1395
f 1445 181 697
f 1445 1537 181
f 1390 1537 1445
f 999 244 1587
f 999 828 244
f 1587 1451 999
f 1451 828 999
f 1099 1600 821
f 365 1600 1495
f 365 412 628
f 772 396 500
f 1530 396 772
f 772 500 945
f 945 914 772
f 914 166 772
f 166 1530 772
f 936 227 500
f 500 396 936
f 936 396 1484
f 1316 746 156
f 1316 390 746
f 1349 270 65
f 1349 1619 1013
f 1013 270 1349
f 638 65 980
f 638 767 65
f 362 1443 880
f 880 842 362
f 994 542 1334
f 1334 1101 994
f 759 1101 1334
f 196 1101 1063
f 81 723 135
f 81 868 723
f 723 868 604
f 604 1143 723
f 604 936 1143
f 227 936 604
f 1277 1136 914
f 1501 1136 1277
f 17 914 1608
f 914 1136 1608
f 341 17 1608
f 1608 379 341
f 1608 1136 379
f 131 1501 1178
f 1178 1450 131
f 1501 1018 1178
f 1018 1450 1178
f 916 1533 1422
f 1204 1254 1064
f 1127 44 1064
f 1064 44 1204
f 40 1127 1064
f 1064 51 40
f 715 737 679
f 715 338 731
f 1241 338 715
f 1476 301 1127
f 1476 1127 40
f 310 301 1476
f 507 1307 192
f 1307 1274 192
f 1596 401 436
f 436 1274 1596
f 436 192 1274
f 498 158 698
f 860 44 495
f 495 44 1353
f 430 149 554
f 672 149 430
f 1253 319 924
f 5 319 1253
f 1253 924 1257
f 1257 5 1253
f 1452 988 111
f 160 1446 1008
f 35 1008 1006
f 1008 1446 1006
f 1619 1358 976
f 976 162 1619
f 1358 454 976
f 50 1303 976
f 697 36 1531
f 1531 1445 697
f 1531 36 108
f 1214 272 600
f 51 422 1350
f 513 422 1545
f 1082 422 513
f 859 278 1614
f 859 1290 278
f 278 1290 409
f 465 1318 974
f 465 870 1053
f 1053 1318 465
f 1399 1268 247
f 1161 690 1512
f 1512 960 1161
f 1268 463 1017
f 87 1256 52
f 52 296 87
f 413 296 52
f 124 1256 1022
f 1022 1549 124
f 629 53 657
f 1083 629 657
f 657 499 1083
f 766 26 276
f 1220 878 979
f 710 223 1228
f 223 1081 1228
f 1228 1000 710
f 627 1220 1155
f 1155 1040 627
f 1393 1103 786
f 786 360 1393
f 1040 360 104
f 360 786 104
f 627 1040 104
f 104 182 627
f 252 182 104
f 1041 182 252
f 451 492 100
f 795 482 1517
f 1517 482 100
f 1517 964 795
f 1558 1228 627
f 470 19 702
f 702 517 470
f 470 517 652
f 833 370 634
f 634 1232 833
f 190 189 384
f 1375 189 798
f 1498 482 655
f 709 586 798
f 814 586 709
f 798 189 709
f 709 189 814
f 856 1110 1031
f 1031 1154 856
f 1345 431 856
f 856 1171 1345
f 566 431 1345
f 1125 978 558
f 566 203 558
f 558 97 566
f 675 175 356
f 675 1110 856
f 856 1235 675
f 554 1110 675
f 675 356 554
f 890 175 675
f 675 1235 890
f 1389 54 1281
f 764 823 1515
f 1351 990 851
f 1351 1449 990
f 851 669 1351
f 669 1449 1351
f 596 173 154
f 154 153 596
f 970 263 156
f 156 30 970
f 829 543 1306
f 398 543 829
f 427 996 1106
f 1106 331 427
f 671 1134 938
f 938 1134 930
f 405 652 1122
f 710 652 405
f 405 146 710
f 699 1436 1043
f 1043 612 699
f 811 612 1043
f 121 1425 221
f 480 612 811
f 811 1170 480
f 480 1170 94
f 902 12 898
f 169 12 902
f 898 4 902
f 260 169 902
f 4 580 902
f 902 580 260
f 1588 12 843
f 333 908 901
f 901 908 547
f 1385 580 1347
f 1347 580 4
f 1347 144 1385
f 4 144 1347
f 1604 785 710
f 1591 1153 95
f 95 1380 1591
f 1528 1211 521
f 521 1444 1528
f 923 567 245
f 669 567 923
f 923 245 751
f 751 1449 923
f 923 1449 669
f 1613 427 1367
f 427 428 1367
f 1367 1211 1613
f 233 257 971
f 971 529 233
f 233 529 1621
f 233 809 257
f 1621 421 233
f 421 809 233
f 1137 1195 1036
f 493 1562 140
f 140 1554 493
f 1554 1197 493
f 493 1197 1621
f 1621 529 493
f 493 529 714
f 714 55 493
f 493 55 1293
f 1293 1562 493
f 140 437 487
f 487 1540 140
f 48 1554 140
f 140 1540 48
f 1291 1324 457
f 1523 1324 1291
f 578 394 60
f 60 834 578
f 453 834 60
f 453 1420 1373
f 1276 1414 1262
f 1262 889 1276
f 1262 1595 1355
f 1372 1007 1295
f 1372 1175 1007
f 1313 803 1372
f 1372 803 1286
f 933 1326 127
f 933 24 658
f 713 1326 933
f 933 896 713
f 933 955 896
f 1199 39 716
f 716 39 24
f 716 933 127
f 24 933 716
f 1370 688 355
f 127 1309 1370
f 1370 1309 1001
f 1001 527 1370
f 1370 527 748
f 1243 1231 681
f 681 489 610
f 681 1514 489
f 1231 1514 681
f 236 1280 775
f 236 1423 1280
f 1403 1280 1141
f 1280 1423 1141
f 1525 1280 910
f 1280 287 910
f 910 287 1461
f 1418 589 384
f 384 372 1418
f 1343 114 1266
f 60 1343 1266
f 1266 367 60
f 1343 943 961
f 961 114 1343
f 1314 384 1586
f 963 1231 1243
f 1585 883 963
f 610 199 29
f 60 467 752
f 752 453 60
f 1420 453 752
f 1462 1556 1221
f 1221 1556 1420
f 1221 1553 1462
f 1221 467 1553
f 155 467 589
f 579 1553 155
f 1553 467 155
f 918 265 801
f 907 418 1294
f 1294 1255 907
f 1560 281 391
f 281 907 391
f 907 1255 391
f 205 1055 1012
f 1563 831 887
f 887 831 502
f 1560 1563 887
f 887 1373 1560
f 488 80 1313
f 937 80 1030
f 1301 80 937
f 792 1376 1120
f 1111 502 597
f 1343 1258 1612
f 1585 1343 1612
f 1258 597 1612
f 1506 335 392
f 392 335 1193
f 1058 335 889
f 1193 335 1058
f 1532 335 91
f 91 1610 1532
f 444 424 164
f 444 1309 424
f 791 861 693
f 1326 861 791
f 693 424 791
f 791 424 1326
f 819 1156 836
f 836 861 819
f 725 861 836
f 750 1156 1321
f 1180 725 750
f 750 836 1156
f 1527 99 1028
f 1028 557 1527
f 1028 99 1595
f 845 557 1028
f 1028 719 845
f 1547 1044 845
f 845 719 1547
f 835 1175 909
f 157 896 835
f 835 909 1527
f 835 1527 758
f 758 157 835
f 789 933 658
f 955 933 789
f 344 1442 920
f 920 1456 344
f 344 334 1567
f 1567 1442 344
f 1513 617 1582
f 1002 344 1456
f 1002 1456 920
f 334 344 1002
f 1002 617 215
f 1002 1582 617
f 694 1557 984
f 449 694 984
f 984 442 183
f 183 779 984
f 984 779 449
f 694 1368 1088
f 1088 1368 1362
f 1088 1557 694
f 267 1557 1088
f 1088 1362 267
f 1544 654 246
f 1544 648 654
f 654 648 159
f 352 1508 159
f 159 648 352
f 400 864 352
f 537 1032 345
f 345 1032 1543
f 345 224 537
f 689 1471 1581
f 689 491 1471
f 1581 1569 689
f 1569 491 689
f 1328 1187 481
f 481 351 1328
f 1237 1187 1328
f 1346 365 1495
f 412 365 1346
f 1495 70 191
f 191 70 783
f 191 1346 1495
f 783 412 191
f 412 1346 191
f 731 1117 1441
f 1441 1117 288
f 622 715 731
f 737 715 622
f 1237 737 1026
f 737 179 1026
f 103 1174 1026
f 1026 1174 1237
f 609 1303 50
f 919 1303 609
f 50 976 609
f 1360 679 31
f 679 25 31
f 31 84 1360
f 1548 917 84
f 893 240 1360
f 1360 1352 893
f 89 240 893
f 893 1352 89
f 508 1124 813
f 813 1341 89
f 813 1188 508
f 813 89 1188
f 1520 807 894
f 894 1341 1520
f 1124 807 1520
f 1078 807 573
f 573 1583 1078
f 1078 1583 807
f 1360 894 1487
f 1084 1537 1390
f 1390 1445 625
f 625 409 51
f 625 1531 1052
f 1445 1531 625
f 625 1052 278
f 278 409 625
f 90 1600 1369
f 90 821 1600
f 1458 1207 147
f 147 1207 105
f 147 396 1458
f 615 640 1099
f 1099 821 615
f 105 640 615
f 615 90 105
f 821 90 615
f 1292 458 1369
f 471 676 606
f 471 717 676
f 676 717 561
f 561 916 676
f 135 676 523
f 676 410 523
f 227 410 1025
f 1025 410 676
f 500 227 762
f 762 916 500
f 1114 916 762
f 1260 1623 1619
f 1619 1349 1260
f 336 219 1606
f 1606 219 1269
f 1606 1033 336
f 1619 1623 1275
f 708 88 1275
f 980 723 353
f 703 342 985
f 985 1419 1484
f 1484 396 985
f 396 673 985
f 1225 1063 1570
f 1570 1063 1101
f 275 1225 784
f 275 1063 1225
f 784 672 275
f 672 370 275
f 275 833 206
f 370 833 275
f 1181 1277 914
f 676 916 439
f 439 916 1114
f 551 1064 1254
f 551 1583 573
f 1204 1241 1323
f 1241 715 1323
f 1015 679 1360
f 1015 715 679
f 1015 1254 1204
f 1204 1323 1015
f 1015 1323 715
f 507 192 904
f 1615 436 401
f 698 158 1615
f 1615 44 698
f 401 44 1615
f 817 498 507
f 158 498 817
f 507 904 817
f 473 1353 860
f 860 495 473
f 473 495 1353
f 729 111 988
f 968 1117 740
f 162 976 720
f 720 976 1303
f 1303 1160 720
f 1142 272 448
f 1142 1564 272
f 272 1564 112
f 1011 760 112
f 112 1476 1011
f 310 1476 112
f 1215 600 1271
f 1215 1214 600
f 109 1577 51
f 51 409 109
f 109 1112 1577
f 541 1405 307
f 382 1405 541
f 32 605 870
f 1400 258 346
f 755 258 1400
f 656 639 223
f 966 197 1259
f 891 966 1259
f 1259 197 995
f 995 664 1259
f 1305 340 514
f 514 1407 1305
f 1305 1407 87
f 87 296 1305
f 348 1017 1500
f 1500 1017 463
f 1500 2 348
f 552 1041 1173
f 1173 1041 252
f 1296 552 1173
f 627 952 20
f 20 451 627
f 462 451 100
f 462 1113 627
f 627 451 462
f 649 1517 100
f 627 1113 478
f 478 1558 627
f 1000 1228 231
f 1228 1558 231
f 68 1232 634
f 68 1249 1477
f 634 1249 68
f 346 258 68
f 68 150 346
f 68 1477 150
f 1387 846 120
f 223 94 1416
f 1416 94 196
f 1416 1387 223
f 1416 846 1387
f 21 212 303
f 303 212 684
f 303 490 814
f 303 189 21
f 814 189 303
f 1036 586 28
f 21 189 1489
f 189 190 1489
f 1489 190 384
f 189 1375 1227
f 1227 213 214
f 214 189 1227
f 702 1498 1510
f 1222 1498 655
f 655 28 1222
f 1222 28 490
f 824 558 203
f 934 1389 1074
f 54 1389 934
f 1074 184 934
f 1102 823 130
f 1102 1515 823
f 1102 130 496
f 781 1515 1102
f 734 781 1102
f 506 734 1102
f 496 393 1102
f 1102 393 506
f 651 445 15
f 15 1340 651
f 651 1340 283
f 283 1385 651
f 221 445 651
f 651 677 221
f 201 1388 644
f 269 230 671
f 671 938 269
f 1285 938 930
f 1285 269 938
f 156 230 1285
f 230 269 1285
f 1385 144 10
f 10 651 1385
f 677 651 10
f 221 677 1162
f 1320 148 943
f 384 148 1320
f 321 1157 199
f 943 1157 981
f 981 1320 943
f 1157 321 981
f 168 480 94
f 168 1604 710
f 12 1588 1202
f 1202 1588 843
f 843 302 1202
f 1479 908 994
f 843 908 1479
f 1479 302 843
f 994 1170 954
f 126 1170 811
f 811 466 126
f 642 1137 1036
f 1036 28 642
f 642 28 655
f 1130 1197 1554
f 1130 1137 1197
f 1295 955 530
f 530 1372 1295
f 955 789 530
f 460 34 1199
f 1231 34 460
f 1199 27 460
f 460 27 644
f 644 1514 460
f 460 1514 1231
f 1372 530 1198
f 727 1109 883
f 1525 910 875
f 1551 148 384
f 384 1314 1551
f 883 1109 446
f 446 963 883
f 117 29 199
f 117 402 1585
f 1585 963 117
f 117 963 1243
f 801 151 261
f 1332 151 801
f 1056 205 1012
f 1056 313 653
f 1376 792 16
f 16 849 1532
f 1111 597 911
f 911 597 1258
f 502 1120 695
f 695 597 502
f 1120 1048 695
f 1355 862 113
f 113 1262 1355
f 113 862 830
f 889 1262 113
f 113 1058 889
f 830 1610 1485
f 343 381 862
f 343 862 1355
f 725 79 264
f 264 861 725
f 264 79 568
f 998 861 264
f 264 568 998
f 725 836 545
f 545 750 725
f 836 750 545
f 1440 835 896
f 1175 835 1440
f 896 955 1440
f 1007 1175 1440
f 267 1620 1021
f 1021 620 267
f 1504 531 267
f 267 620 1504
f 1504 920 531
f 1504 620 255
f 1504 255 539
f 853 539 1513
f 1513 1582 853
f 853 1504 539
f 853 1582 920
f 920 1504 853
f 1582 1002 707
f 1438 950 1264
f 1264 950 334
f 334 1002 1264
f 1264 1085 1438
f 1264 1607 1085
f 215 1607 1264
f 1264 1002 215
f 595 442 556
f 442 984 556
f 556 1557 595
f 556 984 1557
f 1029 907 281
f 281 1047 1029
f 352 648 519
f 519 400 352
f 163 1121 1383
f 1121 1166 1383
f 251 351 1237
f 1237 1328 251
f 251 1328 351
f 1135 179 737
f 737 622 1135
f 1382 1026 179
f 1382 219 1430
f 103 1026 1382
f 919 609 1473
f 1473 976 454
f 1473 609 976
f 515 1160 1303
f 1168 1548 84
f 1168 31 1611
f 84 31 1168
f 1168 1611 1188
f 1341 813 808
f 808 1520 1341
f 808 813 1124
f 1124 1520 808
f 894 1583 511
f 511 1487 894
f 1583 551 511
f 1537 1084 316
f 316 551 573
f 1064 551 316
f 316 573 170
f 170 1537 316
f 51 1064 316
f 316 625 51
f 174 147 884
f 396 147 174
f 1092 147 105
f 884 147 1092
f 105 90 1092
f 1092 90 884
f 1206 365 628
f 628 1292 1206
f 1206 1292 365
f 1369 1600 368
f 1600 365 368
f 1589 528 227
f 227 1025 1589
f 227 528 1177
f 339 219 336
f 703 219 339
f 1073 219 288
f 1269 219 1073
f 1033 1606 1505
f 919 88 1470
f 288 919 1470
f 1470 88 708
f 1623 1606 867
f 867 1606 1269
f 569 985 342
f 703 985 408
f 408 219 703
f 1430 219 408
f 723 1143 915
f 915 1252 723
f 82 1181 1018
f 1277 1181 82
f 82 1018 1501
f 1501 1277 82
f 1312 1018 989
f 989 598 1312
f 1283 916 1422
f 500 916 1283
f 698 273 386
f 386 498 698
f 797 968 740
f 1499 1303 1117
f 1117 968 1499
f 272 112 1574
f 1574 112 760
f 778 1215 1271
f 1271 51 778
f 51 1350 778
f 778 1350 422
f 1577 1112 1192
f 818 1577 1192
f 1614 818 1192
f 271 307 1083
f 271 541 307
f 870 465 145
f 145 32 870
f 639 1139 1417
f 1417 701 639
f 1417 755 328
f 1417 1139 755
f 755 1139 1267
f 223 639 239
f 639 701 239
f 239 1539 1081
f 239 1081 223
f 581 328 1399
f 1399 701 581
f 581 1417 328
f 701 1417 581
f 223 1387 967
f 967 656 223
f 1387 1232 967
f 1232 68 967
f 1464 59 1474
f 1474 790 1464
f 247 59 357
f 1399 247 357
f 357 701 1399
f 1464 790 329
f 329 979 1464
f 1220 979 329
f 348 2 1218
f 1218 413 348
f 1218 296 413
f 413 52 1529
f 1529 1493 413
f 413 1493 1429
f 1040 1155 806
f 1155 1429 806
f 499 657 799
f 799 53 766
f 766 276 799
f 799 657 53
f 1083 499 799
f 799 271 1083
f 100 492 736
f 736 649 100
f 100 482 1622
f 482 18 1622
f 1526 652 1000
f 1000 1622 1526
f 1526 1622 18
f 482 1498 1068
f 702 19 1068
f 1068 1498 702
f 1387 120 1140
f 1140 120 275
f 1140 275 206
f 684 212 277
f 277 1510 684
f 702 1510 277
f 814 490 1179
f 490 28 1179
f 1179 586 814
f 1179 28 586
f 1125 558 102
f 558 824 102
f 993 201 644
f 1095 201 993
f 1335 1436 1384
f 1436 1213 1384
f 1122 612 871
f 871 881 1122
f 226 405 1122
f 1122 881 226
f 384 1320 599
f 662 199 228
f 662 321 199
f 476 1042 1436
f 121 1042 476
f 1320 981 1216
f 1216 476 1436
f 1216 1436 517
f 1425 121 633
f 1365 168 94
f 1604 168 1365
f 892 520 710
f 710 146 892
f 480 520 1189
f 612 480 1189
f 1189 871 612
f 520 892 1189
f 811 1335 935
f 935 1288 466
f 935 466 811
f 935 975 302
f 302 1288 935
f 1482 954 1170
f 1197 1137 869
f 1137 642 869
f 655 1197 869
f 869 642 655
f 739 24 1199
f 1199 1163 739
f 1199 34 110
f 110 1163 1199
f 34 1198 110
f 266 488 1313
f 1313 1372 266
f 1372 1198 266
f 1231 306 266
f 266 34 1231
f 266 1198 34
f 266 727 937
f 266 937 1030
f 266 306 1109
f 1109 727 266
f 1525 875 816
f 897 209 816
f 816 209 1378
f 1378 618 816
f 943 148 1282
f 1282 1087 943
f 1087 1282 1004
f 337 961 943
f 943 1087 337
f 29 117 1149
f 801 261 549
f 858 1121 364
f 364 1556 858
f 1556 151 858
f 623 1056 653
f 205 1056 623
f 849 16 501
f 501 16 792
f 830 1485 1509
f 1509 335 1506
f 381 343 895
f 920 1582 732
f 1582 707 732
f 732 1002 920
f 732 707 1002
f 1263 570 907
f 907 1029 1263
f 1076 570 1263
f 1076 1263 1069
f 1069 1263 1029
f 1556 1121 900
f 1217 1556 900
f 900 1047 1217
f 900 1029 1047
f 1602 1383 1166
f 1034 864 1602
f 400 1383 1602
f 864 400 1602
f 1602 265 1034
f 1602 801 265
f 822 622 731
f 822 1135 622
f 731 1441 822
f 1441 1135 822
f 673 1382 608
f 1431 1382 179
f 219 1382 1431
f 288 219 1431
f 179 1135 1431
f 1431 1441 288
f 1431 1135 1441
f 1008 515 1299
f 1299 515 1303
f 1487 511 56
f 1254 1015 56
f 56 551 1254
f 56 511 551
f 1360 1487 56
f 56 1015 1360
f 1182 1084 1390
f 1182 316 1084
f 1390 625 1182
f 625 316 1182
f 884 458 67
f 67 174 884
f 458 1292 67
f 67 1292 628
f 628 412 67
f 1492 412 103
f 1492 67 412
f 174 67 1492
f 200 90 1369
f 1369 458 200
f 884 90 200
f 365 1292 1374
f 1374 368 365
f 250 762 227
f 227 1177 250
f 560 1505 1606
f 767 1505 560
f 65 767 560
f 1619 1275 106
f 1275 1185 106
f 286 1275 88
f 286 1185 1275
f 315 1275 1623
f 1623 867 315
f 342 577 572
f 312 342 703
f 312 577 342
f 1419 985 291
f 985 569 291
f 598 989 841
f 754 1283 176
f 754 1183 500
f 500 1283 754
f 176 1283 1472
f 1472 841 176
f 598 841 1472
f 686 273 1336
f 686 386 273
f 1336 729 686
f 686 729 988
f 663 778 422
f 974 1065 1410
f 1377 258 755
f 755 1267 1377
f 878 1539 249
f 249 979 878
f 928 59 247
f 928 1474 59
f 574 1429 1493
f 574 806 1429
f 1118 18 482
f 482 1068 1118
f 1578 949 318
f 318 949 201
f 318 201 1095
f 318 1370 355
f 536 10 144
f 958 1213 1436
f 1436 1042 958
f 1572 121 221
f 1572 1042 121
f 384 599 1050
f 509 1216 981
f 476 1216 509
f 599 1216 23
f 9 599 23
f 23 1216 517
f 1521 633 121
f 321 633 1521
f 1521 981 321
f 747 935 1335
f 975 935 747
f 302 975 747
f 747 1202 302
f 954 1482 317
f 317 1482 1288
f 317 1288 302
f 658 24 459
f 24 739 459
f 1163 110 721
f 721 1198 530
f 721 110 1198
f 897 816 1315
f 1315 816 875
f 1586 60 1541
f 1541 1004 1586
f 60 367 1541
f 1586 1004 827
f 872 117 1243
f 872 1149 117
f 441 549 186
f 1289 441 186
f 186 631 1289
f 1238 549 441
f 918 801 1238
f 801 549 1238
f 1519 726 1057
f 1057 1602 1519
f 1519 1602 1166
f 1519 858 726
f 1519 1166 1121
f 1121 858 1519
f 151 1332 922
f 922 858 151
f 335 1509 632
f 632 1509 1485
f 381 895 45
f 45 895 909
f 909 1045 45
f 564 1069 1029
f 1029 900 564
f 564 1121 163
f 564 900 1121
f 1496 1382 1430
f 1496 608 1382
f 1430 408 1496
f 1496 408 985
f 1496 985 673
f 673 608 1496
f 538 160 1008
f 1008 1299 538
f 538 797 160
f 735 1492 103
f 103 1382 735
f 735 1382 673
f 876 673 396
f 396 174 876
f 174 1492 876
f 876 735 673
f 1492 735 876
f 1386 569 342
f 1252 569 1386
f 723 1252 1386
f 1251 1145 848
f 342 572 1251
f 1251 353 723
f 723 1145 1251
f 452 577 767
f 1434 663 422
f 1434 422 1082
f 1082 272 1434
f 272 1214 1434
f 1184 145 465
f 1539 239 134
f 134 249 1539
f 1199 716 98
f 98 716 127
f 1023 318 355
f 1578 318 1023
f 585 1384 221
f 585 536 1384
f 221 1162 585
f 443 536 144
f 1503 599 9
f 1503 1050 599
f 636 753 384
f 384 1050 636
f 702 753 636
f 526 1004 1282
f 526 827 1004
f 968 797 416
f 873 1386 342
f 848 1386 873
f 848 1145 33
f 33 1386 848
f 353 1251 773
f 773 1251 572
f 577 452 1014
f 767 638 647
f 647 452 767
f 1410 1184 1158
f 1158 1184 465
f 1158 465 974
f 974 1410 1158
f 1370 318 983
f 127 1370 983
f 983 98 127
f 536 443 494
f 898 12 494
f 12 1202 494
f 1384 536 494
f 1335 1384 494
f 494 747 1335
f 1202 747 494
f 284 517 702
f 702 636 284
f 797 538 1090
f 1090 416 797
f 472 572 577
f 577 1014 472
f 898 494 395
f 395 494 443
f 1196 768 332
f 1209 411 1196
f 1196 903 1209
f 411 768 1196
f 1128 903 1196
f 1546 780 1486
f 115 1546 1486
f 1486 780 1359
f 262 285 325
f 325 1325 262
f 262 1138 323
f 951 285 262
f 262 85 951
f 262 1325 1138
f 899 777 738
f 738 1319 899
f 1329 802 899
f 899 802 619
f 619 777 899
f 899 1319 1516
f 485 793 1276
f 1276 793 1463
f 705 57 431
f 431 57 856
f 734 1550 468
f 468 1104 734
f 468 1550 93
f 1601 953 804
f 516 419 804
f 804 419 125
f 804 953 516
f 1613 1528 305
f 8 602 305
f 305 987 1613
f 305 1528 1524
f 305 602 987
f 1490 1339 359
f 359 1194 957
f 359 1339 309
f 309 1194 359
f 136 141 225
f 225 141 122
f 193 43 1421
f 193 787 138
f 1421 787 193
f 138 1357 193
f 193 1331 43
f 1357 1522 193
f 1191 210 643
f 1338 469 1191
f 1191 469 210
f 352 242 374
f 374 1424 1536
f 374 621 352
f 1536 621 374
f 347 432 1322
f 1322 432 170
f 237 42 1116
f 1116 744 237
f 1573 42 237
f 744 1005 237
f 268 1308 319
f 319 149 300
f 1308 149 319
f 1024 1592 665
f 611 546 665
f 665 1617 611
f 665 756 278
f 665 1592 1617
f 665 546 756
f 982 72 211
f 423 308 1249
f 1249 308 692
f 692 1477 1249
f 243 1317 582
f 582 7 243
f 582 890 1131
f 582 238 7
f 1317 890 582
f 691 238 582
f 58 1402 1576
f 1576 229 58
f 58 641 616
f 616 1402 58
f 1571 641 58
f 1469 377 290
f 1469 290 815
f 202 293 601
f 741 973 202
f 202 601 741
f 119 699 612
f 612 1122 119
f 1273 1054 455
f 1273 749 680
f 455 375 1273
f 1568 749 1273
f 1273 375 1568
f 1481 1324 1107
f 947 971 1481
f 326 482 1481
f 1481 482 795
f 1481 350 947
f 795 1324 1481
f 1107 350 1481
f 1481 704 326
f 1605 1169 889
f 889 1598 1605
f 1236 1598 889
f 774 165 172
f 172 13 774
f 165 417 172
f 1151 1165 505
f 1333 1272 505
f 404 1413 505
f 96 404 505
f 505 1165 1333
f 505 630 1151
f 505 1413 630
f 1075 380 287
f 287 1280 1075
f 380 123 287
f 803 1313 1412
f 1412 548 803
f 803 548 969
f 1205 235 1210
f 1210 289 407
f 235 289 1210
f 1362 534 371
f 414 534 1362
f 282 668 1212
f 537 668 282
f 1003 66 1471
f 1003 1471 49
f 839 812 832
f 1371 1518 839
f 832 1590 839
f 839 450 812
f 1584 450 839
f 839 1518 1584
f 880 759 1334
f 1334 542 880
f 554 248 430
f 634 370 430
f 430 248 634
f 430 370 672
f 513 1020 1082
f 818 76 513
f 1545 1577 513
f 513 1577 818
f 513 76 1020
f 1161 960 690
f 197 613 826
f 1399 1129 197
f 826 1433 197
f 197 1433 995
f 197 1129 1542
f 1542 613 197
f 197 966 1399
f 558 978 1203
f 1491 1052 558
f 108 97 558
f 558 1203 253
f 253 139 558
f 558 139 1494
f 1494 1491 558
f 558 1531 108
f 1052 1531 558
f 635 37 1389
f 1389 730 1074
f 1389 1281 635
f 37 730 1389
f 1515 781 1261
f 1261 764 1515
f 596 153 1354
f 1354 173 596
f 970 1224 178
f 178 263 970
f 970 941 1224
f 746 941 970
f 970 30 746
f 829 1364 1086
f 1306 1364 829
f 1086 398 829
f 1106 553 1100
f 1100 304 1106
f 1106 1172 906
f 906 553 1106
f 996 1172 1106
f 304 331 1106
f 1043 1436 1335
f 1043 1335 811
f 991 333 901
f 207 169 901
f 901 425 991
f 327 425 901
f 901 1310 327
f 901 169 1310
f 901 547 207
f 3 118 1591
f 1591 1497 3
f 1001 1153 1591
f 1591 575 1497
f 1591 527 1001
f 1591 1380 796
f 796 575 1591
f 1591 118 527
f 1367 521 1211
f 1367 567 1415
f 1415 1444 1367
f 1367 428 245
f 245 567 1367
f 1444 521 1367
f 1372 670 940
f 940 1175 1372
f 1286 670 1372
f 1234 603 1370
f 603 688 1370
f 1370 748 1234
f 1141 403 1311
f 1311 576 1141
f 1141 576 1403
f 775 1039 1141
f 1141 236 775
f 1039 403 1141
f 1423 236 1141
f 1221 752 467
f 1420 752 1221
f 155 372 579
f 589 1418 155
f 155 1418 372
f 660 831 391
f 391 1563 1560
f 391 831 1563
f 391 418 660
f 391 1294 418
f 1255 1294 391
f 394 578 887
f 887 399 394
f 887 453 1373
f 502 399 887
f 887 578 834
f 834 453 887
f 1552 95 444
f 761 1309 444
f 444 164 1552
f 95 761 444
f 1126 1180 750
f 750 1038 1126
f 750 1321 1038
f 1595 1262 1547
f 1547 1028 1595
f 1547 1414 1044
f 1547 1262 1414
f 719 1028 1547
f 159 129 1535
f 1508 129 159
f 159 1535 1067
f 1067 855 159
f 159 1507 438
f 438 724 159
f 159 724 654
f 942 1507 159
f 159 855 942
f 1543 1457 345
f 345 1457 224
f 25 1611 31
f 606 1533 561
f 561 471 606
f 1533 916 561
f 717 471 561
f 523 81 135
f 523 410 227
f 227 604 523
f 868 81 523
f 523 604 868
f 1570 1101 1009
f 1009 1443 1570
f 1570 842 1225
f 1443 362 1570
f 1570 362 842
f 192 436 817
f 817 1615 158
f 817 904 192
f 436 1615 817
f 698 742 729
f 729 301 1452
f 729 742 1127
f 1127 301 729
f 1452 111 729
f 729 273 698
f 1336 273 729
f 540 956 112
f 448 540 112
f 112 956 310
f 112 1142 448
f 1564 1142 112
f 1439 1 1400
f 1400 346 1439
f 1400 433 755
f 1400 1 433
f 1539 878 627
f 627 1228 1539
f 1539 1228 1081
f 1173 1327 1296
f 1173 104 786
f 366 187 1173
f 252 104 1173
f 1173 187 1327
f 1173 1103 366
f 1173 786 1103
f 196 1063 1416
f 1063 275 1416
f 1416 120 846
f 275 120 1416
f 490 303 1222
f 1222 303 684
f 684 1510 1222
f 1222 1510 1498
f 934 555 1366
f 1366 234 934
f 184 555 934
f 234 54 934
f 930 390 1285
f 1285 1316 156
f 390 1316 1285
f 520 168 710
f 480 168 520
f 1130 1375 798
f 1195 1137 1130
f 1130 437 213
f 798 1195 1130
f 1130 487 437
f 1554 48 1130
f 213 1227 1130
f 1540 487 1130
f 1130 48 1540
f 1130 1227 1375
f 559 1301 727
f 1301 937 727
f 727 883 559
f 446 306 1231
f 1231 963 446
f 1109 306 446
f 117 1157 943
f 943 402 117
f 199 1157 117
f 107 1091 1056
f 1056 1186 313
f 1091 1186 1056
f 1056 503 107
f 1012 503 1056
f 16 1532 565
f 565 1376 16
f 911 1343 60
f 911 60 1111
f 911 1258 1343
f 1585 1612 695
f 695 1048 1585
f 695 1612 597
f 1295 1007 1440
f 1440 955 1295
f 1021 1620 1513
f 1513 539 1021
f 539 255 1021
f 255 620 1021
f 162 720 515
f 1008 162 515
f 515 720 1160
f 917 1548 1168
f 1188 917 1168
f 797 776 35
f 740 1616 797
f 35 1006 797
f 1616 776 797
f 1446 160 797
f 797 1006 1446
f 1271 600 1574
f 40 1271 1574
f 600 272 1574
f 1574 1476 40
f 1011 1476 1574
f 1574 760 1011
f 1290 859 1192
f 1192 859 1614
f 1192 409 1290
f 1192 109 409
f 1112 109 1192
f 1218 463 891
f 167 340 1218
f 1218 664 167
f 340 1305 1218
f 891 1259 1218
f 1218 1259 664
f 1218 1500 463
f 1218 1305 296
f 2 1500 1218
f 799 26 905
f 799 905 382
f 382 541 799
f 799 276 26
f 541 271 799
f 964 1517 736
f 736 552 1534
f 736 1066 964
f 952 182 736
f 457 1066 736
f 736 1291 457
f 1534 1523 736
f 182 1041 736
f 736 1041 552
f 492 451 736
f 736 20 952
f 1523 1291 736
f 451 20 736
f 1517 649 736
f 1622 478 1113
f 1622 462 100
f 1000 231 1622
f 1113 462 1622
f 1558 478 1622
f 1622 231 1558
f 1140 1232 1387
f 206 833 1140
f 1140 833 1232
f 277 1489 384
f 277 753 702
f 384 753 277
f 277 212 21
f 21 1489 277
f 102 1031 1110
f 102 1110 1125
f 566 1345 102
f 429 1154 102
f 102 1171 429
f 102 203 566
f 1154 1031 102
f 102 1345 1171
f 102 824 203
f 1216 599 1320
f 633 662 228
f 228 1425 633
f 321 662 633
f 223 785 1365
f 1365 94 223
f 785 1604 1365
f 405 226 1189
f 146 405 1189
f 881 871 1189
f 1189 226 881
f 1189 892 146
f 1170 126 1482
f 1482 126 466
f 466 1288 1482
f 80 488 266
f 1030 80 266
f 816 116 882
f 358 116 816
f 816 41 358
f 882 1525 816
f 618 1115 816
f 1115 41 816
f 623 1096 825
f 653 1096 623
f 259 1055 623
f 623 825 259
f 1055 205 623
f 501 1120 1152
f 501 792 1120
f 1152 46 501
f 501 46 849
f 1506 392 1509
f 1509 113 830
f 1509 392 1193
f 1193 1058 1509
f 1058 113 1509
f 1355 99 895
f 1527 909 895
f 895 99 1527
f 895 343 1355
f 200 458 884
f 1369 368 1374
f 1374 1292 1369
f 1114 762 250
f 250 1025 676
f 676 439 250
f 528 1589 250
f 250 439 1114
f 250 1589 1025
f 250 1177 528
f 560 1606 1623
f 560 1349 65
f 1623 1260 560
f 560 1260 1349
f 286 454 1358
f 286 1358 1619
f 919 1473 286
f 286 88 919
f 286 1473 454
f 1619 106 286
f 286 106 1185
f 315 1073 288
f 288 1470 315
f 708 1275 315
f 1269 1073 315
f 315 1470 708
f 315 867 1269
f 336 1033 312
f 767 577 312
f 312 1505 767
f 312 339 336
f 1033 1505 312
f 703 339 312
f 1484 1419 291
f 291 936 1484
f 291 915 1143
f 1143 936 291
f 291 569 1252
f 1252 915 291
f 945 1183 754
f 754 914 945
f 754 1181 914
f 1018 1181 754
f 176 841 754
f 754 989 1018
f 754 841 989
f 1312 598 1472
f 1472 1422 1312
f 1472 1283 1422
f 388 1307 686
f 686 1404 388
f 686 1247 1404
f 686 1307 507
f 959 1247 686
f 686 988 959
f 507 498 686
f 498 386 686
f 1377 68 258
f 639 656 1377
f 1377 1139 639
f 656 967 1377
f 1377 1267 1139
f 1377 967 68
f 928 1155 1220
f 928 1017 348
f 348 413 928
f 928 247 1268
f 1268 1017 928
f 1220 329 928
f 413 1429 928
f 790 1474 928
f 928 329 790
f 928 1429 1155
f 574 1549 1393
f 1256 124 574
f 1393 360 574
f 574 52 1256
f 1040 806 574
f 574 360 1040
f 574 124 1549
f 574 1529 52
f 1493 1529 574
f 1118 470 652
f 19 470 1118
f 652 1526 1118
f 1118 1526 18
f 1118 1068 19
f 1572 1384 1213
f 221 1384 1572
f 1213 958 1572
f 1572 958 1042
f 121 476 1521
f 1521 509 981
f 476 509 1521
f 302 1479 317
f 317 1479 994
f 994 954 317
f 658 459 721
f 721 789 658
f 721 530 789
f 721 739 1163
f 721 459 739
f 1315 373 1297
f 1297 1378 1315
f 1378 209 1315
f 1461 1391 1315
f 1315 910 1461
f 1391 373 1315
f 1315 209 897
f 1315 875 910
f 1541 1266 114
f 367 1266 1541
f 114 961 1541
f 961 337 1541
f 1087 1004 1541
f 1541 337 1087
f 1243 681 872
f 872 681 610
f 610 29 872
f 29 1149 872
f 1447 631 186
f 186 1553 1447
f 1462 1553 186
f 186 261 151
f 186 1556 1462
f 186 151 1556
f 186 549 261
f 1238 299 140
f 140 435 1238
f 1238 1289 532
f 532 1016 1238
f 1016 857 1238
f 857 299 1238
f 1238 435 918
f 1238 441 1289
f 922 1332 801
f 922 1602 1057
f 1057 726 922
f 726 858 922
f 801 1602 922
f 632 1485 1610
f 632 91 335
f 1610 91 632
f 45 1045 1406
f 1406 862 45
f 862 381 45
f 163 1383 564
f 564 246 1076
f 564 1544 246
f 648 1544 564
f 564 519 648
f 400 519 564
f 564 1383 400
f 1076 1069 564
f 1215 778 1434
f 1214 1215 1434
f 778 663 1434
f 1094 769 1184
f 1184 1065 1201
f 1201 583 1184
f 1184 912 1094
f 1184 583 195
f 195 912 1184
f 769 605 1184
f 605 32 1184
f 32 145 1184
f 1184 1410 1065
f 1464 979 134
f 701 357 134
f 134 59 1464
f 134 357 59
f 134 239 701
f 979 249 134
f 997 1388 1023
f 355 997 1023
f 1388 201 1023
f 201 949 1023
f 1023 949 1578
f 585 1162 677
f 677 10 585
f 10 536 585
f 526 1314 1586
f 148 1551 526
f 526 1551 1314
f 526 1282 148
f 1586 827 526
f 873 1251 848
f 342 1251 873
f 723 1386 33
f 33 1145 723
f 644 27 983
f 983 318 1095
f 983 27 1199
f 983 993 644
f 1095 993 983
f 1199 98 983
f 284 1503 9
f 9 23 284
f 284 23 517
f 1050 1503 284
f 284 636 1050
f 1090 1499 968
f 1303 1499 1090
f 1090 1299 1303
f 1090 538 1299
f 968 416 1090
f 980 353 472
f 472 638 980
f 472 647 638
f 353 773 472
f 472 773 572
f 472 1014 452
f 452 647 472
f 395 443 144
f 395 144 898

